{
    "time_duration": 4499.469483000001,
    "total_photons": 7,
    "q1q3_com_distance": 127.98971736041916,
    "moments_of_inertia": [
        54688.7926579374,
        162471.72356329093,
        208321.67463591436
    ]
}