{
    "time_duration": 5225.636719000002,
    "total_photons": 60,
    "q1q3_com_distance": 573.3821827759289,
    "moments_of_inertia": [
        376881.5117456559,
        4366398.881283056,
        4429375.63097129
    ]
}