{
    "time_duration": 3135.2840269999997,
    "total_photons": 876,
    "q1q3_com_distance": 74.93787615194789,
    "moments_of_inertia": [
        1402763.1512527098,
        4185149.1846293653,
        4321316.398386646
    ]
}