{
    "time_duration": 6873.269531000002,
    "total_photons": 439,
    "q1q3_com_distance": 299.65249107130694,
    "moments_of_inertia": [
        4160617.9630023614,
        16701075.65998005,
        18005174.66944491
    ]
}