{
    "time_duration": 1064.3178719999996,
    "total_photons": 5,
    "q1q3_com_distance": 166.73234239343017,
    "moments_of_inertia": [
        2830.1246914132644,
        41483.493079999986,
        38653.36838858668
    ]
}