{
    "time_duration": 3351.4858400000003,
    "total_photons": 60,
    "q1q3_com_distance": 106.7926280539374,
    "moments_of_inertia": [
        343024.74435932207,
        864659.0722390267,
        1032212.1925683188
    ]
}