{
    "time_duration": 9881.455077999999,
    "total_photons": 2967,
    "q1q3_com_distance": 341.6494315668369,
    "moments_of_inertia": [
        17030902.430733815,
        103939438.08239724,
        101448291.15963914
    ]
}