{
    "time_duration": 7466.6550290000005,
    "total_photons": 2070,
    "q1q3_com_distance": 739.184213059171,
    "moments_of_inertia": [
        6793952.851439621,
        223118346.61437565,
        223531925.90797445
    ]
}