{
    "time_duration": 2360.4775390000004,
    "total_photons": 2143,
    "q1q3_com_distance": 45.87655417320993,
    "moments_of_inertia": [
        2633334.2038334245,
        4053591.2512867195,
        3665304.6094357115
    ]
}