{
    "time_duration": 3942.101562,
    "total_photons": 88,
    "q1q3_com_distance": 502.8315166122284,
    "moments_of_inertia": [
        197893.1918155132,
        4428079.573782857,
        4451828.882899358
    ]
}