{
    "time_duration": 6729.911133,
    "total_photons": 1254,
    "q1q3_com_distance": 333.03999112994615,
    "moments_of_inertia": [
        9333744.709658042,
        53211554.791277915,
        51888725.62108795
    ]
}