{
    "time_duration": 4810.286865,
    "total_photons": 377,
    "q1q3_com_distance": 62.499729799278086,
    "moments_of_inertia": [
        331035.1584459513,
        1666011.5741190598,
        1790324.5264609829
    ]
}