{
    "time_duration": 6333.109284,
    "total_photons": 5156,
    "q1q3_com_distance": 707.2466905026429,
    "moments_of_inertia": [
        11001454.802082181,
        600647482.1570095,
        601873848.1679634
    ]
}