{
    "time_duration": 8047.051269,
    "total_photons": 2391,
    "q1q3_com_distance": 938.4599016842986,
    "moments_of_inertia": [
        11642908.4075436,
        363102580.020856,
        362126445.7346923
    ]
}