{
    "time_duration": 9894.243164,
    "total_photons": 2119,
    "q1q3_com_distance": 571.4510240231539,
    "moments_of_inertia": [
        12139811.228134722,
        151181247.4967433,
        153315967.791441
    ]
}