{
    "time_duration": 2809.7079919999996,
    "total_photons": 1112,
    "q1q3_com_distance": 62.36658192156196,
    "moments_of_inertia": [
        2371866.957881205,
        4563029.566951273,
        5116762.251837671
    ]
}