{
    "time_duration": 7122.802734000001,
    "total_photons": 13937,
    "q1q3_com_distance": 113.41621012340207,
    "moments_of_inertia": [
        62207332.17035866,
        267881694.82460132,
        243068835.93071815
    ]
}