{
    "time_duration": 6854.1607970000005,
    "total_photons": 9095,
    "q1q3_com_distance": 53.988477750433184,
    "moments_of_inertia": [
        22498239.43632198,
        12728264.518608633,
        17392587.488499686
    ]
}