{
    "time_duration": 4432.408203999999,
    "total_photons": 34,
    "q1q3_com_distance": 630.5159051938888,
    "moments_of_inertia": [
        170407.00865124958,
        3017337.0685854973,
        3091876.9282514853
    ]
}