{
    "time_duration": 5472.896667999999,
    "total_photons": 1863,
    "q1q3_com_distance": 51.01644153610397,
    "moments_of_inertia": [
        8123062.993372178,
        10429090.31495187,
        13402557.867846003
    ]
}