{
    "time_duration": 4042.2724000000003,
    "total_photons": 1700,
    "q1q3_com_distance": 115.99120163081452,
    "moments_of_inertia": [
        2687111.2667679284,
        14311034.10467005,
        14817362.480319558
    ]
}