{
    "time_duration": 6396.439452999999,
    "total_photons": 5013,
    "q1q3_com_distance": 403.5385777885624,
    "moments_of_inertia": [
        18300730.770590574,
        221835354.57512206,
        226216104.75806582
    ]
}