{
    "time_duration": 5805.134521,
    "total_photons": 1119,
    "q1q3_com_distance": 141.7470557624089,
    "moments_of_inertia": [
        8259451.837829895,
        13176462.964786062,
        14819337.39597028
    ]
}