{
    "time_duration": 4763.7421879999965,
    "total_photons": 139,
    "q1q3_com_distance": 53.812372031657176,
    "moments_of_inertia": [
        472276.6996772301,
        1231429.3055576244,
        1340747.760788167
    ]
}