{
    "time_duration": 7143.908813999999,
    "total_photons": 1705,
    "q1q3_com_distance": 251.83277101173314,
    "moments_of_inertia": [
        10785492.943853877,
        46166440.03056952,
        45010991.6597783
    ]
}