{
    "time_duration": 4553.5380860000005,
    "total_photons": 1192,
    "q1q3_com_distance": 902.7998897982768,
    "moments_of_inertia": [
        2073429.0114704985,
        186354258.53808662,
        186457100.42426184
    ]
}