{
    "time_duration": 9622.695069,
    "total_photons": 9054,
    "q1q3_com_distance": 706.6510572547529,
    "moments_of_inertia": [
        26194751.719700694,
        955660377.7956623,
        961946165.4668932
    ]
}