{
    "time_duration": 4180.905761999999,
    "total_photons": 13,
    "q1q3_com_distance": 721.9898042110581,
    "moments_of_inertia": [
        118155.4109498132,
        1185573.7570575962,
        1265026.274700283
    ]
}