{
    "time_duration": 7337.6943360000005,
    "total_photons": 1390,
    "q1q3_com_distance": 60.60842805285409,
    "moments_of_inertia": [
        8074783.01373576,
        20759457.09276223,
        18082090.869607214
    ]
}