{
    "time_duration": 8488.133118,
    "total_photons": 3489,
    "q1q3_com_distance": 866.5678766916309,
    "moments_of_inertia": [
        27844238.53147596,
        537589779.9633608,
        532966192.7971066
    ]
}