{
    "time_duration": 5201.7724610000005,
    "total_photons": 463,
    "q1q3_com_distance": 314.1912567322066,
    "moments_of_inertia": [
        1632437.0785583388,
        11102044.133729309,
        11305407.671350379
    ]
}