{
    "time_duration": 2997.9477530000004,
    "total_photons": 11,
    "q1q3_com_distance": 73.55351944143945,
    "moments_of_inertia": [
        94981.6904964876,
        70292.36349415238,
        39829.40859117819
    ]
}