{
    "time_duration": 3590.2255859999987,
    "total_photons": 145,
    "q1q3_com_distance": 447.7785383050038,
    "moments_of_inertia": [
        338705.1294877706,
        8088090.812325798,
        8122525.154534021
    ]
}