{
    "time_duration": 4074.5625,
    "total_photons": 294,
    "q1q3_com_distance": 239.3731960374267,
    "moments_of_inertia": [
        1054033.6404615622,
        4791232.607387516,
        5027754.977033226
    ]
}