{
    "time_duration": 2795.8441169999996,
    "total_photons": 14,
    "q1q3_com_distance": 65.31126056240218,
    "moments_of_inertia": [
        53436.34429590087,
        203215.62584731457,
        149805.5406424988
    ]
}