{
    "time_duration": 5904.280456,
    "total_photons": 279,
    "q1q3_com_distance": 690.205892458688,
    "moments_of_inertia": [
        2801683.0539256334,
        28470675.676437434,
        27887959.966125872
    ]
}