{
    "time_duration": 4961.839844000002,
    "total_photons": 88,
    "q1q3_com_distance": 502.8134294276654,
    "moments_of_inertia": [
        597037.3737942372,
        6275636.428196406,
        6548767.607013898
    ]
}