{
    "time_duration": 6222.90625,
    "total_photons": 911,
    "q1q3_com_distance": 306.6944821791432,
    "moments_of_inertia": [
        6937982.537194744,
        25131955.705904823,
        27213892.399714954
    ]
}