{
    "time_duration": 5011.404784999999,
    "total_photons": 13947,
    "q1q3_com_distance": 46.773966731758705,
    "moments_of_inertia": [
        33187792.09440887,
        86145605.45300613,
        81036345.12947914
    ]
}