{
    "time_duration": 675.060547000001,
    "total_photons": 6,
    "q1q3_com_distance": 70.83932894233281,
    "moments_of_inertia": [
        8105.795299712103,
        152639.6392391229,
        158908.0230944982
    ]
}