{
    "time_duration": 6304.998444,
    "total_photons": 21837,
    "q1q3_com_distance": 158.5063264047164,
    "moments_of_inertia": [
        21696250.445833564,
        681094183.2325658,
        682322445.084431
    ]
}