{
    "time_duration": 8209.05249,
    "total_photons": 1785,
    "q1q3_com_distance": 661.2822490148694,
    "moments_of_inertia": [
        7707163.766523749,
        152140889.4881699,
        151567544.91455087
    ]
}