{
    "time_duration": 2620.4091800000006,
    "total_photons": 41,
    "q1q3_com_distance": 87.37148595310083,
    "moments_of_inertia": [
        399980.86538246815,
        315287.41929042013,
        161105.74553199022
    ]
}