{
    "time_duration": 6144.812988,
    "total_photons": 5907,
    "q1q3_com_distance": 95.03429094661027,
    "moments_of_inertia": [
        37364739.17662765,
        60279487.22674044,
        75803453.55810882
    ]
}