{
    "time_duration": 1917.65625,
    "total_photons": 102,
    "q1q3_com_distance": 53.42677759929912,
    "moments_of_inertia": [
        83736.89520044177,
        480590.3093168418,
        396853.42131997144
    ]
}