{
    "time_duration": 3997.804687,
    "total_photons": 31,
    "q1q3_com_distance": 671.269837959883,
    "moments_of_inertia": [
        109532.44325784361,
        2895002.032689932,
        2927351.943768352
    ]
}