{
    "time_duration": 6721.749999999999,
    "total_photons": 7937,
    "q1q3_com_distance": 244.74585442701425,
    "moments_of_inertia": [
        56348588.879880905,
        187304872.10697284,
        210103311.89429235
    ]
}