{
    "time_duration": 4909.578125,
    "total_photons": 385,
    "q1q3_com_distance": 295.78742018652406,
    "moments_of_inertia": [
        1508030.2249641363,
        12482390.48663502,
        12787149.686375901
    ]
}