{
    "time_duration": 6259.309631,
    "total_photons": 1543,
    "q1q3_com_distance": 55.8858111099614,
    "moments_of_inertia": [
        10159116.20946953,
        23178826.744573053,
        17599711.08356622
    ]
}