{
    "time_duration": 2239.501952999999,
    "total_photons": 12,
    "q1q3_com_distance": 250.3692712996369,
    "moments_of_inertia": [
        95483.41305987386,
        364445.28950757475,
        338929.4927325517
    ]
}