{
    "time_duration": 7230.505661,
    "total_photons": 1415,
    "q1q3_com_distance": 105.09761463813236,
    "moments_of_inertia": [
        12186383.88467522,
        16711772.435108064,
        17849521.89775848
    ]
}