{
    "time_duration": 5690.577393,
    "total_photons": 13090,
    "q1q3_com_distance": 640.4710150867955,
    "moments_of_inertia": [
        26694277.697324514,
        1054625722.0141294,
        1059080991.7392042
    ]
}