{
    "time_duration": 5019.726563,
    "total_photons": 465,
    "q1q3_com_distance": 480.5224296283652,
    "moments_of_inertia": [
        966303.1880141869,
        20553685.264110446,
        20755016.133247413
    ]
}