{
    "time_duration": 6487.681641,
    "total_photons": 2208,
    "q1q3_com_distance": 638.9012761543289,
    "moments_of_inertia": [
        4610070.259653181,
        186956067.45076802,
        187982017.88114077
    ]
}