{
    "time_duration": 2275.615234,
    "total_photons": 3820,
    "q1q3_com_distance": 6.28918550629664,
    "moments_of_inertia": [
        840548.3389628502,
        2592233.4512992203,
        2313779.3074141173
    ]
}