{
    "time_duration": 4240.139282,
    "total_photons": 748,
    "q1q3_com_distance": 121.04010847777103,
    "moments_of_inertia": [
        703954.2491016267,
        7689057.189006484,
        7801188.489010604
    ]
}