{
    "time_duration": 5667.472657000002,
    "total_photons": 462,
    "q1q3_com_distance": 385.5079705071374,
    "moments_of_inertia": [
        2033512.4274070784,
        17203018.7908107,
        16549537.810781356
    ]
}