{
    "time_duration": 8089.0375970000005,
    "total_photons": 1324,
    "q1q3_com_distance": 720.8859318085549,
    "moments_of_inertia": [
        5134038.126647264,
        139470617.8110137,
        140126600.45093226
    ]
}