{
    "time_duration": 5079.333984000001,
    "total_photons": 1219,
    "q1q3_com_distance": 274.75567256172917,
    "moments_of_inertia": [
        2695187.8279181346,
        21053132.47507701,
        21807653.649519056
    ]
}