{
    "time_duration": 5826.42749,
    "total_photons": 3928,
    "q1q3_com_distance": 559.5997923134543,
    "moments_of_inertia": [
        15246896.658517927,
        254734733.96138427,
        258114314.354038
    ]
}