{
    "time_duration": 8958.50415,
    "total_photons": 2888,
    "q1q3_com_distance": 635.7751166009637,
    "moments_of_inertia": [
        13288460.890624791,
        236181953.40695632,
        236963902.86188278
    ]
}