{
    "time_duration": 5399.182618,
    "total_photons": 1374,
    "q1q3_com_distance": 318.8098338119066,
    "moments_of_inertia": [
        4124652.0535642803,
        41349593.69986936,
        40994887.39093154
    ]
}