{
    "time_duration": 3407.041992999999,
    "total_photons": 41,
    "q1q3_com_distance": 600.3886766423662,
    "moments_of_inertia": [
        76195.33828779124,
        3138507.0311040077,
        3153185.409476497
    ]
}