{
    "time_duration": 4161.833984999999,
    "total_photons": 83,
    "q1q3_com_distance": 248.23727597491612,
    "moments_of_inertia": [
        471707.8752563121,
        2085939.4602566357,
        2148531.6254942804
    ]
}