{
    "time_duration": 6619.837463,
    "total_photons": 2323,
    "q1q3_com_distance": 77.65304337852099,
    "moments_of_inertia": [
        21562470.26341245,
        29393021.932626855,
        43033974.776298575
    ]
}