{
    "time_duration": 6027.867675999999,
    "total_photons": 2360,
    "q1q3_com_distance": 145.29103667436465,
    "moments_of_inertia": [
        17190849.335285306,
        63985285.65903492,
        62480969.3389602
    ]
}