{
    "time_duration": 6050.7005309999995,
    "total_photons": 3080,
    "q1q3_com_distance": 553.1723170127474,
    "moments_of_inertia": [
        20310313.168501288,
        229885628.27747145,
        233793197.4596635
    ]
}