{
    "time_duration": 9469.892822,
    "total_photons": 6810,
    "q1q3_com_distance": 728.7118428997068,
    "moments_of_inertia": [
        31927677.09169817,
        771456910.9040422,
        776041296.6526937
    ]
}