{
    "time_duration": 5606.474609000001,
    "total_photons": 6215,
    "q1q3_com_distance": 322.6508467949259,
    "moments_of_inertia": [
        21093994.04376608,
        180571506.4092642,
        185109031.7599782
    ]
}