{
    "time_duration": 3607.3574219999996,
    "total_photons": 14,
    "q1q3_com_distance": 126.16906150578276,
    "moments_of_inertia": [
        63915.119650273264,
        257143.38863184067,
        210877.9759750289
    ]
}