{
    "time_duration": 7118.445312,
    "total_photons": 3807,
    "q1q3_com_distance": 165.37111447645384,
    "moments_of_inertia": [
        31292530.268533483,
        83718743.74094626,
        86396860.39205304
    ]
}