{
    "time_duration": 9538.613037000001,
    "total_photons": 3185,
    "q1q3_com_distance": 199.8593229451224,
    "moments_of_inertia": [
        6464309.715681598,
        74336818.49175301,
        70419819.99453045
    ]
}