{
    "time_duration": 9318.007812999998,
    "total_photons": 1528,
    "q1q3_com_distance": 240.22612840911196,
    "moments_of_inertia": [
        9399491.154438734,
        53968562.866540834,
        56800667.791478485
    ]
}