{
    "time_duration": 3120.583496,
    "total_photons": 150,
    "q1q3_com_distance": 80.81695004950807,
    "moments_of_inertia": [
        287360.10463685414,
        902329.3488510539,
        933371.9289800919
    ]
}