{
    "time_duration": 2221.6289070000003,
    "total_photons": 7,
    "q1q3_com_distance": 8.509999999999764,
    "moments_of_inertia": [
        7579.516849650492,
        78467.17794285725,
        70887.6610932067
    ]
}