{
    "time_duration": 4550.750977,
    "total_photons": 541,
    "q1q3_com_distance": 557.8841071673263,
    "moments_of_inertia": [
        1595278.3907857402,
        36986183.97902115,
        37054890.73247262
    ]
}