{
    "time_duration": 5444.488281000001,
    "total_photons": 250,
    "q1q3_com_distance": 38.209468415150525,
    "moments_of_inertia": [
        1907636.4010359962,
        5056373.807460808,
        4336496.98867599
    ]
}