{
    "time_duration": 11904.047118999999,
    "total_photons": 12351,
    "q1q3_com_distance": 405.6036799870355,
    "moments_of_inertia": [
        92019261.46277112,
        625360295.1308256,
        646993627.4503154
    ]
}