{
    "time_duration": 3138.6289069999984,
    "total_photons": 55,
    "q1q3_com_distance": 396.6870604327748,
    "moments_of_inertia": [
        74053.86188791599,
        2155119.6722880644,
        2102584.2737585674
    ]
}