{
    "time_duration": 5834.997558,
    "total_photons": 171,
    "q1q3_com_distance": 325.55708519756746,
    "moments_of_inertia": [
        1121436.9705567788,
        5362019.737655354,
        4819175.258248684
    ]
}