{
    "time_duration": 5667.655884,
    "total_photons": 817,
    "q1q3_com_distance": 264.004875569213,
    "moments_of_inertia": [
        4006946.0048491172,
        19826629.992212124,
        20425654.450679265
    ]
}