{
    "time_duration": 5844.885742,
    "total_photons": 604,
    "q1q3_com_distance": 662.2420861331951,
    "moments_of_inertia": [
        2100503.43628675,
        55015261.238529816,
        54834072.70951421
    ]
}