{
    "time_duration": 4665.688964999999,
    "total_photons": 1106,
    "q1q3_com_distance": 583.6658909561228,
    "moments_of_inertia": [
        4214981.582864165,
        86105049.56553626,
        86618572.81404127
    ]
}