{
    "time_duration": 3389.992676,
    "total_photons": 48,
    "q1q3_com_distance": 90.70782818723232,
    "moments_of_inertia": [
        260292.2780040446,
        379819.8617491227,
        350879.25859683234
    ]
}