{
    "time_duration": 8323.948974,
    "total_photons": 1003,
    "q1q3_com_distance": 355.0967423396028,
    "moments_of_inertia": [
        5479195.11327846,
        38081432.55228331,
        38971246.555815674
    ]
}