{
    "time_duration": 3687.9755860000005,
    "total_photons": 313,
    "q1q3_com_distance": 241.73421355068726,
    "moments_of_inertia": [
        401362.8166447291,
        6308310.842448742,
        6044449.369946792
    ]
}