{
    "time_duration": 5347.837890999999,
    "total_photons": 290,
    "q1q3_com_distance": 467.252388930751,
    "moments_of_inertia": [
        896688.5804883298,
        12960391.209156474,
        12851748.14695243
    ]
}