{
    "time_duration": 11647.979248,
    "total_photons": 10123,
    "q1q3_com_distance": 560.7274482161974,
    "moments_of_inertia": [
        22660155.46647966,
        943383060.1201473,
        944262360.8983818
    ]
}