{
    "time_duration": 7999.160644999999,
    "total_photons": 329,
    "q1q3_com_distance": 51.06217083296377,
    "moments_of_inertia": [
        1998365.7374581387,
        4513797.9733914705,
        3897916.918309048
    ]
}