{
    "time_duration": 1108.8735350000006,
    "total_photons": 5,
    "q1q3_com_distance": 145.27906335738783,
    "moments_of_inertia": [
        23265.380025669525,
        100464.54902277925,
        110000.93263155122
    ]
}