{
    "time_duration": 6078.930596,
    "total_photons": 41883,
    "q1q3_com_distance": 62.70879052542744,
    "moments_of_inertia": [
        199344578.60855326,
        153237358.4495637,
        148423052.1724975
    ]
}