{
    "time_duration": 4803.7143559999995,
    "total_photons": 104,
    "q1q3_com_distance": 245.43974142578017,
    "moments_of_inertia": [
        681983.1490304628,
        2706505.504758522,
        2325430.7277917843
    ]
}