{
    "time_duration": 3367.7431639999995,
    "total_photons": 41,
    "q1q3_com_distance": 58.154908606025636,
    "moments_of_inertia": [
        193031.02612866263,
        579333.4112038956,
        528009.5376137833
    ]
}