{
    "time_duration": 1577.1201170000004,
    "total_photons": 26,
    "q1q3_com_distance": 42.10195099459193,
    "moments_of_inertia": [
        26558.157382423815,
        161220.84944615414,
        134662.6920637301
    ]
}