{
    "time_duration": 3018.772705,
    "total_photons": 46,
    "q1q3_com_distance": 160.36685333080004,
    "moments_of_inertia": [
        487832.2923685745,
        419954.1597613334,
        132583.7274005271
    ]
}