{
    "time_duration": 3679.931732,
    "total_photons": 1196,
    "q1q3_com_distance": 55.92827294167169,
    "moments_of_inertia": [
        2464987.1595913097,
        3879717.132143329,
        3654037.816748472
    ]
}