{
    "time_duration": 7030.963379,
    "total_photons": 1297,
    "q1q3_com_distance": 283.2748287875661,
    "moments_of_inertia": [
        5494336.225469433,
        38772989.31674891,
        40461475.661508076
    ]
}