{
    "time_duration": 2271.2678220000003,
    "total_photons": 10,
    "q1q3_com_distance": 131.59741659909432,
    "moments_of_inertia": [
        83125.96469998907,
        37426.049943515034,
        55098.189356495895
    ]
}