{
    "time_duration": 7198.378906,
    "total_photons": 4692,
    "q1q3_com_distance": 484.52834793387973,
    "moments_of_inertia": [
        17500216.38583058,
        254359697.90860292,
        259750989.84850395
    ]
}