{
    "time_duration": 3476.3623049999987,
    "total_photons": 62,
    "q1q3_com_distance": 85.05913791344354,
    "moments_of_inertia": [
        366317.12440001447,
        650924.5593304766,
        557066.4773695096
    ]
}