{
    "time_duration": 7625.075927999999,
    "total_photons": 337,
    "q1q3_com_distance": 1078.10024025766,
    "moments_of_inertia": [
        1352774.1277524433,
        70957582.47298494,
        70901268.14262399
    ]
}