{
    "time_duration": 5984.226211,
    "total_photons": 25617,
    "q1q3_com_distance": 52.80133133979491,
    "moments_of_inertia": [
        60662401.7430225,
        89105520.90814959,
        97982959.63962992
    ]
}