{
    "time_duration": 6294.994354,
    "total_photons": 5717,
    "q1q3_com_distance": 536.3760242728612,
    "moments_of_inertia": [
        34543415.917978644,
        368351038.5795309,
        364265013.2330447
    ]
}