{
    "time_duration": 5789.392089000001,
    "total_photons": 6,
    "q1q3_com_distance": 771.9520789692842,
    "moments_of_inertia": [
        36236.49170754617,
        836796.5916409598,
        800644.5085848279
    ]
}