{
    "time_duration": 4712.808593999999,
    "total_photons": 37,
    "q1q3_com_distance": 531.1318858047346,
    "moments_of_inertia": [
        248047.48659642064,
        2006020.6948419062,
        2187613.966280591
    ]
}