{
    "time_duration": 2123.571778,
    "total_photons": 7,
    "q1q3_com_distance": 89.77655261815325,
    "moments_of_inertia": [
        43097.461485024454,
        144000.14742566078,
        167553.26063217208
    ]
}