{
    "time_duration": 4821.203124999999,
    "total_photons": 27285,
    "q1q3_com_distance": 72.4492451731492,
    "moments_of_inertia": [
        58933307.30826065,
        126065106.66524538,
        122408005.7011379
    ]
}