{
    "time_duration": 4328.954224,
    "total_photons": 40,
    "q1q3_com_distance": 79.02023063747671,
    "moments_of_inertia": [
        279095.1592191042,
        840537.9470763401,
        645237.7007745557
    ]
}