{
    "time_duration": 7032.107421999999,
    "total_photons": 1559,
    "q1q3_com_distance": 415.19957799804774,
    "moments_of_inertia": [
        16409437.418376356,
        78593567.111876,
        87548422.16474801
    ]
}