{
    "time_duration": 5403.793946,
    "total_photons": 86,
    "q1q3_com_distance": 534.6351669169724,
    "moments_of_inertia": [
        679118.8934880262,
        6118007.868080529,
        5923353.293103542
    ]
}