{
    "time_duration": 8306.470702999999,
    "total_photons": 15,
    "q1q3_com_distance": 71.11985543784482,
    "moments_of_inertia": [
        65474.78760164912,
        491360.8664335164,
        451322.5015915016
    ]
}