{
    "time_duration": 2747.878905999998,
    "total_photons": 58,
    "q1q3_com_distance": 499.6509095896633,
    "moments_of_inertia": [
        56026.34190005547,
        2419970.473534889,
        2410738.5212029866
    ]
}