{
    "time_duration": 3502.4675289999996,
    "total_photons": 2022,
    "q1q3_com_distance": 288.86107046504316,
    "moments_of_inertia": [
        6247915.787073426,
        39968428.33228029,
        40585606.87341955
    ]
}