{
    "time_duration": 3563.6767579999996,
    "total_photons": 67,
    "q1q3_com_distance": 142.9391989224137,
    "moments_of_inertia": [
        448170.0999264,
        1172201.238364085,
        1258572.3270468283
    ]
}