{
    "time_duration": 10087.758545,
    "total_photons": 9041,
    "q1q3_com_distance": 791.2595379720545,
    "moments_of_inertia": [
        57729832.93453646,
        1186612189.5451002,
        1194828016.8174
    ]
}