{
    "time_duration": 8417.039398,
    "total_photons": 5963,
    "q1q3_com_distance": 714.5594212068361,
    "moments_of_inertia": [
        41337239.520015,
        721909019.126059,
        731419957.8775762
    ]
}