{
    "time_duration": 3139.856567,
    "total_photons": 295,
    "q1q3_com_distance": 170.77441850484615,
    "moments_of_inertia": [
        710963.3732566452,
        2676979.0997123243,
        2560797.615555771
    ]
}