{
    "time_duration": 841.915528,
    "total_photons": 4,
    "q1q3_com_distance": 119.79807385763762,
    "moments_of_inertia": [
        3280.6604789492812,
        19040.501175000012,
        15759.840696050713
    ]
}