{
    "time_duration": 3478.0341800000006,
    "total_photons": 121,
    "q1q3_com_distance": 523.6183209193988,
    "moments_of_inertia": [
        578693.0721467193,
        8426575.080033638,
        8358569.517439485
    ]
}