{
    "time_duration": 6919.572265999996,
    "total_photons": 840,
    "q1q3_com_distance": 612.3541370089807,
    "moments_of_inertia": [
        4855774.952025935,
        77940351.85075171,
        79250576.99409354
    ]
}