{
    "time_duration": 6377.001465,
    "total_photons": 2242,
    "q1q3_com_distance": 445.66110092225495,
    "moments_of_inertia": [
        8346136.366253734,
        147378151.37676844,
        149026332.05323952
    ]
}