{
    "time_duration": 1964.6008299999999,
    "total_photons": 8,
    "q1q3_com_distance": 134.36284279889296,
    "moments_of_inertia": [
        22866.497195445074,
        113310.82038770385,
        90448.82196685112
    ]
}