{
    "time_duration": 5128.7709970000005,
    "total_photons": 1426,
    "q1q3_com_distance": 228.785281984853,
    "moments_of_inertia": [
        5459460.677664284,
        33283790.28117341,
        33771009.62738362
    ]
}