{
    "time_duration": 5868.496582,
    "total_photons": 191,
    "q1q3_com_distance": 438.4604580280491,
    "moments_of_inertia": [
        1397569.0564315915,
        11535546.78092535,
        12118397.566965578
    ]
}