{
    "time_duration": 6866.40918,
    "total_photons": 355,
    "q1q3_com_distance": 776.277326655322,
    "moments_of_inertia": [
        1255724.2725298703,
        40147348.135686174,
        39825328.40639467
    ]
}