{
    "time_duration": 9327.029296,
    "total_photons": 37066,
    "q1q3_com_distance": 232.9605701765654,
    "moments_of_inertia": [
        213095556.30252194,
        1110861460.1228578,
        1125633257.8187034
    ]
}