{
    "time_duration": 4012.568360000001,
    "total_photons": 114,
    "q1q3_com_distance": 99.88801277885355,
    "moments_of_inertia": [
        683427.0874807115,
        2598892.431459259,
        2472210.832114415
    ]
}