{
    "time_duration": 3966.5527349999975,
    "total_photons": 574,
    "q1q3_com_distance": 363.23484567664957,
    "moments_of_inertia": [
        1069205.2496905178,
        20613778.95333913,
        20690029.912989523
    ]
}