{
    "time_duration": 4187.928954999999,
    "total_photons": 372,
    "q1q3_com_distance": 98.83596420830308,
    "moments_of_inertia": [
        830408.5637154416,
        2998241.2221977096,
        2418721.245916419
    ]
}