{
    "time_duration": 3263.6225590000004,
    "total_photons": 918,
    "q1q3_com_distance": 98.27333635319779,
    "moments_of_inertia": [
        1246708.1372985072,
        5411012.872012429,
        4553868.796616737
    ]
}