{
    "time_duration": 5377.9599610000005,
    "total_photons": 1028,
    "q1q3_com_distance": 603.1536373642354,
    "moments_of_inertia": [
        3349846.7488395423,
        71426250.6080791,
        71806798.10983463
    ]
}