{
    "time_duration": 8272.083984,
    "total_photons": 14480,
    "q1q3_com_distance": 491.76421319408263,
    "moments_of_inertia": [
        41458011.011202216,
        883066452.4978832,
        879065303.0585724
    ]
}