{
    "time_duration": 4022.925780999998,
    "total_photons": 15,
    "q1q3_com_distance": 230.87138894035783,
    "moments_of_inertia": [
        231520.99899235187,
        501541.1051184548,
        657889.230449193
    ]
}