{
    "time_duration": 4207.175537,
    "total_photons": 968,
    "q1q3_com_distance": 76.61038368036583,
    "moments_of_inertia": [
        1537172.1840042481,
        5218013.779572072,
        4025218.572179678
    ]
}