{
    "time_duration": 8493.700278999999,
    "total_photons": 164113,
    "q1q3_com_distance": 70.21933594206189,
    "moments_of_inertia": [
        887719870.5105984,
        1224557509.2116373,
        1125290076.994934
    ]
}