{
    "time_duration": 6197.012694999999,
    "total_photons": 5598,
    "q1q3_com_distance": 544.4643056710493,
    "moments_of_inertia": [
        18163683.135379136,
        355308672.12081015,
        358951462.2025271
    ]
}