{
    "time_duration": 1788.068604,
    "total_photons": 7,
    "q1q3_com_distance": 151.63976177111286,
    "moments_of_inertia": [
        10527.935609447704,
        52801.47402772681,
        49252.75196282551
    ]
}