{
    "time_duration": 2451.654907,
    "total_photons": 6,
    "q1q3_com_distance": 99.11748596993363,
    "moments_of_inertia": [
        12915.732819654084,
        49061.027480346005,
        61976.760300000074
    ]
}