{
    "time_duration": 4007.989502,
    "total_photons": 54,
    "q1q3_com_distance": 798.2628864593853,
    "moments_of_inertia": [
        177993.26927778497,
        8504273.87705807,
        8582995.995653033
    ]
}