{
    "time_duration": 9868.718139,
    "total_photons": 16603,
    "q1q3_com_distance": 564.0483932949971,
    "moments_of_inertia": [
        99277121.61371946,
        1121039436.365708,
        1129457557.7876694
    ]
}