{
    "time_duration": 2363.609375,
    "total_photons": 16,
    "q1q3_com_distance": 528.361906083321,
    "moments_of_inertia": [
        21430.512605765638,
        706884.7174157187,
        707951.2828035157
    ]
}