{
    "time_duration": 5340.8017580000005,
    "total_photons": 2091,
    "q1q3_com_distance": 430.2255566547442,
    "moments_of_inertia": [
        6145001.316303402,
        83590294.27023815,
        84050797.06947732
    ]
}