{
    "time_duration": 4720.3323359999995,
    "total_photons": 272,
    "q1q3_com_distance": 84.59142777636495,
    "moments_of_inertia": [
        914513.6478824627,
        1768065.6442598796,
        1888347.1858863384
    ]
}