{
    "time_duration": 2413.645996,
    "total_photons": 381,
    "q1q3_com_distance": 37.167289261627275,
    "moments_of_inertia": [
        351226.2346076411,
        1136968.4004956854,
        899527.3989176723
    ]
}