{
    "time_duration": 1748.192505,
    "total_photons": 64,
    "q1q3_com_distance": 63.69289214783854,
    "moments_of_inertia": [
        470225.952888126,
        231398.84551088186,
        260976.4691572419
    ]
}