{
    "time_duration": 8979.48352,
    "total_photons": 64100,
    "q1q3_com_distance": 222.96658827112586,
    "moments_of_inertia": [
        99653713.70117211,
        2027958379.1930172,
        2025548501.6682413
    ]
}