{
    "time_duration": 6281.198853,
    "total_photons": 2574,
    "q1q3_com_distance": 616.2285386198128,
    "moments_of_inertia": [
        7842420.450251728,
        197938549.8009769,
        198628500.86418444
    ]
}