{
    "time_duration": 739.1386719999991,
    "total_photons": 4,
    "q1q3_com_distance": 136.15999999999985,
    "moments_of_inertia": [
        10138.813999999978,
        10138.813999999978,
        0.0
    ]
}