{
    "time_duration": 955.3789059999999,
    "total_photons": 8,
    "q1q3_com_distance": 139.16264126912813,
    "moments_of_inertia": [
        24373.983164142322,
        137276.6258999413,
        112906.50588591657
    ]
}