{
    "time_duration": 454.3554689999946,
    "total_photons": 4,
    "q1q3_com_distance": 128.60818830852105,
    "moments_of_inertia": [
        8072.758216428359,
        44182.03002088689,
        36186.92016268473
    ]
}