{
    "time_duration": 4681.491210999999,
    "total_photons": 75,
    "q1q3_com_distance": 245.85445822495444,
    "moments_of_inertia": [
        511982.9816739736,
        1877180.784161807,
        2208353.2663508845
    ]
}