{
    "time_duration": 8420.476562999998,
    "total_photons": 8892,
    "q1q3_com_distance": 128.20190518547767,
    "moments_of_inertia": [
        32000222.5334125,
        137178401.62294528,
        141069908.62517053
    ]
}