{
    "time_duration": 6606.94542,
    "total_photons": 2781,
    "q1q3_com_distance": 593.0758855412631,
    "moments_of_inertia": [
        4813079.902715653,
        196182355.1160076,
        196913580.9664242
    ]
}