{
    "time_duration": 7534.361938,
    "total_photons": 1319,
    "q1q3_com_distance": 166.110852768197,
    "moments_of_inertia": [
        9852687.93160529,
        15589856.486229181,
        17349730.024474572
    ]
}