{
    "time_duration": 4154.406739000001,
    "total_photons": 807,
    "q1q3_com_distance": 247.17396510969974,
    "moments_of_inertia": [
        2842872.1616646275,
        16152901.061240265,
        15913584.838196466
    ]
}