{
    "time_duration": 7319.692383,
    "total_photons": 2777,
    "q1q3_com_distance": 358.96773376924546,
    "moments_of_inertia": [
        17705676.154337063,
        98975489.42291965,
        102542816.27225707
    ]
}