{
    "time_duration": 5984.135253999999,
    "total_photons": 1150,
    "q1q3_com_distance": 158.41043909348252,
    "moments_of_inertia": [
        5052716.085178129,
        33564579.17071367,
        32611600.99124572
    ]
}