{
    "time_duration": 5955.7856440000005,
    "total_photons": 3183,
    "q1q3_com_distance": 147.42913180672883,
    "moments_of_inertia": [
        22802408.92222608,
        53686350.32085479,
        56464137.03964848
    ]
}