{
    "time_duration": 6379.881713,
    "total_photons": 3168,
    "q1q3_com_distance": 138.64625748232314,
    "moments_of_inertia": [
        18217338.682882734,
        66364252.838056296,
        69487106.32365419
    ]
}