{
    "time_duration": 5832.180664000001,
    "total_photons": 899,
    "q1q3_com_distance": 183.22285461018828,
    "moments_of_inertia": [
        6192157.546709593,
        16899209.82091016,
        17814962.075824495
    ]
}