{
    "time_duration": 1738.0849609999996,
    "total_photons": 5,
    "q1q3_com_distance": 225.833370928656,
    "moments_of_inertia": [
        13595.483455162379,
        85751.83790483756,
        99347.32136000003
    ]
}