{
    "time_duration": 5276.199891,
    "total_photons": 788,
    "q1q3_com_distance": 355.124234795289,
    "moments_of_inertia": [
        3741642.585851606,
        25919518.073370595,
        27841669.69029022
    ]
}