{
    "time_duration": 6853.211425,
    "total_photons": 1212,
    "q1q3_com_distance": 808.2242589271233,
    "moments_of_inertia": [
        5977158.31260699,
        156593342.98714054,
        157572518.5675082
    ]
}