{
    "time_duration": 7049.883789,
    "total_photons": 2554,
    "q1q3_com_distance": 766.1011372136338,
    "moments_of_inertia": [
        7948595.558564544,
        257064712.56139117,
        256313285.59667203
    ]
}