{
    "time_duration": 808.8798829999996,
    "total_photons": 20,
    "q1q3_com_distance": 13.615999999999985,
    "moments_of_inertia": [
        3751.3611799999917,
        -1.739449803657279e-56,
        3751.3611799999917
    ]
}