{
    "time_duration": 7144.128907000006,
    "total_photons": 86,
    "q1q3_com_distance": 438.97584725582226,
    "moments_of_inertia": [
        543800.6112295398,
        4978253.9718030365,
        5225031.291983701
    ]
}