{
    "time_duration": 8372.773437,
    "total_photons": 23,
    "q1q3_com_distance": 94.31134044276486,
    "moments_of_inertia": [
        138105.1945472985,
        196668.64111485422,
        168969.09945089076
    ]
}