{
    "time_duration": 3661.15625,
    "total_photons": 272,
    "q1q3_com_distance": 460.8126895159966,
    "moments_of_inertia": [
        657909.2845063582,
        11890430.250998935,
        11984445.628388092
    ]
}