{
    "time_duration": 7042.895019999999,
    "total_photons": 98,
    "q1q3_com_distance": 82.63432681591836,
    "moments_of_inertia": [
        472502.20931956545,
        1653096.351096067,
        1504150.9952945735
    ]
}