{
    "time_duration": 4738.2275389999995,
    "total_photons": 575,
    "q1q3_com_distance": 583.4534637326101,
    "moments_of_inertia": [
        1434952.1196889281,
        42039570.83409162,
        42339542.29290322
    ]
}