{
    "time_duration": 3851.6759190000002,
    "total_photons": 2402,
    "q1q3_com_distance": 64.50118486692867,
    "moments_of_inertia": [
        8103017.511240212,
        11582330.826845696,
        10973552.599852555
    ]
}