{
    "time_duration": 3561.6025389999995,
    "total_photons": 712,
    "q1q3_com_distance": 117.61949114750074,
    "moments_of_inertia": [
        814885.4550794167,
        8600051.914665738,
        8508366.885852309
    ]
}