{
    "time_duration": 3234.042786,
    "total_photons": 77,
    "q1q3_com_distance": 69.61728284728468,
    "moments_of_inertia": [
        261934.681862904,
        832452.2098160146,
        901977.8839314708
    ]
}