{
    "time_duration": 1373.5517579999996,
    "total_photons": 4,
    "q1q3_com_distance": 442.53999999999996,
    "moments_of_inertia": [
        6872.665354837285,
        210263.694775,
        203391.02942016275
    ]
}