{
    "time_duration": 5710.75,
    "total_photons": 660,
    "q1q3_com_distance": 82.01677752860238,
    "moments_of_inertia": [
        7197398.84183376,
        4673056.4723422015,
        5199965.491266155
    ]
}