{
    "time_duration": 7173.8944089999995,
    "total_photons": 55604,
    "q1q3_com_distance": 351.2535057435315,
    "moments_of_inertia": [
        256077161.2379036,
        2019475720.960774,
        2087676106.0179505
    ]
}