{
    "time_duration": 5570.226562000001,
    "total_photons": 111,
    "q1q3_com_distance": 964.650989268758,
    "moments_of_inertia": [
        559230.2645401098,
        17992502.98911349,
        17904659.218966205
    ]
}