{
    "time_duration": 5533.519471,
    "total_photons": 1218,
    "q1q3_com_distance": 43.513931346249095,
    "moments_of_inertia": [
        6524635.964132231,
        15224828.10691171,
        12400943.809818137
    ]
}