{
    "time_duration": 6272.232421999999,
    "total_photons": 1254,
    "q1q3_com_distance": 250.85271138411045,
    "moments_of_inertia": [
        13652297.053253576,
        33043022.113409173,
        38103326.0148417
    ]
}