{
    "time_duration": 9403.547577000001,
    "total_photons": 15543,
    "q1q3_com_distance": 267.6050919070755,
    "moments_of_inertia": [
        98961275.27498174,
        477241620.0253413,
        486571156.3344641
    ]
}