{
    "time_duration": 6064.836914,
    "total_photons": 643,
    "q1q3_com_distance": 564.2403878129254,
    "moments_of_inertia": [
        2001607.8352824375,
        42055768.83575528,
        42209423.333695106
    ]
}