{
    "time_duration": 3679.070312,
    "total_photons": 39,
    "q1q3_com_distance": 222.72888247822698,
    "moments_of_inertia": [
        255805.1971490567,
        916529.9452114212,
        758506.1670138809
    ]
}