{
    "time_duration": 7910.619659999999,
    "total_photons": 10855,
    "q1q3_com_distance": 56.62662763229907,
    "moments_of_inertia": [
        94666311.25892319,
        55908846.009085245,
        68272024.06014906
    ]
}