{
    "time_duration": 8757.042114000002,
    "total_photons": 6200,
    "q1q3_com_distance": 712.9891934859492,
    "moments_of_inertia": [
        16810926.11440232,
        559532929.4411486,
        560495136.8218446
    ]
}