{
    "time_duration": 2667.4072259999994,
    "total_photons": 7,
    "q1q3_com_distance": 51.069999999999936,
    "moments_of_inertia": [
        11550.143619619092,
        44555.627808952355,
        56105.771428571396
    ]
}