{
    "time_duration": 5677.5673830000005,
    "total_photons": 15,
    "q1q3_com_distance": 744.9892733246232,
    "moments_of_inertia": [
        99463.90972393565,
        1978022.3956170802,
        1890669.4628723187
    ]
}