{
    "time_duration": 9782.989258000001,
    "total_photons": 7833,
    "q1q3_com_distance": 693.6917077202116,
    "moments_of_inertia": [
        46163319.46771181,
        732025838.7701324,
        722450811.350189
    ]
}