{
    "time_duration": 2587.0605459999997,
    "total_photons": 58,
    "q1q3_com_distance": 64.67325852656897,
    "moments_of_inertia": [
        319827.38608141715,
        577739.9703793357,
        494604.20210476517
    ]
}