{
    "time_duration": 3182.726074,
    "total_photons": 431,
    "q1q3_com_distance": 88.00033359000032,
    "moments_of_inertia": [
        1146215.1607516184,
        5420883.947143339,
        4609029.892448413
    ]
}