{
    "time_duration": 4339.870849000001,
    "total_photons": 33,
    "q1q3_com_distance": 163.863803095412,
    "moments_of_inertia": [
        71441.13780097367,
        475655.3180370414,
        521223.0288771359
    ]
}