{
    "time_duration": 8174.107421999999,
    "total_photons": 2862,
    "q1q3_com_distance": 396.928102214061,
    "moments_of_inertia": [
        13471720.780020818,
        117342962.23999186,
        118429471.21364878
    ]
}