{
    "time_duration": 2669.519531000001,
    "total_photons": 280,
    "q1q3_com_distance": 74.65409515142191,
    "moments_of_inertia": [
        247547.91187808826,
        654922.1105408566,
        625042.5107889127
    ]
}