{
    "time_duration": 4300.414063,
    "total_photons": 387,
    "q1q3_com_distance": 107.17991679886754,
    "moments_of_inertia": [
        4227121.529067397,
        3929659.2669729716,
        5132091.639259892
    ]
}