{
    "time_duration": 3871.2607420000004,
    "total_photons": 2165,
    "q1q3_com_distance": 41.540635031557215,
    "moments_of_inertia": [
        3223978.475249028,
        10577675.143960405,
        8681775.15432166
    ]
}