{
    "time_duration": 7328.255494,
    "total_photons": 45375,
    "q1q3_com_distance": 63.34118448265562,
    "moments_of_inertia": [
        310304411.1431095,
        386020172.90443647,
        463132057.3544289
    ]
}