{
    "time_duration": 3854.34375,
    "total_photons": 33,
    "q1q3_com_distance": 148.47050764061737,
    "moments_of_inertia": [
        125681.89528719732,
        262544.1907653196,
        326844.95886869496
    ]
}