{
    "time_duration": 10600.370116999999,
    "total_photons": 9836,
    "q1q3_com_distance": 778.3128863216926,
    "moments_of_inertia": [
        40410926.929305315,
        1269033334.158148,
        1258249065.2098358
    ]
}