{
    "time_duration": 5831.727539000001,
    "total_photons": 144,
    "q1q3_com_distance": 163.423194289756,
    "moments_of_inertia": [
        853978.22171496,
        3487985.1806265037,
        3876959.7336904802
    ]
}