{
    "time_duration": 3116.1806639999995,
    "total_photons": 40,
    "q1q3_com_distance": 176.45470422179162,
    "moments_of_inertia": [
        189064.26879313338,
        388864.38204521465,
        426995.21863665216
    ]
}