{
    "time_duration": 2744.7070310000017,
    "total_photons": 14,
    "q1q3_com_distance": 413.3676649182905,
    "moments_of_inertia": [
        44244.414625450096,
        508436.7071696865,
        537062.4375191489
    ]
}