{
    "time_duration": 8805.07373,
    "total_photons": 24588,
    "q1q3_com_distance": 261.3827749816176,
    "moments_of_inertia": [
        87490112.96383822,
        601705892.4136293,
        595813321.8277643
    ]
}