{
    "time_duration": 7692.895751999999,
    "total_photons": 10693,
    "q1q3_com_distance": 101.68566021886635,
    "moments_of_inertia": [
        6497689.824482024,
        97773150.04970415,
        97311112.43495934
    ]
}