{
    "time_duration": 8858.549438,
    "total_photons": 3158,
    "q1q3_com_distance": 201.24400501195353,
    "moments_of_inertia": [
        29747429.276567712,
        108127331.92319617,
        103503959.35079429
    ]
}