{
    "time_duration": 4136.858886999999,
    "total_photons": 2824,
    "q1q3_com_distance": 457.4404691170466,
    "moments_of_inertia": [
        6007209.4681863785,
        112229254.15504165,
        114231494.82341583
    ]
}