{
    "time_duration": 5009.738037,
    "total_photons": 112,
    "q1q3_com_distance": 86.81352523307005,
    "moments_of_inertia": [
        778290.5465092352,
        2869165.6377340704,
        2512148.573754911
    ]
}