{
    "time_duration": 4647.718995,
    "total_photons": 188,
    "q1q3_com_distance": 342.4537535219428,
    "moments_of_inertia": [
        1454421.4998435173,
        13265755.871540636,
        14121872.888557341
    ]
}