{
    "time_duration": 5590.229859,
    "total_photons": 158,
    "q1q3_com_distance": 142.6479004110733,
    "moments_of_inertia": [
        1982686.578334171,
        1379871.6970150373,
        1311305.3935849683
    ]
}