{
    "time_duration": 4647.583984000001,
    "total_photons": 180,
    "q1q3_com_distance": 387.2658985103609,
    "moments_of_inertia": [
        294302.34422647953,
        9015776.618398335,
        9081789.975324066
    ]
}