{
    "time_duration": 5671.597854,
    "total_photons": 42073,
    "q1q3_com_distance": 42.868491986422356,
    "moments_of_inertia": [
        148888469.71644944,
        214557190.367654,
        249065274.09432596
    ]
}