{
    "time_duration": 4440.437256,
    "total_photons": 6,
    "q1q3_com_distance": 164.8608207701272,
    "moments_of_inertia": [
        30166.906225099476,
        61861.2908803255,
        77778.33922790832
    ]
}