{
    "time_duration": 7435.795898,
    "total_photons": 5234,
    "q1q3_com_distance": 257.1673470069555,
    "moments_of_inertia": [
        31890076.385448843,
        154810463.5566416,
        159008558.08868405
    ]
}