{
    "time_duration": 4735.402343000002,
    "total_photons": 217,
    "q1q3_com_distance": 381.16934227864533,
    "moments_of_inertia": [
        324134.43345016614,
        10210465.172214476,
        10305912.81980079
    ]
}