{
    "time_duration": 6918.726562000001,
    "total_photons": 1638,
    "q1q3_com_distance": 158.81890822186924,
    "moments_of_inertia": [
        19824492.418652587,
        22188957.520652235,
        12168156.841792468
    ]
}