{
    "time_duration": 4248.815429,
    "total_photons": 173,
    "q1q3_com_distance": 723.1367843124618,
    "moments_of_inertia": [
        363610.51957448595,
        18897036.58363905,
        18855943.32924195
    ]
}