{
    "time_duration": 1576.8691399999989,
    "total_photons": 17,
    "q1q3_com_distance": 310.1749116776694,
    "moments_of_inertia": [
        55110.65606215707,
        365993.0643501449,
        349042.9992818156
    ]
}