{
    "time_duration": 2336.3994139999995,
    "total_photons": 4,
    "q1q3_com_distance": 126.35580279512294,
    "moments_of_inertia": [
        3481.245967652794,
        82555.01455505384,
        79073.80232729338
    ]
}