{
    "time_duration": 4415.8671870000035,
    "total_photons": 64,
    "q1q3_com_distance": 687.7132703844609,
    "moments_of_inertia": [
        224373.88067715615,
        5855528.854603061,
        5811817.264804156
    ]
}