{
    "time_duration": 5966.206054000002,
    "total_photons": 437,
    "q1q3_com_distance": 326.47040382490314,
    "moments_of_inertia": [
        4208887.862315394,
        23117081.772582553,
        25610152.39751575
    ]
}