{
    "time_duration": 5721.598144,
    "total_photons": 3891,
    "q1q3_com_distance": 591.9510032104015,
    "moments_of_inertia": [
        13732889.929085582,
        260871516.3519757,
        263852161.3490237
    ]
}