{
    "time_duration": 9178.641419,
    "total_photons": 10772,
    "q1q3_com_distance": 528.4641940997682,
    "moments_of_inertia": [
        73077036.07169628,
        825539972.2329712,
        801489892.6230382
    ]
}