{
    "time_duration": 5938.807617,
    "total_photons": 3547,
    "q1q3_com_distance": 78.41434525711765,
    "moments_of_inertia": [
        15080104.124811418,
        34669276.02764479,
        32135410.21970272
    ]
}