{
    "time_duration": 5874.048828999999,
    "total_photons": 96,
    "q1q3_com_distance": 1013.6616184532064,
    "moments_of_inertia": [
        357913.76064150967,
        16507810.382865053,
        16452447.191989262
    ]
}