{
    "time_duration": 7358.442322,
    "total_photons": 4302,
    "q1q3_com_distance": 425.78762758893913,
    "moments_of_inertia": [
        23954431.551362544,
        221557371.7520357,
        225277913.5613676
    ]
}