{
    "time_duration": 7871.138732,
    "total_photons": 6857,
    "q1q3_com_distance": 92.23184689825344,
    "moments_of_inertia": [
        17880214.14827486,
        47738780.62112616,
        42356720.06798316
    ]
}