{
    "time_duration": 7248.139648,
    "total_photons": 20674,
    "q1q3_com_distance": 80.70717178200765,
    "moments_of_inertia": [
        85093775.93130797,
        246305494.85108986,
        237120928.2074372
    ]
}