{
    "time_duration": 1502.999511,
    "total_photons": 9,
    "q1q3_com_distance": 2.836666666666588,
    "moments_of_inertia": [
        4950.649810022704,
        47046.4450388321,
        50310.95639558963
    ]
}