{
    "time_duration": 4784.388153000001,
    "total_photons": 4811,
    "q1q3_com_distance": 78.22306717469401,
    "moments_of_inertia": [
        17145501.543831058,
        25402869.604406267,
        28991060.06529263
    ]
}