{
    "time_duration": 3434.896484000001,
    "total_photons": 7,
    "q1q3_com_distance": 317.56346235831353,
    "moments_of_inertia": [
        22948.845190523134,
        324244.7334030813,
        315664.6446063949
    ]
}