{
    "time_duration": 8848.114746,
    "total_photons": 9019,
    "q1q3_com_distance": 248.64361401453795,
    "moments_of_inertia": [
        22321920.131486118,
        191522935.5171251,
        195248075.63983825
    ]
}