{
    "time_duration": 4610.420898,
    "total_photons": 87,
    "q1q3_com_distance": 96.85182105107305,
    "moments_of_inertia": [
        503819.9171545486,
        661930.937562864,
        759986.6408228176
    ]
}