{
    "time_duration": 9059.076659999999,
    "total_photons": 4507,
    "q1q3_com_distance": 360.59239378439474,
    "moments_of_inertia": [
        30723327.834014624,
        182206357.0982103,
        192739010.03066748
    ]
}