{
    "time_duration": 7743.6586910000005,
    "total_photons": 533,
    "q1q3_com_distance": 599.8082376969869,
    "moments_of_inertia": [
        2149835.7172925323,
        42113468.43215449,
        42431649.785775475
    ]
}