{
    "time_duration": 1426.1552730000003,
    "total_photons": 9,
    "q1q3_com_distance": 53.166760501484426,
    "moments_of_inertia": [
        3493.385744643225,
        19419.56671873169,
        15926.181625513911
    ]
}