{
    "time_duration": 4228.480468999998,
    "total_photons": 36,
    "q1q3_com_distance": 465.9824428499902,
    "moments_of_inertia": [
        242491.26370328316,
        1857946.006287034,
        2048526.7474819063
    ]
}