{
    "time_duration": 3460.917968999999,
    "total_photons": 10,
    "q1q3_com_distance": 124.8426151422484,
    "moments_of_inertia": [
        217790.73543357238,
        167576.072849526,
        129713.13135690188
    ]
}