{
    "time_duration": 6237.460937,
    "total_photons": 415,
    "q1q3_com_distance": 551.7437914341926,
    "moments_of_inertia": [
        2405286.8595200665,
        25943496.147950213,
        26673960.492104672
    ]
}