{
    "time_duration": 5223.55835,
    "total_photons": 394,
    "q1q3_com_distance": 652.8774550690312,
    "moments_of_inertia": [
        821963.8171722703,
        27474943.175549146,
        27605779.947530862
    ]
}