{
    "time_duration": 3161.2758790000003,
    "total_photons": 76,
    "q1q3_com_distance": 122.8582758050714,
    "moments_of_inertia": [
        523578.2439853938,
        993398.6924198489,
        1044196.4736894929
    ]
}