{
    "time_duration": 7580.671875000001,
    "total_photons": 8570,
    "q1q3_com_distance": 614.9751107694979,
    "moments_of_inertia": [
        47982913.18128741,
        707320496.9120263,
        714485653.4767116
    ]
}