{
    "time_duration": 1910.472655999998,
    "total_photons": 36,
    "q1q3_com_distance": 57.38117631298395,
    "moments_of_inertia": [
        77910.34515913157,
        236537.01702101604,
        178781.92272540787
    ]
}