{
    "time_duration": 4660.545898,
    "total_photons": 2234,
    "q1q3_com_distance": 252.86572023606985,
    "moments_of_inertia": [
        8823906.624674402,
        48401404.092153676,
        49771449.19901027
    ]
}