{
    "time_duration": 5935.330078000001,
    "total_photons": 11604,
    "q1q3_com_distance": 470.0190736697159,
    "moments_of_inertia": [
        29357784.735463023,
        592460822.524154,
        594176953.3332204
    ]
}