{
    "time_duration": 2621.7177730000003,
    "total_photons": 7,
    "q1q3_com_distance": 106.70114467520963,
    "moments_of_inertia": [
        26870.69160750586,
        40956.48451466052,
        67827.17484926227
    ]
}