{
    "time_duration": 4698.446777,
    "total_photons": 86,
    "q1q3_com_distance": 120.53151427519302,
    "moments_of_inertia": [
        710743.7794352337,
        894851.1666269086,
        1090061.9287029754
    ]
}