{
    "time_duration": 7228.089844,
    "total_photons": 353,
    "q1q3_com_distance": 461.89845999948886,
    "moments_of_inertia": [
        1804107.900733661,
        19942117.42442778,
        19876505.23988218
    ]
}