{
    "time_duration": 9080.625488,
    "total_photons": 14448,
    "q1q3_com_distance": 180.16761123179322,
    "moments_of_inertia": [
        29242325.72607678,
        366752298.3026545,
        370912570.4157045
    ]
}