{
    "time_duration": 6602.877930000001,
    "total_photons": 27496,
    "q1q3_com_distance": 249.11202779139794,
    "moments_of_inertia": [
        57524101.2122463,
        923597596.4969698,
        920470160.8445984
    ]
}