{
    "time_duration": 4808.585936999996,
    "total_photons": 524,
    "q1q3_com_distance": 685.3076069489705,
    "moments_of_inertia": [
        1444204.4020658508,
        54044718.123562425,
        53584715.11572366
    ]
}