{
    "time_duration": 4315.8056639999995,
    "total_photons": 368,
    "q1q3_com_distance": 521.2463533764611,
    "moments_of_inertia": [
        778395.1096464656,
        18816896.8161214,
        18945318.333783768
    ]
}