{
    "time_duration": 2816.799316999999,
    "total_photons": 8,
    "q1q3_com_distance": 117.11617874999162,
    "moments_of_inertia": [
        41075.42412441168,
        74947.09899104497,
        80973.40408454313
    ]
}