{
    "time_duration": 6061.289001,
    "total_photons": 155,
    "q1q3_com_distance": 78.99249043819226,
    "moments_of_inertia": [
        991419.3119252909,
        1196413.867711873,
        1710722.062729287
    ]
}