{
    "time_duration": 8742.112533,
    "total_photons": 5671,
    "q1q3_com_distance": 663.3245575722725,
    "moments_of_inertia": [
        27226240.137083292,
        586558152.7702129,
        580964165.0096195
    ]
}