{
    "time_duration": 2708.732605,
    "total_photons": 291,
    "q1q3_com_distance": 177.50991095047237,
    "moments_of_inertia": [
        446389.5743347984,
        2545403.617500336,
        2410430.6281524957
    ]
}