{
    "time_duration": 7403.897408,
    "total_photons": 35351,
    "q1q3_com_distance": 337.9218951443758,
    "moments_of_inertia": [
        88528719.48540938,
        893042367.8915329,
        876794221.1442488
    ]
}