{
    "time_duration": 6852.306151999999,
    "total_photons": 20227,
    "q1q3_com_distance": 251.93193241776936,
    "moments_of_inertia": [
        18601848.47051668,
        287307038.78382176,
        282730965.2830232
    ]
}