{
    "time_duration": 5549.151367,
    "total_photons": 840,
    "q1q3_com_distance": 778.3949185140671,
    "moments_of_inertia": [
        2479005.912216231,
        103612552.26061784,
        103854325.76464714
    ]
}