{
    "time_duration": 449.91796899999827,
    "total_photons": 5,
    "q1q3_com_distance": 66.48504587499355,
    "moments_of_inertia": [
        2505.0851694192443,
        14629.225439999991,
        12124.14027058076
    ]
}