{
    "time_duration": 2483.212402,
    "total_photons": 36,
    "q1q3_com_distance": 141.18877361554533,
    "moments_of_inertia": [
        93694.6038338663,
        484082.9997362934,
        433422.04029650736
    ]
}