{
    "time_duration": 4397.54956,
    "total_photons": 1460,
    "q1q3_com_distance": 278.94591119642837,
    "moments_of_inertia": [
        3945521.7488469332,
        28461051.60965936,
        28261208.480106734
    ]
}