{
    "time_duration": 7872.250976999999,
    "total_photons": 6795,
    "q1q3_com_distance": 407.67502037646153,
    "moments_of_inertia": [
        57505048.611380994,
        360550248.3802946,
        348981070.1963648
    ]
}