{
    "time_duration": 5210.140625,
    "total_photons": 2335,
    "q1q3_com_distance": 457.7049766178523,
    "moments_of_inertia": [
        4767152.451092318,
        102242135.23642118,
        99090843.76431842
    ]
}