{
    "time_duration": 3979.462891,
    "total_photons": 41,
    "q1q3_com_distance": 141.71552648140153,
    "moments_of_inertia": [
        311909.17516166484,
        729693.6572619299,
        871326.0585910395
    ]
}