{
    "time_duration": 6459.245117,
    "total_photons": 3886,
    "q1q3_com_distance": 429.023388871356,
    "moments_of_inertia": [
        9996635.852230608,
        186439089.5174261,
        187175627.7187695
    ]
}