{
    "time_duration": 5526.417846,
    "total_photons": 3085,
    "q1q3_com_distance": 79.92419100837299,
    "moments_of_inertia": [
        12501702.150227988,
        14720452.676698387,
        16847528.60764995
    ]
}