{
    "time_duration": 7288.420624,
    "total_photons": 26785,
    "q1q3_com_distance": 368.08052985392624,
    "moments_of_inertia": [
        310788652.2738905,
        2046493698.2323534,
        1969926180.7978683
    ]
}