{
    "time_duration": 3184.339844000002,
    "total_photons": 12,
    "q1q3_com_distance": 144.7158842544784,
    "moments_of_inertia": [
        32984.52859502542,
        121139.304097267,
        109316.15450770764
    ]
}