{
    "time_duration": 5715.433593999998,
    "total_photons": 310,
    "q1q3_com_distance": 319.3199596921159,
    "moments_of_inertia": [
        2017188.725407565,
        14485983.693356417,
        14904413.897416027
    ]
}