{
    "time_duration": 4900.000977,
    "total_photons": 74,
    "q1q3_com_distance": 238.32078558843816,
    "moments_of_inertia": [
        367068.5900202333,
        2110910.313971215,
        1933237.834468009
    ]
}