{
    "time_duration": 4170.347656,
    "total_photons": 261,
    "q1q3_com_distance": 148.37881124745448,
    "moments_of_inertia": [
        1558657.2310051406,
        3382453.855382433,
        3549631.7889718045
    ]
}