{
    "time_duration": 3370.4057619999994,
    "total_photons": 132,
    "q1q3_com_distance": 214.42445780069517,
    "moments_of_inertia": [
        568648.6689643383,
        1874038.1713463862,
        1647603.73162261
    ]
}