{
    "time_duration": 5176.94336,
    "total_photons": 50,
    "q1q3_com_distance": 83.45818920256055,
    "moments_of_inertia": [
        297764.36059736076,
        589763.9881277134,
        611486.2832349259
    ]
}