{
    "time_duration": 5117.555603,
    "total_photons": 2780,
    "q1q3_com_distance": 22.957049917975386,
    "moments_of_inertia": [
        33005359.986440916,
        24634896.987488255,
        26179450.78482954
    ]
}