{
    "time_duration": 6013.285155999999,
    "total_photons": 1949,
    "q1q3_com_distance": 267.7616644163957,
    "moments_of_inertia": [
        10073355.756569855,
        50816337.64413012,
        49002188.83801382
    ]
}