{
    "time_duration": 7224.035889,
    "total_photons": 7058,
    "q1q3_com_distance": 616.7504557722623,
    "moments_of_inertia": [
        22246865.666026354,
        464630648.62137496,
        460680043.9102642
    ]
}