{
    "time_duration": 4087.521484000001,
    "total_photons": 97,
    "q1q3_com_distance": 797.9901880356911,
    "moments_of_inertia": [
        150808.21895717643,
        11065342.247806516,
        11033248.375628069
    ]
}