{
    "time_duration": 1946.4548340000006,
    "total_photons": 7,
    "q1q3_com_distance": 226.9711176008966,
    "moments_of_inertia": [
        56009.40578570857,
        158005.50855714866,
        214014.91434285717
    ]
}