{
    "time_duration": 3458.1472169999997,
    "total_photons": 71,
    "q1q3_com_distance": 49.77271730229638,
    "moments_of_inertia": [
        753607.4760774244,
        404277.83845397335,
        474966.01344043267
    ]
}