{
    "time_duration": 6572.879883,
    "total_photons": 2233,
    "q1q3_com_distance": 331.7083774311417,
    "moments_of_inertia": [
        16889569.165730983,
        59709034.1048644,
        66689773.29087321
    ]
}