{
    "time_duration": 7085.320663,
    "total_photons": 5717,
    "q1q3_com_distance": 704.1046809783751,
    "moments_of_inertia": [
        22652143.858911872,
        627479222.5515277,
        626811920.2361187
    ]
}