{
    "time_duration": 5282.055176000001,
    "total_photons": 92,
    "q1q3_com_distance": 99.16392512177819,
    "moments_of_inertia": [
        985632.2519604601,
        2099790.7598832203,
        1763001.495760663
    ]
}