{
    "time_duration": 7895.583373999999,
    "total_photons": 1231,
    "q1q3_com_distance": 524.4771520727335,
    "moments_of_inertia": [
        6454085.098269075,
        72826298.4581983,
        77637263.80581045
    ]
}