{
    "time_duration": 7650.231446,
    "total_photons": 697,
    "q1q3_com_distance": 228.09212789098166,
    "moments_of_inertia": [
        6722085.348390423,
        28138806.09022821,
        23961569.165389985
    ]
}