{
    "time_duration": 7570.367431999999,
    "total_photons": 2897,
    "q1q3_com_distance": 484.70753038860016,
    "moments_of_inertia": [
        13759163.222931862,
        144071632.25496945,
        142726507.64118427
    ]
}