{
    "time_duration": 8836.902344,
    "total_photons": 594,
    "q1q3_com_distance": 578.3359705510572,
    "moments_of_inertia": [
        3366295.7012485266,
        38506916.47201739,
        39450287.929810844
    ]
}