{
    "time_duration": 2697.313476000001,
    "total_photons": 60,
    "q1q3_com_distance": 156.78807270112526,
    "moments_of_inertia": [
        141234.64346558513,
        583189.4357617891,
        550013.4584726264
    ]
}