{
    "time_duration": 4365.433104999999,
    "total_photons": 682,
    "q1q3_com_distance": 665.3432274191221,
    "moments_of_inertia": [
        1843530.8375465497,
        58492617.97746504,
        58674098.704439424
    ]
}