{
    "time_duration": 3038.1152340000003,
    "total_photons": 4,
    "q1q3_com_distance": 870.7182997962085,
    "moments_of_inertia": [
        65175.34461285686,
        654387.6657281185,
        591029.2478090245
    ]
}