{
    "time_duration": 5072.63562,
    "total_photons": 1258,
    "q1q3_com_distance": 196.46677607791844,
    "moments_of_inertia": [
        2289443.863787776,
        18347998.83813397,
        18122174.195697013
    ]
}