{
    "time_duration": 4223.559571,
    "total_photons": 206,
    "q1q3_com_distance": 65.30022653626753,
    "moments_of_inertia": [
        1282870.9033674875,
        2226441.0196000505,
        2421902.158484889
    ]
}