{
    "time_duration": 9198.982422000001,
    "total_photons": 23318,
    "q1q3_com_distance": 1068.1419188499538,
    "moments_of_inertia": [
        102169257.04220867,
        5353020791.569719,
        5325481914.634819
    ]
}