{
    "time_duration": 2306.6210939999983,
    "total_photons": 31,
    "q1q3_com_distance": 329.0429275993104,
    "moments_of_inertia": [
        100963.76602442667,
        863034.082029073,
        901679.1101013386
    ]
}