{
    "time_duration": 7306.044891,
    "total_photons": 10652,
    "q1q3_com_distance": 417.48453546263534,
    "moments_of_inertia": [
        29653085.490148306,
        502457719.92862844,
        496867245.5124277
    ]
}