{
    "time_duration": 3620.923492,
    "total_photons": 332,
    "q1q3_com_distance": 236.05800535271385,
    "moments_of_inertia": [
        489835.6917260452,
        4123084.084282343,
        4327629.495851856
    ]
}