{
    "time_duration": 2397.1103519999997,
    "total_photons": 4,
    "q1q3_com_distance": 501.4154209834396,
    "moments_of_inertia": [
        379.1666594480233,
        221218.86564390827,
        220839.7091966437
    ]
}