{
    "time_duration": 8104.5849610000005,
    "total_photons": 5443,
    "q1q3_com_distance": 103.37677453127506,
    "moments_of_inertia": [
        23496805.824209884,
        67070455.12753689,
        63024630.95379972
    ]
}