{
    "time_duration": 1340.1887199999996,
    "total_photons": 8,
    "q1q3_com_distance": 74.83542576881622,
    "moments_of_inertia": [
        58064.94433226157,
        305939.90132470086,
        263671.35661803774
    ]
}