{
    "time_duration": 9010.095184000002,
    "total_photons": 16881,
    "q1q3_com_distance": 148.54836962075055,
    "moments_of_inertia": [
        66529315.96987203,
        290915887.56512153,
        301046961.59118336
    ]
}