{
    "time_duration": 6061.052246,
    "total_photons": 21,
    "q1q3_com_distance": 92.93429247233436,
    "moments_of_inertia": [
        132188.02249830228,
        234390.20968672662,
        296983.7580435425
    ]
}