{
    "time_duration": 3087.7563469999996,
    "total_photons": 938,
    "q1q3_com_distance": 54.09931507497833,
    "moments_of_inertia": [
        1773970.188699707,
        4855589.933665084,
        5055125.594573593
    ]
}