{
    "time_duration": 3034.824219,
    "total_photons": 1143,
    "q1q3_com_distance": 192.1078420513898,
    "moments_of_inertia": [
        1243648.9976730477,
        11851497.802814502,
        12111007.269925386
    ]
}