{
    "time_duration": 6594.020508,
    "total_photons": 1817,
    "q1q3_com_distance": 264.5084248851746,
    "moments_of_inertia": [
        13091431.691276692,
        47348179.1502103,
        50064311.99047843
    ]
}