{
    "time_duration": 5447.426758000001,
    "total_photons": 44,
    "q1q3_com_distance": 857.6384002832989,
    "moments_of_inertia": [
        216138.36821286567,
        6778216.07024689,
        6707299.180731153
    ]
}