{
    "time_duration": 7047.477051,
    "total_photons": 1504,
    "q1q3_com_distance": 513.5615803043006,
    "moments_of_inertia": [
        7953880.529175967,
        95044477.39980184,
        96086024.02406786
    ]
}