{
    "time_duration": 3289.581054,
    "total_photons": 131,
    "q1q3_com_distance": 76.4134644191465,
    "moments_of_inertia": [
        345587.5964447657,
        1042264.2643999865,
        1280630.3582636428
    ]
}