{
    "time_duration": 9144.611632999999,
    "total_photons": 11099,
    "q1q3_com_distance": 579.8510219646508,
    "moments_of_inertia": [
        39874779.02519524,
        961594529.3404552,
        948095610.6346897
    ]
}