{
    "time_duration": 5832.460937,
    "total_photons": 484,
    "q1q3_com_distance": 581.8099320522256,
    "moments_of_inertia": [
        2466863.6160023436,
        29742993.583689168,
        30355075.290929973
    ]
}