{
    "time_duration": 9722.721558000001,
    "total_photons": 94513,
    "q1q3_com_distance": 115.462853429396,
    "moments_of_inertia": [
        444661358.68620515,
        1650565035.6169178,
        1635490906.1106355
    ]
}