{
    "time_duration": 4959.205078000003,
    "total_photons": 101,
    "q1q3_com_distance": 476.2914492101919,
    "moments_of_inertia": [
        952972.3076696061,
        4714357.295949176,
        5263674.159545575
    ]
}