{
    "time_duration": 5425.061522999999,
    "total_photons": 69,
    "q1q3_com_distance": 175.79126862671492,
    "moments_of_inertia": [
        472419.09939638164,
        1380174.713012628,
        1071371.9623272226
    ]
}