{
    "time_duration": 7169.632698,
    "total_photons": 8746,
    "q1q3_com_distance": 654.8397814230997,
    "moments_of_inertia": [
        12581582.05164801,
        810159304.1862192,
        809048133.5477303
    ]
}