{
    "time_duration": 4696.330323,
    "total_photons": 53,
    "q1q3_com_distance": 651.1690710318492,
    "moments_of_inertia": [
        249481.26577436738,
        4300928.847525217,
        4466913.356640034
    ]
}