{
    "time_duration": 4685.166016,
    "total_photons": 1248,
    "q1q3_com_distance": 304.926857583146,
    "moments_of_inertia": [
        2493754.902312994,
        23519843.900874205,
        23944714.805770505
    ]
}