{
    "time_duration": 5557.92276,
    "total_photons": 3377,
    "q1q3_com_distance": 64.1986064281666,
    "moments_of_inertia": [
        43280910.94635458,
        28763956.402796146,
        28123757.840251803
    ]
}