{
    "time_duration": 3643.15625,
    "total_photons": 451,
    "q1q3_com_distance": 344.609191713976,
    "moments_of_inertia": [
        476387.01265168935,
        12915657.492067717,
        12968015.213655759
    ]
}