{
    "time_duration": 6687.722016,
    "total_photons": 45740,
    "q1q3_com_distance": 138.59706415395877,
    "moments_of_inertia": [
        307998418.050804,
        709969330.5909926,
        768603612.7524325
    ]
}