{
    "time_duration": 2572.234375,
    "total_photons": 5,
    "q1q3_com_distance": 129.54259386394887,
    "moments_of_inertia": [
        3640.7149769227835,
        50673.529863077216,
        54314.24484000003
    ]
}