{
    "time_duration": 6081.94751,
    "total_photons": 4668,
    "q1q3_com_distance": 695.8922616578934,
    "moments_of_inertia": [
        32122958.53994751,
        479051594.906331,
        486545303.1460991
    ]
}