{
    "time_duration": 5677.443847,
    "total_photons": 447,
    "q1q3_com_distance": 170.3996427843474,
    "moments_of_inertia": [
        3788040.066889936,
        7104757.91557378,
        7538817.953611446
    ]
}