{
    "time_duration": 3221.867432,
    "total_photons": 12,
    "q1q3_com_distance": 186.09146475740235,
    "moments_of_inertia": [
        62472.6457267009,
        122417.04799615155,
        184889.68976048098
    ]
}