{
    "time_duration": 6253.62564,
    "total_photons": 5789,
    "q1q3_com_distance": 35.04289235521734,
    "moments_of_inertia": [
        49472861.5438753,
        30678025.849139072,
        35720169.226355754
    ]
}