{
    "time_duration": 2695.485718,
    "total_photons": 55,
    "q1q3_com_distance": 54.20940642921833,
    "moments_of_inertia": [
        227085.82172695838,
        547563.725524597,
        731050.9865811721
    ]
}