{
    "time_duration": 4824.00879,
    "total_photons": 6505,
    "q1q3_com_distance": 267.201436406647,
    "moments_of_inertia": [
        7534623.138879046,
        141043984.28721488,
        141284338.2549632
    ]
}