{
    "time_duration": 3518.779296999999,
    "total_photons": 12,
    "q1q3_com_distance": 317.03591673499716,
    "moments_of_inertia": [
        60289.04705429904,
        326125.90560168074,
        284801.9731106874
    ]
}