{
    "time_duration": 9051.699707,
    "total_photons": 7143,
    "q1q3_com_distance": 423.6334404930296,
    "moments_of_inertia": [
        42200840.170328975,
        331546401.9977911,
        328113199.3356068
    ]
}