{
    "time_duration": 1940.3345950000003,
    "total_photons": 24,
    "q1q3_com_distance": 63.21311339868932,
    "moments_of_inertia": [
        57679.71063455347,
        124576.30743235674,
        126462.68684975633
    ]
}