{
    "time_duration": 7347.031250000001,
    "total_photons": 1643,
    "q1q3_com_distance": 669.8086713087956,
    "moments_of_inertia": [
        8009868.371480674,
        139961443.57066667,
        140776674.34258682
    ]
}