{
    "time_duration": 3747.5097650000007,
    "total_photons": 173,
    "q1q3_com_distance": 130.89431323974992,
    "moments_of_inertia": [
        240236.14459416503,
        1411274.3890008216,
        1338106.9271009674
    ]
}