{
    "time_duration": 6682.568024,
    "total_photons": 12886,
    "q1q3_com_distance": 66.4962607921211,
    "moments_of_inertia": [
        70649793.24186212,
        120652757.63307078,
        128217785.9998781
    ]
}