{
    "time_duration": 4166.246093000002,
    "total_photons": 72,
    "q1q3_com_distance": 369.1232932007045,
    "moments_of_inertia": [
        230965.8536908175,
        3113760.8442458226,
        3080582.613091136
    ]
}