{
    "time_duration": 1447.451172,
    "total_photons": 13,
    "q1q3_com_distance": 79.45452363266956,
    "moments_of_inertia": [
        134588.70150765518,
        64248.095922150496,
        82632.8095548096
    ]
}