{
    "time_duration": 706.5410159999992,
    "total_photons": 5,
    "q1q3_com_distance": 127.8613554792848,
    "moments_of_inertia": [
        1436.3178669469708,
        47721.6323330531,
        49157.9502000001
    ]
}