{
    "time_duration": 7147.3235620000005,
    "total_photons": 11303,
    "q1q3_com_distance": 65.80514081343115,
    "moments_of_inertia": [
        70997394.74572748,
        85776029.01431884,
        119811468.53811795
    ]
}