{
    "time_duration": 2295.529296999999,
    "total_photons": 10,
    "q1q3_com_distance": 81.48283663856249,
    "moments_of_inertia": [
        23068.708234034806,
        49400.81014856815,
        38174.574777396956
    ]
}