{
    "time_duration": 5739.7119139999995,
    "total_photons": 228,
    "q1q3_com_distance": 101.64745052037182,
    "moments_of_inertia": [
        429085.724124616,
        3546654.499523649,
        3326251.9700762974
    ]
}