{
    "time_duration": 5226.7744139999995,
    "total_photons": 1118,
    "q1q3_com_distance": 258.62037411566115,
    "moments_of_inertia": [
        8791955.726866834,
        27772331.839437325,
        30569300.12078652
    ]
}