{
    "time_duration": 5266.452637,
    "total_photons": 491,
    "q1q3_com_distance": 242.45558265116287,
    "moments_of_inertia": [
        2002342.9278754257,
        13556857.955837268,
        13117557.119987523
    ]
}