{
    "time_duration": 4332.661133,
    "total_photons": 251,
    "q1q3_com_distance": 96.28824032844295,
    "moments_of_inertia": [
        1579212.8843112262,
        3250687.469239432,
        3416844.833708308
    ]
}