{
    "time_duration": 5453.078125,
    "total_photons": 464,
    "q1q3_com_distance": 503.76471813589745,
    "moments_of_inertia": [
        3139627.4193339758,
        27772361.855801687,
        28500963.461541045
    ]
}