{
    "time_duration": 5027.401855,
    "total_photons": 1760,
    "q1q3_com_distance": 322.9642580163064,
    "moments_of_inertia": [
        8668052.488077156,
        54628911.5516329,
        55168081.65255344
    ]
}