{
    "time_duration": 5819.328125000002,
    "total_photons": 2167,
    "q1q3_com_distance": 934.5616802466272,
    "moments_of_inertia": [
        4514731.290421115,
        290323446.086262,
        289845654.0008248
    ]
}