{
    "time_duration": 3856.7392579999996,
    "total_photons": 44,
    "q1q3_com_distance": 461.218820926531,
    "moments_of_inertia": [
        242055.83054044843,
        4108011.2762589892,
        4191553.2298096544
    ]
}