{
    "time_duration": 8465.419433,
    "total_photons": 88863,
    "q1q3_com_distance": 53.86010304705171,
    "moments_of_inertia": [
        206719463.5669397,
        826591275.4775361,
        805996647.092335
    ]
}