{
    "time_duration": 5200.100098,
    "total_photons": 2116,
    "q1q3_com_distance": 281.6860679885998,
    "moments_of_inertia": [
        8661336.02157747,
        45986388.506480455,
        49816240.90032329
    ]
}