{
    "time_duration": 4510.552733999999,
    "total_photons": 291,
    "q1q3_com_distance": 99.77694537560085,
    "moments_of_inertia": [
        2427140.9796866747,
        2888308.0238545807,
        4197226.018642938
    ]
}