{
    "time_duration": 3646.2597650000007,
    "total_photons": 15,
    "q1q3_com_distance": 339.2174833532318,
    "moments_of_inertia": [
        619656.5603456197,
        499417.52685851697,
        147466.22223586318
    ]
}