{
    "time_duration": 3391.056640999999,
    "total_photons": 706,
    "q1q3_com_distance": 309.9379931158794,
    "moments_of_inertia": [
        1215733.178476693,
        17621122.214555625,
        17443362.312523488
    ]
}