{
    "time_duration": 2327.63794,
    "total_photons": 5,
    "q1q3_com_distance": 108.34624462804422,
    "moments_of_inertia": [
        7749.018093228267,
        61440.83982677178,
        69189.85792000001
    ]
}