{
    "time_duration": 2798.2744139999995,
    "total_photons": 10,
    "q1q3_com_distance": 187.54042420531917,
    "moments_of_inertia": [
        47527.047195732666,
        84989.46128184312,
        122978.20034242404
    ]
}