{
    "time_duration": 6099.638184,
    "total_photons": 3015,
    "q1q3_com_distance": 569.325175567065,
    "moments_of_inertia": [
        13403214.756877273,
        201082364.10386342,
        199294285.89168826
    ]
}