{
    "time_duration": 5616.6489249999995,
    "total_photons": 1337,
    "q1q3_com_distance": 489.5818435893305,
    "moments_of_inertia": [
        1997532.6723577678,
        62263102.81080873,
        62555102.91755367
    ]
}