{
    "time_duration": 6266.952545,
    "total_photons": 3898,
    "q1q3_com_distance": 879.9680603188564,
    "moments_of_inertia": [
        14952547.765005946,
        571064055.8060583,
        573976239.6604567
    ]
}