{
    "time_duration": 2101.638275,
    "total_photons": 75,
    "q1q3_com_distance": 105.69191676663876,
    "moments_of_inertia": [
        235465.79428436828,
        368146.2240047835,
        548191.4572575146
    ]
}