{
    "time_duration": 5673.203735,
    "total_photons": 817,
    "q1q3_com_distance": 780.8529176243926,
    "moments_of_inertia": [
        4729553.902007088,
        98280202.06839032,
        98959566.4857779
    ]
}