{
    "time_duration": 5291.670898,
    "total_photons": 361,
    "q1q3_com_distance": 657.1765581033842,
    "moments_of_inertia": [
        1853447.4597168155,
        28237136.75730307,
        27973744.971387863
    ]
}