{
    "time_duration": 2920.1940910000003,
    "total_photons": 23,
    "q1q3_com_distance": 238.17298261394419,
    "moments_of_inertia": [
        158736.38443953078,
        884005.9448748305,
        761728.5712595519
    ]
}