{
    "time_duration": 4805.746094,
    "total_photons": 353,
    "q1q3_com_distance": 162.85130332048794,
    "moments_of_inertia": [
        3262238.583173628,
        6499290.535204837,
        5803125.26473655
    ]
}