{
    "time_duration": 4663.746948,
    "total_photons": 4250,
    "q1q3_com_distance": 262.04142326139333,
    "moments_of_inertia": [
        16285335.830636516,
        108796061.00935133,
        112752001.91991663
    ]
}