{
    "time_duration": 4122.293944999999,
    "total_photons": 85,
    "q1q3_com_distance": 406.001980381287,
    "moments_of_inertia": [
        221724.99216782767,
        3116934.925659044,
        3165209.833900191
    ]
}