{
    "time_duration": 9248.284668,
    "total_photons": 3025,
    "q1q3_com_distance": 649.5509193529995,
    "moments_of_inertia": [
        23350593.987802863,
        251729357.4521333,
        258977302.76304284
    ]
}