{
    "time_duration": 5110.78772,
    "total_photons": 45,
    "q1q3_com_distance": 92.28153610245782,
    "moments_of_inertia": [
        480140.79773091455,
        312322.02560019493,
        379083.89721111226
    ]
}