{
    "time_duration": 5164.585083,
    "total_photons": 4731,
    "q1q3_com_distance": 25.728285437273886,
    "moments_of_inertia": [
        5975121.70920868,
        19832656.555054463,
        16074207.255097592
    ]
}