{
    "time_duration": 6742.731262,
    "total_photons": 2400,
    "q1q3_com_distance": 120.49287146764767,
    "moments_of_inertia": [
        19622019.047966097,
        41263522.13539339,
        51437198.0119558
    ]
}