{
    "time_duration": 7411.382568000001,
    "total_photons": 9944,
    "q1q3_com_distance": 398.68207453817257,
    "moments_of_inertia": [
        27842974.905893624,
        343249777.68213576,
        337818421.5999032
    ]
}