{
    "time_duration": 9979.593993999999,
    "total_photons": 24022,
    "q1q3_com_distance": 1029.1497157273361,
    "moments_of_inertia": [
        116660405.97155863,
        5319281884.767363,
        5306828517.710626
    ]
}