{
    "time_duration": 6000.240234000001,
    "total_photons": 49,
    "q1q3_com_distance": 438.74289045246513,
    "moments_of_inertia": [
        304941.10833412176,
        2222994.8975523417,
        2251656.2039421066
    ]
}