{
    "time_duration": 7721.533203,
    "total_photons": 37779,
    "q1q3_com_distance": 47.25743702026917,
    "moments_of_inertia": [
        352962664.28579724,
        481541342.1122258,
        594580674.8733133
    ]
}