{
    "time_duration": 4099.085937000002,
    "total_photons": 1007,
    "q1q3_com_distance": 73.00285963249631,
    "moments_of_inertia": [
        4056961.357592133,
        6258041.410765885,
        5335402.348559953
    ]
}