{
    "time_duration": 4009.2734370000016,
    "total_photons": 3263,
    "q1q3_com_distance": 112.91348677452113,
    "moments_of_inertia": [
        2849011.7394023836,
        20167935.760263436,
        19688347.35430744
    ]
}