{
    "time_duration": 5067.70166,
    "total_photons": 16,
    "q1q3_com_distance": 682.4033102297348,
    "moments_of_inertia": [
        69246.21172573417,
        1354336.3531960833,
        1423582.5492031826
    ]
}