{
    "time_duration": 10666.745605999999,
    "total_photons": 35268,
    "q1q3_com_distance": 224.0176709785518,
    "moments_of_inertia": [
        233495517.95638537,
        1292898407.4657867,
        1326436915.979567
    ]
}