{
    "time_duration": 3759.489502,
    "total_photons": 44,
    "q1q3_com_distance": 169.3143969534269,
    "moments_of_inertia": [
        280695.46340562287,
        1396641.6567101055,
        1168618.2474615443
    ]
}