{
    "time_duration": 5831.991517,
    "total_photons": 654,
    "q1q3_com_distance": 84.65596319038588,
    "moments_of_inertia": [
        3237042.1422993187,
        8501504.829249065,
        7791203.710788925
    ]
}