{
    "time_duration": 5432.086426,
    "total_photons": 1051,
    "q1q3_com_distance": 684.6478838286453,
    "moments_of_inertia": [
        5664498.084759355,
        105627092.56442899,
        106018413.74255118
    ]
}