{
    "time_duration": 4168.637695999998,
    "total_photons": 45,
    "q1q3_com_distance": 535.9084342639222,
    "moments_of_inertia": [
        126559.01610639552,
        3113324.643135986,
        3153256.374917618
    ]
}