{
    "time_duration": 4692.171874,
    "total_photons": 1979,
    "q1q3_com_distance": 304.0336076231154,
    "moments_of_inertia": [
        2779382.223427236,
        44166472.07771666,
        44670365.9727878
    ]
}