{
    "time_duration": 4752.638671999999,
    "total_photons": 13820,
    "q1q3_com_distance": 211.07875357340424,
    "moments_of_inertia": [
        19793676.088839293,
        200063540.67614377,
        198928380.71382645
    ]
}