{
    "time_duration": 6325.061035,
    "total_photons": 36,
    "q1q3_com_distance": 128.6184745144327,
    "moments_of_inertia": [
        452935.3528547154,
        833356.6820498571,
        905160.715784316
    ]
}