{
    "time_duration": 8144.028321,
    "total_photons": 3512,
    "q1q3_com_distance": 678.0273325198591,
    "moments_of_inertia": [
        14297600.17737776,
        300554239.8747695,
        299699677.56062937
    ]
}