{
    "time_duration": 7486.748046999999,
    "total_photons": 3737,
    "q1q3_com_distance": 454.48461043335504,
    "moments_of_inertia": [
        20900512.635391712,
        192988421.66987574,
        189324235.3644211
    ]
}