{
    "time_duration": 6159.792969000002,
    "total_photons": 180,
    "q1q3_com_distance": 672.739625228654,
    "moments_of_inertia": [
        534276.7198119629,
        15878923.712707048,
        15671547.24471209
    ]
}