{
    "time_duration": 4444.630859999999,
    "total_photons": 2349,
    "q1q3_com_distance": 105.99547002066225,
    "moments_of_inertia": [
        9000351.399342075,
        20251470.62558156,
        22425026.69817965
    ]
}