{
    "time_duration": 8098.276244999999,
    "total_photons": 4742,
    "q1q3_com_distance": 742.635667564328,
    "moments_of_inertia": [
        24191346.59980631,
        572352063.6747298,
        577320718.8366758
    ]
}