{
    "time_duration": 3575.455567000001,
    "total_photons": 173,
    "q1q3_com_distance": 436.86341258604364,
    "moments_of_inertia": [
        1079794.495109383,
        8111179.820993058,
        8038073.016276745
    ]
}