{
    "time_duration": 5425.989745999999,
    "total_photons": 4253,
    "q1q3_com_distance": 227.67671896390465,
    "moments_of_inertia": [
        9009246.439175427,
        56085191.6413966,
        55400889.73249665
    ]
}