{
    "time_duration": 2264.4453120000035,
    "total_photons": 12,
    "q1q3_com_distance": 157.41546634446186,
    "moments_of_inertia": [
        48354.400186811254,
        182346.11846775972,
        216864.58811209555
    ]
}