{
    "time_duration": 5505.252197,
    "total_photons": 2443,
    "q1q3_com_distance": 330.3603593795083,
    "moments_of_inertia": [
        6772411.540343175,
        72414341.65016122,
        72648948.46261133
    ]
}