{
    "time_duration": 6608.392577999999,
    "total_photons": 2025,
    "q1q3_com_distance": 565.9004395723316,
    "moments_of_inertia": [
        4991969.193638191,
        116082581.0689077,
        116872532.07830854
    ]
}