{
    "time_duration": 4512.798584,
    "total_photons": 13,
    "q1q3_com_distance": 182.78737603998616,
    "moments_of_inertia": [
        80164.46419289778,
        534968.6199714665,
        505329.19100486656
    ]
}