{
    "time_duration": 933.359375,
    "total_photons": 56,
    "q1q3_com_distance": 40.624946398708694,
    "moments_of_inertia": [
        66466.70665000001,
        22321.67505973051,
        44145.03159026944
    ]
}