{
    "time_duration": 5215.869139999999,
    "total_photons": 591,
    "q1q3_com_distance": 710.1250527643385,
    "moments_of_inertia": [
        1278202.5464506,
        56426665.226964146,
        56656292.79778186
    ]
}