{
    "time_duration": 4287.072265000001,
    "total_photons": 377,
    "q1q3_com_distance": 73.11281952686582,
    "moments_of_inertia": [
        135768.08503596345,
        1973516.604436525,
        1872543.1511800291
    ]
}