{
    "time_duration": 4284.744628999999,
    "total_photons": 186,
    "q1q3_com_distance": 133.61260182046126,
    "moments_of_inertia": [
        1790294.3818888764,
        2912958.6661179475,
        2696505.831420057
    ]
}