{
    "time_duration": 6626.757812000001,
    "total_photons": 1184,
    "q1q3_com_distance": 708.4300097423294,
    "moments_of_inertia": [
        4829818.344160199,
        111218824.96031636,
        112019067.45369302
    ]
}