{
    "time_duration": 5051.529785,
    "total_photons": 19,
    "q1q3_com_distance": 281.80154672393127,
    "moments_of_inertia": [
        56681.36794112052,
        899110.8349037769,
        870043.3415551027
    ]
}