{
    "time_duration": 2218.275390999999,
    "total_photons": 15,
    "q1q3_com_distance": 387.96174535964235,
    "moments_of_inertia": [
        78343.03201765125,
        533067.8619092598,
        583915.3621797555
    ]
}