{
    "time_duration": 3036.1367189999983,
    "total_photons": 25,
    "q1q3_com_distance": 603.0121985001821,
    "moments_of_inertia": [
        103938.55707490654,
        1789916.4703018575,
        1819473.1604152378
    ]
}