{
    "time_duration": 7235.188477,
    "total_photons": 992,
    "q1q3_com_distance": 509.2980157914308,
    "moments_of_inertia": [
        1665775.4906882346,
        49405092.76060533,
        50180642.133247405
    ]
}