{
    "time_duration": 9342.394043,
    "total_photons": 4840,
    "q1q3_com_distance": 663.949241355198,
    "moments_of_inertia": [
        36705159.376096785,
        484678299.60801077,
        480585810.97404903
    ]
}