{
    "time_duration": 3145.59375,
    "total_photons": 14,
    "q1q3_com_distance": 723.8165427138633,
    "moments_of_inertia": [
        42365.531556747854,
        1399679.017081205,
        1391379.1487334776
    ]
}