{
    "time_duration": 1035.7597650000025,
    "total_photons": 18,
    "q1q3_com_distance": 150.2122104357699,
    "moments_of_inertia": [
        10234.37872421756,
        108516.05233552089,
        98281.93230692828
    ]
}