{
    "time_duration": 2328.2402349999993,
    "total_photons": 47,
    "q1q3_com_distance": 48.465229209827406,
    "moments_of_inertia": [
        33428.11338090447,
        71790.37182559443,
        78809.19032541591
    ]
}