{
    "time_duration": 5808.722656000002,
    "total_photons": 5021,
    "q1q3_com_distance": 420.87267931926783,
    "moments_of_inertia": [
        10493443.146097332,
        242489079.6735669,
        243639145.68187872
    ]
}