{
    "time_duration": 4231.075194999999,
    "total_photons": 1522,
    "q1q3_com_distance": 357.6788223988801,
    "moments_of_inertia": [
        3971033.5033234954,
        45851339.79853377,
        45095666.927553914
    ]
}