{
    "time_duration": 2972.797485,
    "total_photons": 142,
    "q1q3_com_distance": 33.4510335436569,
    "moments_of_inertia": [
        654074.4647067268,
        458937.191260046,
        347945.5831994237
    ]
}