{
    "time_duration": 501.89404300000024,
    "total_photons": 5,
    "q1q3_com_distance": 124.81164218533462,
    "moments_of_inertia": [
        1952.5279259973759,
        20651.690840000007,
        18699.162914002613
    ]
}