{
    "time_duration": 1422.294189,
    "total_photons": 15,
    "q1q3_com_distance": 94.36456409187724,
    "moments_of_inertia": [
        74693.87443584872,
        105692.312584423,
        133375.97551306168
    ]
}