{
    "time_duration": 9283.018554999999,
    "total_photons": 7572,
    "q1q3_com_distance": 802.1260091309997,
    "moments_of_inertia": [
        34775748.8963325,
        854576820.0741856,
        859182187.1907015
    ]
}