{
    "time_duration": 3630.0781250000005,
    "total_photons": 10,
    "q1q3_com_distance": 346.71418991568396,
    "moments_of_inertia": [
        13709.213644501753,
        313777.8421111949,
        300122.4486043036
    ]
}