{
    "time_duration": 4810.072265000001,
    "total_photons": 63,
    "q1q3_com_distance": 571.8157474095541,
    "moments_of_inertia": [
        145429.36655212194,
        4318437.247708673,
        4271233.280228094
    ]
}