{
    "time_duration": 1919.921875000001,
    "total_photons": 42,
    "q1q3_com_distance": 197.71786606882515,
    "moments_of_inertia": [
        61366.55750083079,
        384777.4791122108,
        402123.13573457755
    ]
}