{
    "time_duration": 4706.767578000001,
    "total_photons": 23,
    "q1q3_com_distance": 110.44257738752748,
    "moments_of_inertia": [
        377557.3781676831,
        234900.95666473085,
        182565.6873588905
    ]
}