{
    "time_duration": 8329.660194,
    "total_photons": 5809,
    "q1q3_com_distance": 206.46095774551603,
    "moments_of_inertia": [
        29170222.18187526,
        146613555.7733921,
        150211391.47761726
    ]
}