{
    "time_duration": 2151.9808350000003,
    "total_photons": 4,
    "q1q3_com_distance": 377.8837129329602,
    "moments_of_inertia": [
        62723.35389756263,
        226218.73743413365,
        238764.09621830352
    ]
}