{
    "time_duration": 2841.7460930000016,
    "total_photons": 32,
    "q1q3_com_distance": 288.63550137348835,
    "moments_of_inertia": [
        134361.62862505438,
        752434.247005772,
        694741.0051129234
    ]
}