{
    "time_duration": 3603.3027340000044,
    "total_photons": 10,
    "q1q3_com_distance": 221.53376256353243,
    "moments_of_inertia": [
        52624.89741286312,
        139496.3619649,
        170658.08552223703
    ]
}