{
    "time_duration": 4535.479408,
    "total_photons": 16676,
    "q1q3_com_distance": 12.49079249803663,
    "moments_of_inertia": [
        14567567.547148712,
        13943445.15067207,
        12614151.846294628
    ]
}