{
    "time_duration": 3683.363281,
    "total_photons": 350,
    "q1q3_com_distance": 370.4445561307608,
    "moments_of_inertia": [
        1126070.4765814878,
        10161816.879914034,
        10513558.271325067
    ]
}