{
    "time_duration": 3149.069199,
    "total_photons": 10590,
    "q1q3_com_distance": 13.569750953826558,
    "moments_of_inertia": [
        11488985.77010626,
        8448624.924825419,
        6134753.4575402755
    ]
}