{
    "time_duration": 5461.606444999999,
    "total_photons": 303,
    "q1q3_com_distance": 154.59297584437343,
    "moments_of_inertia": [
        2145279.8933770927,
        7253890.033158054,
        6208545.279557251
    ]
}