{
    "time_duration": 6281.86493,
    "total_photons": 1040,
    "q1q3_com_distance": 617.4844676326405,
    "moments_of_inertia": [
        3369287.832475409,
        83140742.7405983,
        82357508.49862517
    ]
}