{
    "time_duration": 5147.318786999999,
    "total_photons": 382,
    "q1q3_com_distance": 81.50178944027033,
    "moments_of_inertia": [
        1706018.5877881362,
        3233522.0546595342,
        2999744.6334905494
    ]
}