{
    "time_duration": 4845.985352,
    "total_photons": 1209,
    "q1q3_com_distance": 147.34431150395264,
    "moments_of_inertia": [
        2480073.30481451,
        19547497.66278021,
        19791648.894735467
    ]
}