{
    "time_duration": 6211.974365,
    "total_photons": 260,
    "q1q3_com_distance": 187.04439165340932,
    "moments_of_inertia": [
        1820021.159832905,
        3765442.960983883,
        3987060.1080516754
    ]
}