{
    "time_duration": 4868.243164,
    "total_photons": 656,
    "q1q3_com_distance": 643.6393666202974,
    "moments_of_inertia": [
        1888516.4704555497,
        55435550.39508133,
        55684110.66875282
    ]
}