{
    "time_duration": 1354.7402339999999,
    "total_photons": 4,
    "q1q3_com_distance": 312.6085157189421,
    "moments_of_inertia": [
        2537.4318680443685,
        108643.79332033017,
        111181.22041162562
    ]
}