{
    "time_duration": 2530.740234000001,
    "total_photons": 9,
    "q1q3_com_distance": 159.20661118321826,
    "moments_of_inertia": [
        28236.322144991747,
        118894.90454925578,
        107217.68730575248
    ]
}