{
    "time_duration": 4108.117614999999,
    "total_photons": 4975,
    "q1q3_com_distance": 81.1378631740536,
    "moments_of_inertia": [
        15471606.341342025,
        48282223.34714041,
        57243298.17939863
    ]
}