{
    "time_duration": 5717.761047,
    "total_photons": 4720,
    "q1q3_com_distance": 67.66480033568918,
    "moments_of_inertia": [
        29966029.236271776,
        25745846.34968547,
        8773006.625691917
    ]
}