{
    "time_duration": 4750.609863,
    "total_photons": 67,
    "q1q3_com_distance": 111.40049516889688,
    "moments_of_inertia": [
        1281863.4727849958,
        1227961.0188165002,
        593421.7612164123
    ]
}