{
    "time_duration": 8360.290894,
    "total_photons": 4981,
    "q1q3_com_distance": 488.99175110997584,
    "moments_of_inertia": [
        33749882.34699482,
        275503408.0217413,
        268269653.38941905
    ]
}