{
    "time_duration": 6881.907959,
    "total_photons": 6383,
    "q1q3_com_distance": 517.8919155308495,
    "moments_of_inertia": [
        15455130.830324471,
        363782546.4254437,
        354872786.1638227
    ]
}