{
    "time_duration": 3503.6077879999993,
    "total_photons": 31,
    "q1q3_com_distance": 97.81554512033098,
    "moments_of_inertia": [
        186457.02110022167,
        454205.712458088,
        551483.2633836254
    ]
}