{
    "time_duration": 4318.372559,
    "total_photons": 857,
    "q1q3_com_distance": 88.7621680598741,
    "moments_of_inertia": [
        4848262.059689966,
        7312291.380691703,
        6877699.100854729
    ]
}