{
    "time_duration": 1862.9384770000006,
    "total_photons": 109,
    "q1q3_com_distance": 153.16104040783281,
    "moments_of_inertia": [
        63954.645914628636,
        648317.8124469479,
        626587.8172861318
    ]
}