{
    "time_duration": 2490.548828,
    "total_photons": 14,
    "q1q3_com_distance": 118.67149826306229,
    "moments_of_inertia": [
        166931.350469412,
        141754.3088604824,
        75288.91324153416
    ]
}