{
    "time_duration": 1463.9521480000003,
    "total_photons": 24,
    "q1q3_com_distance": 85.28068553312652,
    "moments_of_inertia": [
        20829.324773293556,
        117564.02255309622,
        127371.0917319434
    ]
}