{
    "time_duration": 7265.089844,
    "total_photons": 6888,
    "q1q3_com_distance": 622.8279912015852,
    "moments_of_inertia": [
        14049083.638690073,
        593430477.4917032,
        594573082.348761
    ]
}