{
    "time_duration": 3332.2939450000013,
    "total_photons": 118,
    "q1q3_com_distance": 417.2096341120243,
    "moments_of_inertia": [
        289721.4929046673,
        4296836.4594139205,
        4407465.610952599
    ]
}