{
    "time_duration": 2658.060546999999,
    "total_photons": 132,
    "q1q3_com_distance": 168.44565813936998,
    "moments_of_inertia": [
        118163.95456877071,
        1235539.2741889309,
        1190479.2707665404
    ]
}