{
    "time_duration": 5690.5661629999995,
    "total_photons": 12,
    "q1q3_com_distance": 108.5062892186441,
    "moments_of_inertia": [
        404139.1660117825,
        290193.8691418087,
        129672.45691307557
    ]
}