{
    "time_duration": 4583.031372,
    "total_photons": 37867,
    "q1q3_com_distance": 14.400210821787303,
    "moments_of_inertia": [
        179675312.17758778,
        246779118.1843544,
        226577255.06178418
    ]
}