{
    "time_duration": 4375.281983,
    "total_photons": 217,
    "q1q3_com_distance": 103.56323767388643,
    "moments_of_inertia": [
        1410470.2267943919,
        5832061.928415756,
        5574198.695129024
    ]
}