{
    "time_duration": 5522.234374999998,
    "total_photons": 1379,
    "q1q3_com_distance": 128.46466409735078,
    "moments_of_inertia": [
        12276575.037708558,
        18388964.089296572,
        24826931.134425156
    ]
}