{
    "time_duration": 7546.7387690000005,
    "total_photons": 2036,
    "q1q3_com_distance": 102.72539680656583,
    "moments_of_inertia": [
        10973406.790249594,
        23033959.171931956,
        21216003.07246598
    ]
}