{
    "time_duration": 6928.078125,
    "total_photons": 14197,
    "q1q3_com_distance": 153.39238814135717,
    "moments_of_inertia": [
        104039637.58704376,
        321985009.45179313,
        357155973.089635
    ]
}