{
    "time_duration": 9800.291503999999,
    "total_photons": 14913,
    "q1q3_com_distance": 930.3991051412064,
    "moments_of_inertia": [
        90561050.97827196,
        2654772575.3516574,
        2636878994.1794353
    ]
}