{
    "time_duration": 2970.240479,
    "total_photons": 329,
    "q1q3_com_distance": 165.26439153032203,
    "moments_of_inertia": [
        431648.6997016594,
        3004990.613416029,
        3143916.036896899
    ]
}