{
    "time_duration": 7594.625000000001,
    "total_photons": 4184,
    "q1q3_com_distance": 368.4110259802689,
    "moments_of_inertia": [
        30195713.133151025,
        168226435.35682347,
        172921335.08416593
    ]
}