{
    "time_duration": 8914.449722000001,
    "total_photons": 20567,
    "q1q3_com_distance": 416.0522700424595,
    "moments_of_inertia": [
        91795294.7644639,
        817748587.3872447,
        798036373.4571903
    ]
}