{
    "time_duration": 2778.533202999999,
    "total_photons": 10,
    "q1q3_com_distance": 216.3082184188931,
    "moments_of_inertia": [
        46881.6382118176,
        149325.78927224205,
        188963.91989594026
    ]
}