{
    "time_duration": 6401.533477,
    "total_photons": 1144,
    "q1q3_com_distance": 388.8582042089845,
    "moments_of_inertia": [
        10135228.022590369,
        52506528.1789459,
        50681467.46321125
    ]
}