{
    "time_duration": 9275.781617,
    "total_photons": 1157,
    "q1q3_com_distance": 510.19366352061877,
    "moments_of_inertia": [
        9215946.221688345,
        80413740.85730302,
        81470218.69419624
    ]
}