{
    "time_duration": 2749.055786,
    "total_photons": 1438,
    "q1q3_com_distance": 62.64809971289226,
    "moments_of_inertia": [
        2788268.3312468324,
        6624027.580899588,
        5245187.707907277
    ]
}