{
    "time_duration": 5257.486816,
    "total_photons": 275,
    "q1q3_com_distance": 159.47631004896866,
    "moments_of_inertia": [
        2189794.741317123,
        5690223.66284936,
        6053757.428349875
    ]
}