{
    "time_duration": 4082.606995,
    "total_photons": 15404,
    "q1q3_com_distance": 17.764956872794727,
    "moments_of_inertia": [
        49269029.29955095,
        38892833.34776088,
        31432212.439207565
    ]
}