{
    "time_duration": 1900.2607419999995,
    "total_photons": 17,
    "q1q3_com_distance": 105.09143917203718,
    "moments_of_inertia": [
        60578.505461039065,
        150446.53978194288,
        194391.32249819455
    ]
}