{
    "time_duration": 6050.339599000001,
    "total_photons": 1910,
    "q1q3_com_distance": 86.27815902227803,
    "moments_of_inertia": [
        18742106.20112606,
        14310948.366723262,
        9909911.78218012
    ]
}