{
    "time_duration": 7587.966797000001,
    "total_photons": 680,
    "q1q3_com_distance": 113.22018802745478,
    "moments_of_inertia": [
        3055407.874796644,
        5502027.709147325,
        5285008.1087663295
    ]
}