{
    "time_duration": 3977.7773439999946,
    "total_photons": 117,
    "q1q3_com_distance": 815.3681129708489,
    "moments_of_inertia": [
        179974.1086818576,
        11587390.480083456,
        11531649.573549228
    ]
}