{
    "time_duration": 7532.918701999999,
    "total_photons": 9577,
    "q1q3_com_distance": 491.79115368039953,
    "moments_of_inertia": [
        32703519.23288822,
        435581516.7571418,
        439689220.61247814
    ]
}