{
    "time_duration": 1953.1030279999995,
    "total_photons": 4,
    "q1q3_com_distance": 250.19893964603446,
    "moments_of_inertia": [
        8977.148414073563,
        42295.14093960367,
        50984.96194632281
    ]
}