{
    "time_duration": 5023.674805000001,
    "total_photons": 10485,
    "q1q3_com_distance": 307.7429790247679,
    "moments_of_inertia": [
        6231422.04303346,
        434741681.0000379,
        433814752.3797201
    ]
}