{
    "time_duration": 4243.338562,
    "total_photons": 20341,
    "q1q3_com_distance": 130.72846442413712,
    "moments_of_inertia": [
        50401364.968425214,
        296115435.40189797,
        307371608.53749174
    ]
}