{
    "time_duration": 6814.897949,
    "total_photons": 596,
    "q1q3_com_distance": 429.05354525384377,
    "moments_of_inertia": [
        4687865.348640259,
        28356312.062862888,
        30712715.387467965
    ]
}