{
    "time_duration": 851.2490239999997,
    "total_photons": 13,
    "q1q3_com_distance": 74.9360626263779,
    "moments_of_inertia": [
        31517.701962479743,
        47771.97019382504,
        59470.13328984906
    ]
}