{
    "time_duration": 7925.890624999998,
    "total_photons": 691,
    "q1q3_com_distance": 529.7083978064874,
    "moments_of_inertia": [
        5081811.083789013,
        44284396.208089866,
        45740826.43563719
    ]
}