{
    "time_duration": 3344.1083990000006,
    "total_photons": 5,
    "q1q3_com_distance": 448.58487964932567,
    "moments_of_inertia": [
        7852.1629144416365,
        235783.89162537587,
        243636.05002018245
    ]
}