{
    "time_duration": 2718.640625,
    "total_photons": 8,
    "q1q3_com_distance": 135.75827286025702,
    "moments_of_inertia": [
        189641.18648086343,
        71705.08849469804,
        118100.7301744383
    ]
}