{
    "time_duration": 1504.2758789999998,
    "total_photons": 175,
    "q1q3_com_distance": 49.52999922619752,
    "moments_of_inertia": [
        296989.6682194287,
        202362.52995591416,
        94627.13826351461
    ]
}