{
    "time_duration": 6248.093749999998,
    "total_photons": 874,
    "q1q3_com_distance": 383.7708632223432,
    "moments_of_inertia": [
        4201492.790466085,
        34744857.43267854,
        34500935.467493124
    ]
}