{
    "time_duration": 2101.785155999998,
    "total_photons": 5,
    "q1q3_com_distance": 76.01023417935247,
    "moments_of_inertia": [
        35991.93777299351,
        143430.12896825786,
        154048.79429874851
    ]
}