{
    "time_duration": 3788.908204,
    "total_photons": 575,
    "q1q3_com_distance": 164.73318660439006,
    "moments_of_inertia": [
        1779917.7906987816,
        17481916.39804099,
        18566971.951516207
    ]
}