{
    "time_duration": 5076.230468000002,
    "total_photons": 127,
    "q1q3_com_distance": 666.639157223056,
    "moments_of_inertia": [
        128832.70605476573,
        11596934.83221284,
        11568697.094674118
    ]
}