{
    "time_duration": 5873.505859,
    "total_photons": 1798,
    "q1q3_com_distance": 609.1447803247374,
    "moments_of_inertia": [
        4198724.38045387,
        117753870.2802103,
        118439559.1817698
    ]
}