{
    "time_duration": 9065.708008,
    "total_photons": 5648,
    "q1q3_com_distance": 719.7333160870525,
    "moments_of_inertia": [
        37368849.73172879,
        602890190.657196,
        606347574.9598191
    ]
}