{
    "time_duration": 3828.109375,
    "total_photons": 50,
    "q1q3_com_distance": 107.3703457044189,
    "moments_of_inertia": [
        85063.88551585621,
        369367.15373944823,
        387461.83670469583
    ]
}