{
    "time_duration": 3024.131347999999,
    "total_photons": 224,
    "q1q3_com_distance": 108.31868450244673,
    "moments_of_inertia": [
        707323.94801306,
        2374834.611141962,
        2786829.166286049
    ]
}