{
    "time_duration": 1178.6875,
    "total_photons": 4,
    "q1q3_com_distance": 311.89489655972255,
    "moments_of_inertia": [
        4334.433631480097,
        64672.17466851988,
        69006.60829999999
    ]
}