{
    "time_duration": 5329.756592,
    "total_photons": 1243,
    "q1q3_com_distance": 543.0164391622441,
    "moments_of_inertia": [
        7930140.160255879,
        86784627.1733281,
        84986039.41173542
    ]
}