{
    "time_duration": 5645.654297000001,
    "total_photons": 958,
    "q1q3_com_distance": 431.05695650720975,
    "moments_of_inertia": [
        3203683.3020847365,
        43298301.75848386,
        44014991.705332875
    ]
}