{
    "time_duration": 8349.349457,
    "total_photons": 12777,
    "q1q3_com_distance": 759.2813110011397,
    "moments_of_inertia": [
        36187203.81715822,
        1478476273.582894,
        1484658843.4229834
    ]
}