{
    "time_duration": 5737.377929,
    "total_photons": 1308,
    "q1q3_com_distance": 247.85242588989317,
    "moments_of_inertia": [
        10514463.014737248,
        28285610.215180088,
        29483749.20526448
    ]
}