{
    "time_duration": 8105.83545,
    "total_photons": 7231,
    "q1q3_com_distance": 553.7438529008884,
    "moments_of_inertia": [
        40099856.800985396,
        438119160.99746794,
        446901784.6509956
    ]
}