{
    "time_duration": 4523.389649,
    "total_photons": 1202,
    "q1q3_com_distance": 284.91881068577254,
    "moments_of_inertia": [
        2924163.485662002,
        22546257.17786429,
        22946513.116266385
    ]
}