{
    "time_duration": 3549.851563,
    "total_photons": 24,
    "q1q3_com_distance": 309.3263287191844,
    "moments_of_inertia": [
        116888.13952226378,
        662699.3365519362,
        566172.0945507999
    ]
}