{
    "time_duration": 6822.896057,
    "total_photons": 798,
    "q1q3_com_distance": 86.86341321151879,
    "moments_of_inertia": [
        4914725.438796345,
        6305044.467290816,
        8808691.613734895
    ]
}