{
    "time_duration": 8161.007813,
    "total_photons": 7640,
    "q1q3_com_distance": 301.73976721793747,
    "moments_of_inertia": [
        29734540.568980932,
        192390912.7174575,
        195359551.65103602
    ]
}