{
    "time_duration": 4423.415283,
    "total_photons": 408,
    "q1q3_com_distance": 86.66356184944046,
    "moments_of_inertia": [
        1656117.298836674,
        4166578.36564791,
        3754448.244909038
    ]
}