{
    "time_duration": 7448.945540999999,
    "total_photons": 41460,
    "q1q3_com_distance": 175.3760942773042,
    "moments_of_inertia": [
        340836425.7532761,
        837652132.3914279,
        884402229.3752135
    ]
}