{
    "time_duration": 9014.421875,
    "total_photons": 1320,
    "q1q3_com_distance": 321.1841613730953,
    "moments_of_inertia": [
        12155886.43551322,
        61280412.69764178,
        68476728.26354896
    ]
}