{
    "time_duration": 2458.123291,
    "total_photons": 35,
    "q1q3_com_distance": 49.422151341376306,
    "moments_of_inertia": [
        134479.60891561798,
        322153.2326255553,
        231690.93362454115
    ]
}