{
    "time_duration": 4864.757813000004,
    "total_photons": 10,
    "q1q3_com_distance": 444.28940754372655,
    "moments_of_inertia": [
        89691.33931613783,
        1169839.7342737722,
        1235467.8951700898
    ]
}