{
    "time_duration": 4503.399414,
    "total_photons": 1115,
    "q1q3_com_distance": 32.22841137118827,
    "moments_of_inertia": [
        4437677.864072059,
        3518074.092012418,
        1806481.5425774024
    ]
}