{
    "time_duration": 2926.3749999999964,
    "total_photons": 234,
    "q1q3_com_distance": 239.92687458193018,
    "moments_of_inertia": [
        300257.4466615487,
        5161709.751451636,
        5131268.285362026
    ]
}