{
    "time_duration": 6477.014648,
    "total_photons": 3453,
    "q1q3_com_distance": 880.8461461779335,
    "moments_of_inertia": [
        22227114.85641359,
        496002626.8950181,
        496520744.3309319
    ]
}