{
    "time_duration": 6208.2987060000005,
    "total_photons": 7247,
    "q1q3_com_distance": 278.3944141246201,
    "moments_of_inertia": [
        38682686.004215956,
        360090773.9033991,
        351874542.82232356
    ]
}