{
    "time_duration": 8750.616211,
    "total_photons": 7394,
    "q1q3_com_distance": 480.65793832988317,
    "moments_of_inertia": [
        33146273.956333876,
        383878799.094025,
        387010514.52649915
    ]
}