{
    "time_duration": 1425.8637699999995,
    "total_photons": 4,
    "q1q3_com_distance": 277.7406065018222,
    "moments_of_inertia": [
        26402.6493514307,
        80313.97566221029,
        65528.53833635914
    ]
}