{
    "time_duration": 5372.2861330000005,
    "total_photons": 1489,
    "q1q3_com_distance": 455.2943103644141,
    "moments_of_inertia": [
        2020244.095419392,
        58866324.66470383,
        59394740.85495379
    ]
}