{
    "time_duration": 8048.991553999999,
    "total_photons": 58392,
    "q1q3_com_distance": 284.911322567502,
    "moments_of_inertia": [
        273414156.3671212,
        1773380616.2858262,
        1798978633.477475
    ]
}