{
    "time_duration": 3173.148864,
    "total_photons": 547,
    "q1q3_com_distance": 205.7621473711269,
    "moments_of_inertia": [
        3877327.969017118,
        15082861.251802845,
        16086377.05674712
    ]
}