{
    "time_duration": 3055.1962889999995,
    "total_photons": 836,
    "q1q3_com_distance": 46.33322269889741,
    "moments_of_inertia": [
        1137186.113567119,
        2481047.5560734468,
        2298671.4111850327
    ]
}