{
    "time_duration": 3298.5786130000006,
    "total_photons": 21,
    "q1q3_com_distance": 113.97348296960219,
    "moments_of_inertia": [
        137100.8576894492,
        769785.313091599,
        856308.0303427614
    ]
}