{
    "time_duration": 5415.515624,
    "total_photons": 194,
    "q1q3_com_distance": 242.72884416944933,
    "moments_of_inertia": [
        1588787.368763755,
        5045823.050082054,
        5407361.775891302
    ]
}