{
    "time_duration": 4630.3149410000005,
    "total_photons": 142,
    "q1q3_com_distance": 636.2599882401372,
    "moments_of_inertia": [
        13686227.9654219,
        13164722.631988404,
        618547.1385023638
    ]
}