{
    "time_duration": 3740.952027,
    "total_photons": 102,
    "q1q3_com_distance": 246.89540075726146,
    "moments_of_inertia": [
        540465.5868938938,
        3288481.9616247183,
        3334800.321055894
    ]
}