{
    "time_duration": 2946.650635,
    "total_photons": 21,
    "q1q3_com_distance": 49.98552086576909,
    "moments_of_inertia": [
        56144.10585125354,
        103914.7326190803,
        160058.81728204715
    ]
}