{
    "time_duration": 3709.6630860000005,
    "total_photons": 214,
    "q1q3_com_distance": 443.07980249101865,
    "moments_of_inertia": [
        391395.3431683233,
        11920328.420308625,
        11955464.731572587
    ]
}