{
    "time_duration": 6190.307739,
    "total_photons": 1926,
    "q1q3_com_distance": 205.19740135083617,
    "moments_of_inertia": [
        14921445.754154213,
        44073256.13738093,
        44645452.68969613
    ]
}