{
    "time_duration": 1549.0009769999997,
    "total_photons": 33,
    "q1q3_com_distance": 127.46626335926051,
    "moments_of_inertia": [
        83831.01650670875,
        400497.8370187825,
        444721.86122602376
    ]
}