{
    "time_duration": 5941.457886,
    "total_photons": 716,
    "q1q3_com_distance": 758.7265515999009,
    "moments_of_inertia": [
        3167593.641271591,
        73771537.17425773,
        74154466.68722571
    ]
}