{
    "time_duration": 7061.137694999999,
    "total_photons": 165,
    "q1q3_com_distance": 797.441904907577,
    "moments_of_inertia": [
        815121.7443169318,
        19201108.266383007,
        19437552.926720675
    ]
}