{
    "time_duration": 6653.463837,
    "total_photons": 779,
    "q1q3_com_distance": 99.19260487991983,
    "moments_of_inertia": [
        5422498.653514117,
        13917605.491648164,
        16321887.618020248
    ]
}