{
    "time_duration": 3708.880859000001,
    "total_photons": 63,
    "q1q3_com_distance": 362.0759893137074,
    "moments_of_inertia": [
        69164.52937156381,
        1788537.8409567613,
        1779385.0856716738
    ]
}