{
    "time_duration": 858.5767819999999,
    "total_photons": 6,
    "q1q3_com_distance": 62.315240110265165,
    "moments_of_inertia": [
        9529.686699115275,
        26300.186278307847,
        30118.97215591025
    ]
}