{
    "time_duration": 9323.21997,
    "total_photons": 859,
    "q1q3_com_distance": 379.41271224718673,
    "moments_of_inertia": [
        6544104.4504692,
        35424385.04022636,
        36694507.55351811
    ]
}