{
    "time_duration": 8442.517577999999,
    "total_photons": 43,
    "q1q3_com_distance": 696.2672996512447,
    "moments_of_inertia": [
        520159.23484236514,
        4706196.796523717,
        4992104.231694386
    ]
}