{
    "time_duration": 3711.199096,
    "total_photons": 374,
    "q1q3_com_distance": 324.50845412278454,
    "moments_of_inertia": [
        343543.0375530124,
        9460830.389256645,
        9498321.219833666
    ]
}