{
    "time_duration": 4022.2700190000005,
    "total_photons": 33,
    "q1q3_com_distance": 443.18446192118273,
    "moments_of_inertia": [
        75322.81555656018,
        1332132.9427691845,
        1352598.4670924384
    ]
}