{
    "time_duration": 1112.213378999999,
    "total_photons": 4,
    "q1q3_com_distance": 177.63750730068242,
    "moments_of_inertia": [
        11635.455478890224,
        53310.37229733857,
        45793.81617377117
    ]
}