{
    "time_duration": 5984.052734000001,
    "total_photons": 104,
    "q1q3_com_distance": 505.03394352530614,
    "moments_of_inertia": [
        159175.6499897642,
        8066514.966895399,
        7996522.4291879125
    ]
}