{
    "time_duration": 4850.553954999999,
    "total_photons": 697,
    "q1q3_com_distance": 259.12505296899764,
    "moments_of_inertia": [
        4099174.595632704,
        12973266.805606114,
        13686000.579572082
    ]
}