{
    "time_duration": 2610.880371,
    "total_photons": 24,
    "q1q3_com_distance": 489.9422266763252,
    "moments_of_inertia": [
        63805.917934444966,
        1008628.8766278198,
        1047301.3920294031
    ]
}