{
    "time_duration": 5464.551483,
    "total_photons": 1808,
    "q1q3_com_distance": 112.20712171330926,
    "moments_of_inertia": [
        18923878.362812124,
        44841317.5388698,
        49506651.22125164
    ]
}