{
    "time_duration": 2365.8173830000005,
    "total_photons": 10,
    "q1q3_com_distance": 414.9450699255936,
    "moments_of_inertia": [
        33712.055856204475,
        897627.9106608864,
        886709.0122829098
    ]
}