{
    "time_duration": 4787.042602,
    "total_photons": 317,
    "q1q3_com_distance": 268.30161609887233,
    "moments_of_inertia": [
        793268.0688186893,
        5461908.662198108,
        5749215.858464594
    ]
}