{
    "time_duration": 6268.992432,
    "total_photons": 278,
    "q1q3_com_distance": 1016.6889284885237,
    "moments_of_inertia": [
        1094061.7010491043,
        53390876.040728,
        53161480.68756539
    ]
}