{
    "time_duration": 1439.111817,
    "total_photons": 5,
    "q1q3_com_distance": 192.67058552098717,
    "moments_of_inertia": [
        2614.907351736132,
        52744.81619083319,
        50129.93165743068
    ]
}