{
    "time_duration": 4653.267578000001,
    "total_photons": 110,
    "q1q3_com_distance": 248.24261091208504,
    "moments_of_inertia": [
        1049775.3533610422,
        2725459.5659709796,
        3048844.0713697984
    ]
}