{
    "time_duration": 4353.283691,
    "total_photons": 17,
    "q1q3_com_distance": 672.2005039660787,
    "moments_of_inertia": [
        93750.1722397802,
        1321730.4701553662,
        1394808.1159107364
    ]
}