{
    "time_duration": 5546.716706,
    "total_photons": 1746,
    "q1q3_com_distance": 657.48308351947,
    "moments_of_inertia": [
        7983730.279576033,
        196631169.31012598,
        195585796.39778465
    ]
}