{
    "time_duration": 4165.31128,
    "total_photons": 142,
    "q1q3_com_distance": 249.46572910644673,
    "moments_of_inertia": [
        777167.593644239,
        2611109.792465992,
        2505227.866415123
    ]
}