{
    "time_duration": 5327.447571,
    "total_photons": 158,
    "q1q3_com_distance": 92.82850484529236,
    "moments_of_inertia": [
        809029.0042141792,
        1671556.1828786498,
        1949850.078214767
    ]
}