{
    "time_duration": 594.748047000001,
    "total_photons": 5,
    "q1q3_com_distance": 263.3577502182156,
    "moments_of_inertia": [
        980.282007750604,
        49072.30462710948,
        48092.06112513989
    ]
}