{
    "time_duration": 2408.3193360000005,
    "total_photons": 28,
    "q1q3_com_distance": 186.73415315657195,
    "moments_of_inertia": [
        69350.45298977592,
        883895.0459954018,
        861382.676771965
    ]
}