{
    "time_duration": 3183.099608999999,
    "total_photons": 72,
    "q1q3_com_distance": 504.69838136134894,
    "moments_of_inertia": [
        172381.13772531226,
        3379735.2969849585,
        3432645.0616647294
    ]
}