{
    "time_duration": 4467.104492,
    "total_photons": 131,
    "q1q3_com_distance": 558.9070666107541,
    "moments_of_inertia": [
        336045.5978075769,
        7545501.033607291,
        7656403.403427889
    ]
}