{
    "time_duration": 7691.566406000001,
    "total_photons": 967,
    "q1q3_com_distance": 268.9412434988903,
    "moments_of_inertia": [
        6122114.038685374,
        24880915.01546561,
        24567556.405547477
    ]
}