{
    "time_duration": 2353.876953000001,
    "total_photons": 13,
    "q1q3_com_distance": 203.57912167324525,
    "moments_of_inertia": [
        310277.21749313385,
        292808.0003059154,
        79374.67484710467
    ]
}