{
    "time_duration": 2071.570313,
    "total_photons": 4,
    "q1q3_com_distance": 187.4435136247718,
    "moments_of_inertia": [
        27636.057800000002,
        9667.276365878764,
        17968.781434121247
    ]
}