{
    "time_duration": 5826.758301,
    "total_photons": 938,
    "q1q3_com_distance": 742.5322681000897,
    "moments_of_inertia": [
        2400282.3651756793,
        90640445.29308753,
        91033787.48625836
    ]
}