{
    "time_duration": 1900.9758300000003,
    "total_photons": 11,
    "q1q3_com_distance": 97.73243883174052,
    "moments_of_inertia": [
        35202.08668031666,
        421415.1933670085,
        410156.229225402
    ]
}