{
    "time_duration": 4192.984375,
    "total_photons": 119,
    "q1q3_com_distance": 224.75833140929106,
    "moments_of_inertia": [
        484791.310429845,
        2344925.0245396765,
        2177683.995292663
    ]
}