{
    "time_duration": 2364.850342,
    "total_photons": 11,
    "q1q3_com_distance": 130.20096590356843,
    "moments_of_inertia": [
        14513.885980732899,
        96783.72784177795,
        102646.57159567102
    ]
}