{
    "time_duration": 5791.441696,
    "total_photons": 3202,
    "q1q3_com_distance": 49.591555805562656,
    "moments_of_inertia": [
        16243114.49338498,
        29966305.623545934,
        27999134.61937879
    ]
}