{
    "time_duration": 3638.8056640000013,
    "total_photons": 5,
    "q1q3_com_distance": 140.89230585805603,
    "moments_of_inertia": [
        16687.676375815558,
        139426.218712946,
        122738.59507123829
    ]
}