{
    "time_duration": 3507.6430660000005,
    "total_photons": 104,
    "q1q3_com_distance": 493.4815041360804,
    "moments_of_inertia": [
        223616.02776104398,
        4747961.061807013,
        4784962.020497326
    ]
}