{
    "time_duration": 2689.1123049999997,
    "total_photons": 16,
    "q1q3_com_distance": 559.6144626325345,
    "moments_of_inertia": [
        44404.1444830941,
        1101727.8077167782,
        1089476.6599376258
    ]
}