{
    "time_duration": 3351.407226000001,
    "total_photons": 61,
    "q1q3_com_distance": 320.735077961044,
    "moments_of_inertia": [
        219425.07109788503,
        2184741.984666269,
        2152836.2767538787
    ]
}