{
    "time_duration": 2966.127929,
    "total_photons": 28,
    "q1q3_com_distance": 136.75018619544832,
    "moments_of_inertia": [
        130884.86043039738,
        525366.087405472,
        581330.7049712735
    ]
}