{
    "time_duration": 4125.139648,
    "total_photons": 69,
    "q1q3_com_distance": 641.4295680046614,
    "moments_of_inertia": [
        228525.43408033717,
        7131158.582076023,
        7156445.552481317
    ]
}