{
    "time_duration": 2080.9091799999987,
    "total_photons": 12,
    "q1q3_com_distance": 239.87206604076846,
    "moments_of_inertia": [
        31314.39207036665,
        205608.16299675783,
        227269.73943287553
    ]
}