{
    "time_duration": 3432.6518560000004,
    "total_photons": 115,
    "q1q3_com_distance": 439.9377519692177,
    "moments_of_inertia": [
        762901.725719043,
        6490415.725941711,
        6071299.528732293
    ]
}