{
    "time_duration": 4493.0693360000005,
    "total_photons": 158,
    "q1q3_com_distance": 591.7918666605367,
    "moments_of_inertia": [
        1116467.7449500803,
        12097587.770054972,
        12481449.413522799
    ]
}