{
    "time_duration": 4550.0495,
    "total_photons": 912,
    "q1q3_com_distance": 102.70640813089884,
    "moments_of_inertia": [
        8792145.644931888,
        11248265.920722894,
        15222974.02529586
    ]
}