{
    "time_duration": 4276.757813,
    "total_photons": 41,
    "q1q3_com_distance": 428.8411170779853,
    "moments_of_inertia": [
        157994.29388463264,
        1738405.197900014,
        1797531.0332202346
    ]
}