{
    "time_duration": 4380.915131,
    "total_photons": 199,
    "q1q3_com_distance": 184.54068544415878,
    "moments_of_inertia": [
        1743167.6217489457,
        5639660.702804061,
        5390808.537981653
    ]
}