{
    "time_duration": 4290.1025389999995,
    "total_photons": 45,
    "q1q3_com_distance": 511.5642062514168,
    "moments_of_inertia": [
        301634.14940554975,
        2775352.789535097,
        2649111.359468244
    ]
}