{
    "time_duration": 4367.487212999999,
    "total_photons": 399,
    "q1q3_com_distance": 58.76391688527916,
    "moments_of_inertia": [
        2534925.139050834,
        1962501.6340582722,
        2200911.2203044295
    ]
}