{
    "time_duration": 5509.050781000002,
    "total_photons": 42,
    "q1q3_com_distance": 310.7884604165655,
    "moments_of_inertia": [
        252370.73741041275,
        1273972.9279254905,
        1384415.638806954
    ]
}