{
    "time_duration": 3708.075683000001,
    "total_photons": 90,
    "q1q3_com_distance": 156.919000526026,
    "moments_of_inertia": [
        686290.297941564,
        1346052.1338669597,
        1689725.692122588
    ]
}