{
    "time_duration": 1236.51587,
    "total_photons": 13,
    "q1q3_com_distance": 132.33194757880662,
    "moments_of_inertia": [
        18191.136480076348,
        57456.15324737052,
        70534.26411870697
    ]
}