{
    "time_duration": 5218.819352,
    "total_photons": 1999,
    "q1q3_com_distance": 98.2490869277123,
    "moments_of_inertia": [
        13439076.195518896,
        19878752.04525606,
        20822555.70207672
    ]
}