{
    "time_duration": 3610.8447260000003,
    "total_photons": 265,
    "q1q3_com_distance": 400.08337920074945,
    "moments_of_inertia": [
        836379.108307708,
        10661832.956460731,
        10509848.564884407
    ]
}