{
    "time_duration": 2223.0849609999987,
    "total_photons": 27,
    "q1q3_com_distance": 332.37997846391636,
    "moments_of_inertia": [
        45913.44556734804,
        846721.8221916498,
        824713.4933372992
    ]
}