{
    "time_duration": 7467.569579999999,
    "total_photons": 2107,
    "q1q3_com_distance": 262.1502774398692,
    "moments_of_inertia": [
        13846687.707677282,
        52868914.02803448,
        54818598.13002266
    ]
}