{
    "time_duration": 7669.580811,
    "total_photons": 336,
    "q1q3_com_distance": 160.25253628162596,
    "moments_of_inertia": [
        3019722.8055916848,
        5478707.680056245,
        6366056.471250866
    ]
}