{
    "time_duration": 4512.070801,
    "total_photons": 70,
    "q1q3_com_distance": 118.3192041825631,
    "moments_of_inertia": [
        524279.62496658403,
        1077990.0349935784,
        871137.3581226938
    ]
}