{
    "time_duration": 4582.685546999999,
    "total_photons": 59,
    "q1q3_com_distance": 885.6713977163822,
    "moments_of_inertia": [
        190191.2208802225,
        7657708.26523758,
        7737899.948668639
    ]
}