{
    "time_duration": 1693.214844,
    "total_photons": 5,
    "q1q3_com_distance": 76.77402197358163,
    "moments_of_inertia": [
        1862.755688612684,
        14938.151040000013,
        13075.39535138731
    ]
}