{
    "time_duration": 6355.755737,
    "total_photons": 940,
    "q1q3_com_distance": 366.21233373231144,
    "moments_of_inertia": [
        5067431.460041992,
        48026469.826156534,
        48200109.3874112
    ]
}