{
    "time_duration": 3433.5385739999997,
    "total_photons": 45,
    "q1q3_com_distance": 656.2490572177454,
    "moments_of_inertia": [
        120466.28344160784,
        3962301.951482703,
        3862683.411146801
    ]
}