{
    "time_duration": 4118.358887,
    "total_photons": 200,
    "q1q3_com_distance": 250.59527385343898,
    "moments_of_inertia": [
        373381.7936745888,
        5780665.953861332,
        5794236.285773077
    ]
}