{
    "time_duration": 3251.2967369999997,
    "total_photons": 449,
    "q1q3_com_distance": 55.57858787993811,
    "moments_of_inertia": [
        1311812.777227398,
        2436748.9038299313,
        2029539.4054754088
    ]
}