{
    "time_duration": 2944.4645990000004,
    "total_photons": 83,
    "q1q3_com_distance": 652.0809748309698,
    "moments_of_inertia": [
        108163.17884153873,
        7594132.224934794,
        7643978.866146564
    ]
}