{
    "time_duration": 4216.529785,
    "total_photons": 130,
    "q1q3_com_distance": 519.1175418394706,
    "moments_of_inertia": [
        431675.1649735188,
        8489336.585740082,
        8556875.40049101
    ]
}