{
    "time_duration": 7820.137694999999,
    "total_photons": 239,
    "q1q3_com_distance": 893.467718192142,
    "moments_of_inertia": [
        1389189.2834865376,
        31468896.13597405,
        31019311.26981137
    ]
}