{
    "time_duration": 2904.9324340000003,
    "total_photons": 486,
    "q1q3_com_distance": 54.66966096596024,
    "moments_of_inertia": [
        336912.52273187647,
        1802024.7000000286,
        1649914.3533952564
    ]
}