{
    "time_duration": 4550.133759,
    "total_photons": 6456,
    "q1q3_com_distance": 79.22613627884455,
    "moments_of_inertia": [
        21170148.21711901,
        77520314.05026837,
        73339128.2497831
    ]
}