{
    "time_duration": 3227.721313,
    "total_photons": 182,
    "q1q3_com_distance": 65.61919097055011,
    "moments_of_inertia": [
        1511673.2550071965,
        1071515.3819917575,
        747680.2414296159
    ]
}