{
    "time_duration": 1573.1767579999996,
    "total_photons": 6,
    "q1q3_com_distance": 90.74543445815878,
    "moments_of_inertia": [
        10512.38214635793,
        38690.456649999935,
        28178.074503642016
    ]
}