{
    "time_duration": 1462.2967529999999,
    "total_photons": 20,
    "q1q3_com_distance": 89.42690693521737,
    "moments_of_inertia": [
        105662.85751999999,
        80571.92164472285,
        25090.935875277173
    ]
}