{
    "time_duration": 3676.199463,
    "total_photons": 10,
    "q1q3_com_distance": 88.26702076968284,
    "moments_of_inertia": [
        102181.56128388,
        77725.84995112549,
        60319.777404994704
    ]
}