{
    "time_duration": 7640.843139,
    "total_photons": 440,
    "q1q3_com_distance": 743.8355533387747,
    "moments_of_inertia": [
        1354661.3240694925,
        41927755.44094924,
        41754686.3107449
    ]
}