{
    "time_duration": 2220.7939449999994,
    "total_photons": 4,
    "q1q3_com_distance": 419.0738061487499,
    "moments_of_inertia": [
        9596.901066047372,
        104233.70308372391,
        113830.60355022874
    ]
}