{
    "time_duration": 4894.283935,
    "total_photons": 163,
    "q1q3_com_distance": 383.56201745251406,
    "moments_of_inertia": [
        553364.0554447072,
        7361471.43183253,
        7499845.230052824
    ]
}