{
    "time_duration": 7452.574708,
    "total_photons": 2260,
    "q1q3_com_distance": 58.227758066615124,
    "moments_of_inertia": [
        15931888.339330956,
        17429235.580784187,
        21691087.41997425
    ]
}