{
    "time_duration": 5494.089355000001,
    "total_photons": 19,
    "q1q3_com_distance": 324.2202841155994,
    "moments_of_inertia": [
        164670.31289545912,
        691303.082993286,
        766830.2882375708
    ]
}