{
    "time_duration": 1881.4375,
    "total_photons": 36,
    "q1q3_com_distance": 50.448414344521645,
    "moments_of_inertia": [
        73863.15420008372,
        64288.40793180293,
        25973.987857002165
    ]
}