{
    "time_duration": 3603.860352,
    "total_photons": 108,
    "q1q3_com_distance": 573.777094875324,
    "moments_of_inertia": [
        142566.25924072147,
        8109756.54629901,
        8096226.207443597
    ]
}