{
    "time_duration": 3582.9873049999987,
    "total_photons": 75,
    "q1q3_com_distance": 420.42208169826347,
    "moments_of_inertia": [
        225044.8933477183,
        2857841.023900798,
        2912475.8713274826
    ]
}