{
    "time_duration": 7097.449218000002,
    "total_photons": 625,
    "q1q3_com_distance": 888.1296546233528,
    "moments_of_inertia": [
        2640389.03808528,
        96584426.53465898,
        96512360.80582407
    ]
}