{
    "time_duration": 4458.060059,
    "total_photons": 328,
    "q1q3_com_distance": 456.3311292500605,
    "moments_of_inertia": [
        986298.1007941552,
        13453724.155206122,
        13778823.772160094
    ]
}