{
    "time_duration": 4558.921876,
    "total_photons": 51,
    "q1q3_com_distance": 632.0877328369526,
    "moments_of_inertia": [
        198232.37200359907,
        4483123.321154222,
        4541179.537179437
    ]
}