{
    "time_duration": 4658.261719,
    "total_photons": 59,
    "q1q3_com_distance": 603.3993827927459,
    "moments_of_inertia": [
        284495.190292852,
        4077990.9663046775,
        4145447.046426199
    ]
}