{
    "time_duration": 2247.3464050000002,
    "total_photons": 93,
    "q1q3_com_distance": 193.49941609605403,
    "moments_of_inertia": [
        180307.6932123251,
        1090225.5620720303,
        1115933.0784790844
    ]
}