{
    "time_duration": 865.4169919999999,
    "total_photons": 5,
    "q1q3_com_distance": 17.019999999999982,
    "moments_of_inertia": [
        8140.259477404172,
        58103.19324259576,
        66243.4527199999
    ]
}