{
    "time_duration": 2251.796818,
    "total_photons": 8693,
    "q1q3_com_distance": 7.504080113828662,
    "moments_of_inertia": [
        1464638.865827235,
        1323158.6888833751,
        1014898.5539433885
    ]
}