{
    "time_duration": 2008.7949210000006,
    "total_photons": 5,
    "q1q3_com_distance": 73.03342881858958,
    "moments_of_inertia": [
        6787.87594002096,
        53745.59736000002,
        46957.72141997905
    ]
}