{
    "time_duration": 4294.309569999999,
    "total_photons": 225,
    "q1q3_com_distance": 774.7193107829833,
    "moments_of_inertia": [
        685579.6568540558,
        23458723.670762893,
        23601588.074889712
    ]
}