{
    "time_duration": 3131.760254,
    "total_photons": 27,
    "q1q3_com_distance": 188.44000103968546,
    "moments_of_inertia": [
        59506.379155895906,
        861873.7666863974,
        802367.8469428921
    ]
}