{
    "time_duration": 3805.623047,
    "total_photons": 35,
    "q1q3_com_distance": 347.78218991521436,
    "moments_of_inertia": [
        102016.45977272303,
        1201284.037720028,
        1137905.516987249
    ]
}