{
    "time_duration": 3500.5830079999996,
    "total_photons": 10,
    "q1q3_com_distance": 359.163568958026,
    "moments_of_inertia": [
        174294.93301837402,
        766167.2299207195,
        657958.0977609063
    ]
}