{
    "time_duration": 7207.936523000001,
    "total_photons": 636,
    "q1q3_com_distance": 804.5187658895409,
    "moments_of_inertia": [
        4127956.9191054404,
        73506359.5752568,
        74023377.79822962
    ]
}