{
    "time_duration": 2903.5292960000006,
    "total_photons": 20,
    "q1q3_com_distance": 105.3433896170044,
    "moments_of_inertia": [
        20804.116222553464,
        128845.0551703228,
        108040.97175712374
    ]
}