{
    "time_duration": 3270.6875000000036,
    "total_photons": 34,
    "q1q3_com_distance": 431.35674572958715,
    "moments_of_inertia": [
        158029.77783500706,
        1569674.375674262,
        1522339.676867203
    ]
}