{
    "time_duration": 3033.90625,
    "total_photons": 77,
    "q1q3_com_distance": 458.49519462578087,
    "moments_of_inertia": [
        137077.17198559176,
        2939202.3814822454,
        2955280.4259139816
    ]
}