{
    "time_duration": 11454.988403,
    "total_photons": 197,
    "q1q3_com_distance": 673.2121464203057,
    "moments_of_inertia": [
        1541745.0591642205,
        16545500.174436022,
        16112950.75376625
    ]
}