{
    "time_duration": 1760.096557,
    "total_photons": 41,
    "q1q3_com_distance": 74.65430819029731,
    "moments_of_inertia": [
        31402.508956453516,
        159538.6005317075,
        128136.09157525381
    ]
}