{
    "time_duration": 5178.501465,
    "total_photons": 451,
    "q1q3_com_distance": 175.07854187701355,
    "moments_of_inertia": [
        2483556.058731702,
        9397641.25868648,
        9184382.01856142
    ]
}