{
    "time_duration": 7372.871094,
    "total_photons": 1807,
    "q1q3_com_distance": 306.29292239577404,
    "moments_of_inertia": [
        9459042.369054183,
        69777532.24437717,
        69063660.18957183
    ]
}