{
    "time_duration": 1665.48938,
    "total_photons": 5,
    "q1q3_com_distance": 17.014999999999873,
    "moments_of_inertia": [
        30129.144479999988,
        0.0,
        30129.14447999999
    ]
}