{
    "time_duration": 7094.843262,
    "total_photons": 505,
    "q1q3_com_distance": 1064.271276910572,
    "moments_of_inertia": [
        2017046.0149220675,
        96580668.5636246,
        96943515.05173685
    ]
}