{
    "time_duration": 1620.5546880000002,
    "total_photons": 150,
    "q1q3_com_distance": 119.04072574839087,
    "moments_of_inertia": [
        87390.01512271038,
        692286.8635679658,
        649036.0345266584
    ]
}