{
    "time_duration": 1737.7119139999995,
    "total_photons": 8,
    "q1q3_com_distance": 126.31916263971985,
    "moments_of_inertia": [
        26635.356044495595,
        191262.02901302458,
        178296.84691747982
    ]
}