{
    "time_duration": 4299.714599999999,
    "total_photons": 172,
    "q1q3_com_distance": 483.72953740318616,
    "moments_of_inertia": [
        509447.1146767754,
        9023727.435378158,
        9151019.417082286
    ]
}