{
    "time_duration": 2661.5858150000004,
    "total_photons": 7,
    "q1q3_com_distance": 241.04465654728784,
    "moments_of_inertia": [
        9236.04593733624,
        136640.66559316215,
        144145.8099552159
    ]
}