{
    "time_duration": 6136.6586609999995,
    "total_photons": 1509,
    "q1q3_com_distance": 410.35063553491295,
    "moments_of_inertia": [
        10583554.463699877,
        73419882.75358409,
        75103136.45036845
    ]
}