{
    "time_duration": 4896.313476999998,
    "total_photons": 432,
    "q1q3_com_distance": 592.1146127351508,
    "moments_of_inertia": [
        1226595.9955441654,
        35368613.18489048,
        35682801.941196375
    ]
}