{
    "time_duration": 3835.3691400000007,
    "total_photons": 37,
    "q1q3_com_distance": 563.4910564138376,
    "moments_of_inertia": [
        142277.38439373346,
        3453976.037032246,
        3498552.6315794257
    ]
}