{
    "time_duration": 5738.125975999999,
    "total_photons": 31,
    "q1q3_com_distance": 493.6888614505219,
    "moments_of_inertia": [
        108084.66239995975,
        2356202.7242444423,
        2387796.0955233383
    ]
}