{
    "time_duration": 3535.5239869999996,
    "total_photons": 47,
    "q1q3_com_distance": 403.4252807573748,
    "moments_of_inertia": [
        249763.12766256882,
        1915362.3609912358,
        1758214.5625461955
    ]
}