{
    "time_duration": 4552.284401,
    "total_photons": 3222,
    "q1q3_com_distance": 47.447060869978216,
    "moments_of_inertia": [
        1167398.3581928983,
        19853017.42995763,
        19492922.710408766
    ]
}