{
    "time_duration": 7283.225098000001,
    "total_photons": 97,
    "q1q3_com_distance": 102.35892975818588,
    "moments_of_inertia": [
        624470.8903043019,
        1643637.6873360497,
        1276934.2917658323
    ]
}