{
    "time_duration": 4859.393554999999,
    "total_photons": 380,
    "q1q3_com_distance": 595.4117590812073,
    "moments_of_inertia": [
        496210.67174492776,
        24309779.651221618,
        24180820.33700189
    ]
}