{
    "time_duration": 4435.997069999999,
    "total_photons": 132,
    "q1q3_com_distance": 468.4471311002856,
    "moments_of_inertia": [
        393373.86363718193,
        5663940.420377511,
        5693969.027151978
    ]
}