{
    "time_duration": 3096.510498,
    "total_photons": 26,
    "q1q3_com_distance": 225.54379338996364,
    "moments_of_inertia": [
        824657.1643176144,
        734530.1267218137,
        109699.24162211029
    ]
}