{
    "time_duration": 2801.1171870000016,
    "total_photons": 41,
    "q1q3_com_distance": 111.49928398202408,
    "moments_of_inertia": [
        176536.5291177428,
        273730.97290029016,
        239449.13133806476
    ]
}