{
    "time_duration": 3057.148194,
    "total_photons": 45,
    "q1q3_com_distance": 53.132306595579315,
    "moments_of_inertia": [
        68662.88903154175,
        182366.5462228248,
        231995.09063896694
    ]
}