{
    "time_duration": 1313.3660889999999,
    "total_photons": 5,
    "q1q3_com_distance": 150.82496635172856,
    "moments_of_inertia": [
        40267.64411999998,
        28706.81818788624,
        11560.825932113728
    ]
}