{
    "time_duration": 2375.8128659999998,
    "total_photons": 1072,
    "q1q3_com_distance": 68.10673940115872,
    "moments_of_inertia": [
        2708645.905996901,
        4800541.68692542,
        4581578.341520598
    ]
}