{
    "time_duration": 4102.348632,
    "total_photons": 228,
    "q1q3_com_distance": 594.2785015571567,
    "moments_of_inertia": [
        519366.391932182,
        15094050.777416818,
        15156842.123217698
    ]
}