{
    "time_duration": 8338.243897,
    "total_photons": 150,
    "q1q3_com_distance": 575.5887170063479,
    "moments_of_inertia": [
        1294327.2716124486,
        11675171.478289638,
        12098949.184564576
    ]
}