{
    "time_duration": 4857.6183169999995,
    "total_photons": 630,
    "q1q3_com_distance": 66.76829733064157,
    "moments_of_inertia": [
        10303037.801774547,
        6496176.261979974,
        5846526.19077532
    ]
}