{
    "time_duration": 2508.824708,
    "total_photons": 11,
    "q1q3_com_distance": 111.9030649466068,
    "moments_of_inertia": [
        66712.51259708921,
        165028.3616426232,
        157665.68110574182
    ]
}