{
    "time_duration": 3679.679687,
    "total_photons": 134,
    "q1q3_com_distance": 270.97227868356833,
    "moments_of_inertia": [
        113448.12821957842,
        3917658.915275612,
        3925260.4710794333
    ]
}