{
    "time_duration": 1678.033203,
    "total_photons": 5,
    "q1q3_com_distance": 359.16143375925003,
    "moments_of_inertia": [
        19242.0518859805,
        184952.11168985657,
        193132.67818416323
    ]
}