{
    "time_duration": 1337.9907219999996,
    "total_photons": 205,
    "q1q3_com_distance": 114.1605178178393,
    "moments_of_inertia": [
        145383.48723497905,
        813801.3533071734,
        854680.9912958957
    ]
}