{
    "time_duration": 2356.731933,
    "total_photons": 98,
    "q1q3_com_distance": 201.35965002830147,
    "moments_of_inertia": [
        293049.8658692725,
        1390524.0445774216,
        1468424.8326022858
    ]
}