{
    "time_duration": 2525.6040040000007,
    "total_photons": 1180,
    "q1q3_com_distance": 22.966269731175956,
    "moments_of_inertia": [
        851153.3255766996,
        715798.5333587906,
        554226.3708289154
    ]
}