{
    "time_duration": 1625.8359369999998,
    "total_photons": 40,
    "q1q3_com_distance": 39.425288952650675,
    "moments_of_inertia": [
        48387.28519579326,
        371327.80961869727,
        391499.3092405091
    ]
}