{
    "time_duration": 2885.1782230000003,
    "total_photons": 10,
    "q1q3_com_distance": 157.57551297358611,
    "moments_of_inertia": [
        29340.66510321907,
        182992.27710543075,
        169811.93599134992
    ]
}