{
    "time_duration": 6947.53125,
    "total_photons": 205,
    "q1q3_com_distance": 813.6273756388025,
    "moments_of_inertia": [
        1173537.9095746242,
        25269266.28380486,
        25137388.82545756
    ]
}