{
    "time_duration": 5505.022705,
    "total_photons": 376,
    "q1q3_com_distance": 259.16731504905346,
    "moments_of_inertia": [
        1780535.3359967694,
        10657019.33895047,
        10035873.29644531
    ]
}