{
    "time_duration": 7145.540039,
    "total_photons": 457,
    "q1q3_com_distance": 489.32376450975215,
    "moments_of_inertia": [
        1311395.8441449553,
        22743439.654048685,
        22319480.13386325
    ]
}