{
    "time_duration": 4447.849609000001,
    "total_photons": 747,
    "q1q3_com_distance": 233.31284549934387,
    "moments_of_inertia": [
        1624778.0201928671,
        17316286.769580066,
        17436817.16773922
    ]
}