{
    "time_duration": 4998.157471,
    "total_photons": 219,
    "q1q3_com_distance": 226.43934569287725,
    "moments_of_inertia": [
        1382672.697528405,
        5492773.258095101,
        4918169.6427637
    ]
}