{
    "time_duration": 2780.770507000001,
    "total_photons": 9,
    "q1q3_com_distance": 161.46959383528934,
    "moments_of_inertia": [
        31097.90254812219,
        98439.02647169637,
        105699.28938018132
    ]
}