{
    "time_duration": 2303.4746099999975,
    "total_photons": 14,
    "q1q3_com_distance": 267.1239874688344,
    "moments_of_inertia": [
        29309.332427167625,
        282866.317001201,
        253569.42750020255
    ]
}