{
    "time_duration": 8607.313797,
    "total_photons": 10392,
    "q1q3_com_distance": 86.30299520050198,
    "moments_of_inertia": [
        58241671.33648008,
        120491061.21628898,
        134622186.57167453
    ]
}