{
    "time_duration": 1976.082031,
    "total_photons": 5,
    "q1q3_com_distance": 211.32813235582248,
    "moments_of_inertia": [
        96441.53173574473,
        46765.54355334556,
        59779.05495090985
    ]
}