{
    "time_duration": 4913.782577,
    "total_photons": 2300,
    "q1q3_com_distance": 83.52353345449998,
    "moments_of_inertia": [
        8947025.846422374,
        12314421.765764361,
        11760852.710142475
    ]
}