{
    "time_duration": 1501.6748050000006,
    "total_photons": 5,
    "q1q3_com_distance": 98.66461903843758,
    "moments_of_inertia": [
        12996.612020819794,
        18686.51294634193,
        23770.76215283833
    ]
}