{
    "time_duration": 6159.67749,
    "total_photons": 193,
    "q1q3_com_distance": 661.9450862703075,
    "moments_of_inertia": [
        775234.1021354105,
        16711667.243407166,
        16951398.366430473
    ]
}