{
    "time_duration": 3595.979004,
    "total_photons": 6,
    "q1q3_com_distance": 352.78951125281486,
    "moments_of_inertia": [
        9457.378005463048,
        382912.3130779028,
        377960.5255499675
    ]
}