{
    "time_duration": 3438.551209,
    "total_photons": 157,
    "q1q3_com_distance": 294.85123618699987,
    "moments_of_inertia": [
        591800.6876425166,
        5810027.841533643,
        5645718.885835308
    ]
}