{
    "time_duration": 5566.472656,
    "total_photons": 1264,
    "q1q3_com_distance": 476.32498554521277,
    "moments_of_inertia": [
        2892161.054535821,
        71790864.04673786,
        70707342.8732281
    ]
}