{
    "time_duration": 4837.97351,
    "total_photons": 9,
    "q1q3_com_distance": 741.4768575807191,
    "moments_of_inertia": [
        28740.86778284004,
        1111095.727354956,
        1082386.3418399822
    ]
}