{
    "time_duration": 4547.529296999999,
    "total_photons": 36,
    "q1q3_com_distance": 213.9876155352667,
    "moments_of_inertia": [
        225494.02476463292,
        783952.66780548,
        937994.8610798881
    ]
}