{
    "time_duration": 3365.1611329999996,
    "total_photons": 17,
    "q1q3_com_distance": 119.83122810853612,
    "moments_of_inertia": [
        150786.6794738681,
        363933.8702242624,
        422106.2332665756
    ]
}