{
    "time_duration": 5214.775909,
    "total_photons": 825,
    "q1q3_com_distance": 352.7537488950591,
    "moments_of_inertia": [
        3620260.118731711,
        30943909.21715837,
        30448524.574957952
    ]
}