{
    "time_duration": 5308.968994,
    "total_photons": 224,
    "q1q3_com_distance": 701.3028389446308,
    "moments_of_inertia": [
        1285717.9677422307,
        20100457.33108347,
        20752214.56896181
    ]
}