{
    "time_duration": 1693.7241210000002,
    "total_photons": 98,
    "q1q3_com_distance": 73.25661999300809,
    "moments_of_inertia": [
        190283.5522384034,
        467585.88791986264,
        407405.8205621413
    ]
}