{
    "time_duration": 6128.890625,
    "total_photons": 91,
    "q1q3_com_distance": 343.0066231409033,
    "moments_of_inertia": [
        658448.1323522762,
        2991716.5690191365,
        2702738.649951664
    ]
}