{
    "time_duration": 3145.9298710000003,
    "total_photons": 395,
    "q1q3_com_distance": 52.93315270576586,
    "moments_of_inertia": [
        888682.6360909417,
        1527737.696265718,
        1197489.1018782798
    ]
}