{
    "time_duration": 4272.46643,
    "total_photons": 1617,
    "q1q3_com_distance": 215.20092925567937,
    "moments_of_inertia": [
        10623463.676537149,
        61507679.4471075,
        58435184.16702717
    ]
}