{
    "time_duration": 1590.09082,
    "total_photons": 50,
    "q1q3_com_distance": 45.93751735337596,
    "moments_of_inertia": [
        40949.96308983279,
        61650.89815216725,
        102600.86124200003
    ]
}