{
    "time_duration": 5307.531372,
    "total_photons": 411,
    "q1q3_com_distance": 402.0762712292365,
    "moments_of_inertia": [
        838166.262052957,
        16087123.10812487,
        15993908.460353553
    ]
}