{
    "time_duration": 7188.829773,
    "total_photons": 338,
    "q1q3_com_distance": 673.5501519929635,
    "moments_of_inertia": [
        2412929.54350587,
        32513917.238559555,
        33073293.719445184
    ]
}