{
    "time_duration": 5590.465332,
    "total_photons": 4820,
    "q1q3_com_distance": 221.52196508880988,
    "moments_of_inertia": [
        15326127.637648761,
        176537988.85459495,
        179901537.69163403
    ]
}