{
    "time_duration": 2477.90149,
    "total_photons": 668,
    "q1q3_com_distance": 76.62947948079473,
    "moments_of_inertia": [
        531218.820910322,
        4465364.2124183765,
        4686768.919374898
    ]
}