{
    "time_duration": 5403.503906000005,
    "total_photons": 67,
    "q1q3_com_distance": 829.5286363568084,
    "moments_of_inertia": [
        108030.73253747541,
        7741649.949685345,
        7756952.2471324
    ]
}