{
    "time_duration": 5529.863281000002,
    "total_photons": 106,
    "q1q3_com_distance": 536.89908693635,
    "moments_of_inertia": [
        879185.2516092882,
        7811132.127484835,
        8135353.7628247375
    ]
}