{
    "time_duration": 4019.363068,
    "total_photons": 271,
    "q1q3_com_distance": 86.52172394293366,
    "moments_of_inertia": [
        1065036.3833842278,
        2584111.91423348,
        2427286.1545712207
    ]
}