{
    "time_duration": 2874.0234370000016,
    "total_photons": 84,
    "q1q3_com_distance": 331.34665233567534,
    "moments_of_inertia": [
        270842.05599087244,
        2419483.2659479952,
        2500977.5178278
    ]
}