{
    "time_duration": 3702.447998,
    "total_photons": 104,
    "q1q3_com_distance": 485.11241840752257,
    "moments_of_inertia": [
        232065.00000098348,
        5514163.825916445,
        5453110.368934493
    ]
}