{
    "time_duration": 3563.2453000000005,
    "total_photons": 130,
    "q1q3_com_distance": 70.11172084805445,
    "moments_of_inertia": [
        788184.6834149545,
        2019099.5783110827,
        1573482.9405108856
    ]
}