{
    "time_duration": 431.03710899999896,
    "total_photons": 4,
    "q1q3_com_distance": 200.44999999999982,
    "moments_of_inertia": [
        35609.44579999997,
        35609.44579999997,
        0.0
    ]
}