{
    "time_duration": 3511.4577639999998,
    "total_photons": 163,
    "q1q3_com_distance": 454.4921688579273,
    "moments_of_inertia": [
        723381.4297732487,
        10924661.202934356,
        10821450.341937795
    ]
}