{
    "time_duration": 4157.728027000001,
    "total_photons": 822,
    "q1q3_com_distance": 86.82594361052472,
    "moments_of_inertia": [
        1840274.4379173992,
        8387953.926198213,
        7937455.632142535
    ]
}