{
    "time_duration": 4244.589844,
    "total_photons": 266,
    "q1q3_com_distance": 719.371449101073,
    "moments_of_inertia": [
        373605.76061638445,
        29863032.179842457,
        29940718.05435395
    ]
}