{
    "time_duration": 6845.613036999999,
    "total_photons": 1443,
    "q1q3_com_distance": 814.5951352636222,
    "moments_of_inertia": [
        5725327.188326478,
        164812410.96667802,
        164177768.89976844
    ]
}