{
    "time_duration": 5126.235352000001,
    "total_photons": 485,
    "q1q3_com_distance": 660.6090856887649,
    "moments_of_inertia": [
        3069735.9330247417,
        49659319.28540546,
        50121946.719837785
    ]
}