{
    "time_duration": 5652.302734999999,
    "total_photons": 176,
    "q1q3_com_distance": 554.0248115403539,
    "moments_of_inertia": [
        744808.4316441137,
        13777049.992367601,
        13894242.946314443
    ]
}