{
    "time_duration": 1272.5683600000011,
    "total_photons": 10,
    "q1q3_com_distance": 330.7768073288492,
    "moments_of_inertia": [
        509.70764789220993,
        227479.21477411804,
        227156.85557798983
    ]
}