{
    "time_duration": 4535.64209,
    "total_photons": 936,
    "q1q3_com_distance": 222.66066642071394,
    "moments_of_inertia": [
        4385706.802487917,
        26950284.738963768,
        26365391.576644532
    ]
}