{
    "time_duration": 4870.749511999999,
    "total_photons": 231,
    "q1q3_com_distance": 45.51568306305839,
    "moments_of_inertia": [
        2311484.988072106,
        1913762.9997075533,
        1832095.3825822482
    ]
}