{
    "time_duration": 7616.733825,
    "total_photons": 210,
    "q1q3_com_distance": 147.68348466642533,
    "moments_of_inertia": [
        1272989.2237917082,
        4094237.347186866,
        4705969.283319525
    ]
}