{
    "time_duration": 2670.461548,
    "total_photons": 29,
    "q1q3_com_distance": 43.97357300760122,
    "moments_of_inertia": [
        172205.97893240323,
        282222.9223641726,
        424586.51611032075
    ]
}