{
    "time_duration": 1674.8823239999997,
    "total_photons": 4,
    "q1q3_com_distance": 0.0,
    "moments_of_inertia": [
        747.1702866888336,
        12361.276975000006,
        11614.10668831116
    ]
}