{
    "time_duration": 3683.98935,
    "total_photons": 523,
    "q1q3_com_distance": 57.957480076504176,
    "moments_of_inertia": [
        1074633.873849766,
        1500089.8438537722,
        2241826.263079638
    ]
}