{
    "time_duration": 3217.8911129999997,
    "total_photons": 18,
    "q1q3_com_distance": 119.49293610921096,
    "moments_of_inertia": [
        185208.11285215855,
        77704.08249040935,
        127995.58825743227
    ]
}