{
    "time_duration": 4181.907226000001,
    "total_photons": 85,
    "q1q3_com_distance": 647.9662508341856,
    "moments_of_inertia": [
        193259.2021518955,
        7522034.966230248,
        7616590.4675613865
    ]
}