{
    "time_duration": 5054.664062,
    "total_photons": 371,
    "q1q3_com_distance": 302.16742342111735,
    "moments_of_inertia": [
        1129204.6882815566,
        11117877.185746979,
        11334820.410950439
    ]
}