{
    "time_duration": 1688.819092,
    "total_photons": 6,
    "q1q3_com_distance": 376.4213554980641,
    "moments_of_inertia": [
        3323.8890113717644,
        285475.37917791,
        282159.39974405133
    ]
}