{
    "time_duration": 3387.9975590000004,
    "total_photons": 52,
    "q1q3_com_distance": 358.141193992425,
    "moments_of_inertia": [
        317330.9909312194,
        1701978.0123655822,
        1600656.543107045
    ]
}