{
    "time_duration": 1107.001953,
    "total_photons": 6,
    "q1q3_com_distance": 74.59070350921763,
    "moments_of_inertia": [
        4108.769107772096,
        229460.07917794865,
        233291.21081427927
    ]
}