{
    "time_duration": 1419.0625,
    "total_photons": 7,
    "q1q3_com_distance": 8.514999999999873,
    "moments_of_inertia": [
        2778.3551406209735,
        24771.56508571427,
        21993.209945093306
    ]
}