{
    "time_duration": 4627.964509,
    "total_photons": 383,
    "q1q3_com_distance": 381.8683526927728,
    "moments_of_inertia": [
        1788720.8337814547,
        13719871.030701958,
        13533419.43403775
    ]
}