{
    "time_duration": 850.0048829999996,
    "total_photons": 6,
    "q1q3_com_distance": 17.02500000000009,
    "moments_of_inertia": [
        29066.509150000016,
        9523.144207549723,
        19543.364942450284
    ]
}