{
    "time_duration": 2393.1865230000003,
    "total_photons": 34,
    "q1q3_com_distance": 73.72339067147392,
    "moments_of_inertia": [
        122019.25035361527,
        487422.918487821,
        425157.4876409163
    ]
}