{
    "time_duration": 2734.3808599999975,
    "total_photons": 83,
    "q1q3_com_distance": 419.2185117113165,
    "moments_of_inertia": [
        134348.52686026786,
        2415304.6351597374,
        2476418.6505727624
    ]
}