{
    "time_duration": 4272.559081999999,
    "total_photons": 162,
    "q1q3_com_distance": 128.00137627485498,
    "moments_of_inertia": [
        1530175.7714373553,
        1980899.947624391,
        2388839.630623438
    ]
}