{
    "time_duration": 3618.830078000001,
    "total_photons": 49,
    "q1q3_com_distance": 493.00862053636286,
    "moments_of_inertia": [
        255366.6052238769,
        2155126.234575811,
        2192688.45759623
    ]
}