{
    "time_duration": 4758.596809000001,
    "total_photons": 1818,
    "q1q3_com_distance": 512.9288117490457,
    "moments_of_inertia": [
        9862407.809497401,
        130457200.05164653,
        131931725.60723893
    ]
}