{
    "time_duration": 949.3062749999999,
    "total_photons": 6,
    "q1q3_com_distance": 158.45224248965383,
    "moments_of_inertia": [
        8754.235895723214,
        70461.51784564584,
        79215.75245863106
    ]
}