{
    "time_duration": 1561.979492,
    "total_photons": 13,
    "q1q3_com_distance": 281.29086498676065,
    "moments_of_inertia": [
        36263.76402969542,
        230724.44469204196,
        201987.86620133946
    ]
}