{
    "time_duration": 3330.4697269999997,
    "total_photons": 62,
    "q1q3_com_distance": 362.29703902937587,
    "moments_of_inertia": [
        217095.80932572135,
        1944208.420684376,
        1881982.93209313
    ]
}