{
    "time_duration": 2627.6962889999977,
    "total_photons": 28,
    "q1q3_com_distance": 329.9355426814303,
    "moments_of_inertia": [
        66700.70410862914,
        641647.9793478737,
        668033.1130220684
    ]
}