{
    "time_duration": 4295.039062,
    "total_photons": 45,
    "q1q3_com_distance": 780.7379774906931,
    "moments_of_inertia": [
        174784.28036537115,
        4816640.718385409,
        4851572.927906999
    ]
}