{
    "time_duration": 2556.638672000001,
    "total_photons": 172,
    "q1q3_com_distance": 334.6277344038203,
    "moments_of_inertia": [
        194904.80776008777,
        4507958.006838785,
        4380097.195508102
    ]
}