{
    "time_duration": 6632.044921999999,
    "total_photons": 2805,
    "q1q3_com_distance": 213.3585028958752,
    "moments_of_inertia": [
        21960204.844463095,
        93230579.75807309,
        100412500.00008896
    ]
}