{
    "time_duration": 3714.533996,
    "total_photons": 282,
    "q1q3_com_distance": 55.8013963653431,
    "moments_of_inertia": [
        1615392.3708628074,
        2978161.6904326696,
        2471823.610483247
    ]
}