{
    "time_duration": 5454.903198,
    "total_photons": 194,
    "q1q3_com_distance": 69.48574844816125,
    "moments_of_inertia": [
        935526.8252244855,
        2008288.314553585,
        1664657.3735858495
    ]
}