{
    "time_duration": 3398.686523999999,
    "total_photons": 400,
    "q1q3_com_distance": 442.14960100940954,
    "moments_of_inertia": [
        1330959.016615875,
        21029560.61639838,
        21214419.815412734
    ]
}