{
    "time_duration": 2215.798827999999,
    "total_photons": 129,
    "q1q3_com_distance": 390.8215321294888,
    "moments_of_inertia": [
        108772.72282481054,
        4146129.6533949343,
        4119684.337581808
    ]
}