{
    "time_duration": 8776.979491999999,
    "total_photons": 611,
    "q1q3_com_distance": 807.7321891287479,
    "moments_of_inertia": [
        3388342.7942026854,
        86235277.66769834,
        87061885.41639942
    ]
}