{
    "time_duration": 8046.271483999999,
    "total_photons": 62,
    "q1q3_com_distance": 670.6537508180566,
    "moments_of_inertia": [
        297774.40831029695,
        5480962.929011207,
        5543457.543123657
    ]
}