{
    "time_duration": 3223.8330069999993,
    "total_photons": 35,
    "q1q3_com_distance": 632.2155723337052,
    "moments_of_inertia": [
        62928.95937237097,
        2602695.2359142886,
        2580716.203890485
    ]
}