{
    "time_duration": 5302.974609999999,
    "total_photons": 43,
    "q1q3_com_distance": 560.4709248959473,
    "moments_of_inertia": [
        100032.69887024676,
        3124705.9911356326,
        3169957.2360964473
    ]
}