{
    "time_duration": 1805.5102080000001,
    "total_photons": 98,
    "q1q3_com_distance": 132.7698982583027,
    "moments_of_inertia": [
        422011.4338638922,
        1104225.1166858603,
        1033916.4186522891
    ]
}