{
    "time_duration": 5616.7568360000005,
    "total_photons": 392,
    "q1q3_com_distance": 852.4281301136709,
    "moments_of_inertia": [
        1438329.5684738308,
        54876373.473665595,
        54932137.6940086
    ]
}