{
    "time_duration": 1780.728638,
    "total_photons": 8,
    "q1q3_com_distance": 295.09578059504685,
    "moments_of_inertia": [
        16896.95946086885,
        215625.88094971472,
        228943.4616394164
    ]
}