{
    "time_duration": 3739.9355469999973,
    "total_photons": 72,
    "q1q3_com_distance": 509.347694065352,
    "moments_of_inertia": [
        172684.22847078322,
        4068369.3667003247,
        4007431.6696038917
    ]
}