{
    "time_duration": 5448.143555000001,
    "total_photons": 133,
    "q1q3_com_distance": 972.9540263135572,
    "moments_of_inertia": [
        310877.5637196228,
        19852055.09592262,
        19927130.54958181
    ]
}