{
    "time_duration": 2436.2919919999986,
    "total_photons": 20,
    "q1q3_com_distance": 145.95454637660316,
    "moments_of_inertia": [
        98512.18963187966,
        161989.7577609886,
        201504.58074713175
    ]
}