{
    "time_duration": 1712.0145260000002,
    "total_photons": 22,
    "q1q3_com_distance": 90.77499999999986,
    "moments_of_inertia": [
        58044.574859090906,
        58044.574859090906,
        0.0
    ]
}