{
    "time_duration": 3025.863770000001,
    "total_photons": 58,
    "q1q3_com_distance": 117.33339350187873,
    "moments_of_inertia": [
        316146.5377879757,
        566690.5538821049,
        489207.38877474685
    ]
}