{
    "time_duration": 4977.5300290000005,
    "total_photons": 27,
    "q1q3_com_distance": 434.704430126297,
    "moments_of_inertia": [
        86196.07463301113,
        976304.1905375797,
        1018868.1005479284
    ]
}