{
    "time_duration": 2011.02124,
    "total_photons": 79,
    "q1q3_com_distance": 178.8493225413503,
    "moments_of_inertia": [
        119262.7758125856,
        1183034.5311146742,
        1236073.5444448916
    ]
}