{
    "time_duration": 2903.0531010000004,
    "total_photons": 263,
    "q1q3_com_distance": 327.00078312690744,
    "moments_of_inertia": [
        460142.86074449215,
        5925005.536652583,
        5986040.002756538
    ]
}