{
    "time_duration": 4783.776092,
    "total_photons": 605,
    "q1q3_com_distance": 98.98554160333465,
    "moments_of_inertia": [
        3728940.0675079613,
        4496612.025596878,
        6292876.859510705
    ]
}