{
    "time_duration": 7143.1843260000005,
    "total_photons": 721,
    "q1q3_com_distance": 535.1115419246761,
    "moments_of_inertia": [
        4347079.91428525,
        52113991.15828865,
        51134552.06309104
    ]
}