{
    "time_duration": 9715.391236,
    "total_photons": 3413,
    "q1q3_com_distance": 207.05860354186828,
    "moments_of_inertia": [
        23996513.54565753,
        115674162.52352704,
        113046895.96623117
    ]
}