{
    "time_duration": 1213.1176760000003,
    "total_photons": 265,
    "q1q3_com_distance": 13.623578003883637,
    "moments_of_inertia": [
        41426.464407300955,
        108959.19106137595,
        130618.00387320947
    ]
}