{
    "time_duration": 2099.349610000001,
    "total_photons": 8,
    "q1q3_com_distance": 498.4933200154241,
    "moments_of_inertia": [
        3685.0400277011795,
        377885.56623407645,
        380831.1987382225
    ]
}