{
    "time_duration": 7178.561523999999,
    "total_photons": 38,
    "q1q3_com_distance": 462.0385565664407,
    "moments_of_inertia": [
        363118.9206149983,
        1717410.3832626045,
        1889902.8680697647
    ]
}