{
    "time_duration": 2237.230225,
    "total_photons": 12,
    "q1q3_com_distance": 131.2268282614326,
    "moments_of_inertia": [
        155998.07950741024,
        97059.58316173706,
        112195.84218085253
    ]
}