{
    "time_duration": 5749.7854609999995,
    "total_photons": 2016,
    "q1q3_com_distance": 289.0041205423102,
    "moments_of_inertia": [
        14806710.923246711,
        57884368.355287015,
        60133452.40455719
    ]
}