{
    "time_duration": 5750.034363,
    "total_photons": 577,
    "q1q3_com_distance": 395.26128205719976,
    "moments_of_inertia": [
        2946123.004127372,
        26660303.677687276,
        26336931.941770792
    ]
}