{
    "time_duration": 3554.432922,
    "total_photons": 108,
    "q1q3_com_distance": 123.34130712795674,
    "moments_of_inertia": [
        936694.0534214452,
        1295497.4159932355,
        1341234.02033532
    ]
}