{
    "time_duration": 7871.101562,
    "total_photons": 644,
    "q1q3_com_distance": 701.0776253268109,
    "moments_of_inertia": [
        3073212.154937297,
        68222048.00643992,
        67822575.05045329
    ]
}