{
    "time_duration": 2191.5332030000027,
    "total_photons": 16,
    "q1q3_com_distance": 177.66795304021497,
    "moments_of_inertia": [
        47020.08719570603,
        145982.389581174,
        177215.52284811996
    ]
}