{
    "time_duration": 2394.1298829999996,
    "total_photons": 50,
    "q1q3_com_distance": 66.95598245407581,
    "moments_of_inertia": [
        138352.5613509477,
        369988.8527371179,
        283696.5598479341
    ]
}