{
    "time_duration": 3383.306396,
    "total_photons": 12,
    "q1q3_com_distance": 466.09045515746084,
    "moments_of_inertia": [
        113748.39046808885,
        477447.9921902306,
        591196.3467250139
    ]
}