{
    "time_duration": 3159.21875,
    "total_photons": 104,
    "q1q3_com_distance": 366.18385607243397,
    "moments_of_inertia": [
        307779.6705271695,
        4044464.451324035,
        4146728.6519257175
    ]
}