{
    "time_duration": 4231.6334529999995,
    "total_photons": 240,
    "q1q3_com_distance": 332.8800162895282,
    "moments_of_inertia": [
        469367.306740663,
        7096473.126681225,
        7202013.955828946
    ]
}