{
    "time_duration": 4219.714844,
    "total_photons": 63,
    "q1q3_com_distance": 536.1275259998928,
    "moments_of_inertia": [
        65034.30664670607,
        3551364.43922993,
        3587081.0797932036
    ]
}