{
    "time_duration": 2589.140624999999,
    "total_photons": 14,
    "q1q3_com_distance": 412.37709950966007,
    "moments_of_inertia": [
        32059.36509534344,
        624011.6235024612,
        609239.3934164806
    ]
}