{
    "time_duration": 3056.097656999995,
    "total_photons": 152,
    "q1q3_com_distance": 73.20539036905592,
    "moments_of_inertia": [
        209616.01838112756,
        516265.9937701383,
        499196.3126171563
    ]
}