{
    "time_duration": 3091.4619139999995,
    "total_photons": 91,
    "q1q3_com_distance": 178.21893652129867,
    "moments_of_inertia": [
        358211.0998246538,
        1092595.7172978253,
        1237818.2611588398
    ]
}