{
    "time_duration": 4303.223145000001,
    "total_photons": 73,
    "q1q3_com_distance": 742.3860592383636,
    "moments_of_inertia": [
        279016.53859429527,
        7328514.361773559,
        7507674.695051315
    ]
}