{
    "time_duration": 2628.8647469999996,
    "total_photons": 118,
    "q1q3_com_distance": 163.7008504522129,
    "moments_of_inertia": [
        194670.35303970613,
        997531.8942143196,
        1080057.8899425853
    ]
}