{
    "time_duration": 3065.4476319999994,
    "total_photons": 25,
    "q1q3_com_distance": 257.2829813664201,
    "moments_of_inertia": [
        84319.86860790735,
        315821.81285718875,
        346638.87069490406
    ]
}