{
    "time_duration": 3786.3623050000006,
    "total_photons": 17,
    "q1q3_com_distance": 185.41122024300472,
    "moments_of_inertia": [
        193974.3393698534,
        331325.3444548563,
        443056.34848117206
    ]
}