{
    "time_duration": 7989.852905000001,
    "total_photons": 4333,
    "q1q3_com_distance": 388.6415402193795,
    "moments_of_inertia": [
        29039874.49784702,
        207791121.5517586,
        215134346.64476985
    ]
}