{
    "time_duration": 5723.244140999999,
    "total_photons": 474,
    "q1q3_com_distance": 382.4160667099159,
    "moments_of_inertia": [
        3304126.990395734,
        15325652.159645025,
        15874537.60181916
    ]
}