{
    "time_duration": 2121.914917,
    "total_photons": 25,
    "q1q3_com_distance": 136.04332093440584,
    "moments_of_inertia": [
        110987.26487521594,
        437318.33688413183,
        369020.67467265204
    ]
}