{
    "time_duration": 2655.75061,
    "total_photons": 43,
    "q1q3_com_distance": 363.8664848097015,
    "moments_of_inertia": [
        140641.63693569996,
        1270785.154581678,
        1327231.1569663428
    ]
}