{
    "time_duration": 3217.2155760000005,
    "total_photons": 41,
    "q1q3_com_distance": 113.14614536566116,
    "moments_of_inertia": [
        289872.1382247735,
        391538.79090076697,
        444570.66608421586
    ]
}