{
    "time_duration": 1249.251953,
    "total_photons": 19,
    "q1q3_com_distance": 39.96890661501776,
    "moments_of_inertia": [
        3567.1131659152634,
        17144.74954987427,
        20711.86271578951
    ]
}