{
    "time_duration": 3854.6601560000054,
    "total_photons": 32,
    "q1q3_com_distance": 739.3117719678976,
    "moments_of_inertia": [
        156968.0069993739,
        3688338.6581765874,
        3729590.769105285
    ]
}