{
    "time_duration": 3687.25122,
    "total_photons": 154,
    "q1q3_com_distance": 388.65094484299243,
    "moments_of_inertia": [
        375065.8194141686,
        4823502.13048779,
        4738006.753948691
    ]
}