{
    "time_duration": 2968.9750969999996,
    "total_photons": 10,
    "q1q3_com_distance": 196.50563497716243,
    "moments_of_inertia": [
        25424.991378781735,
        344436.96821220894,
        319040.1152090093
    ]
}