{
    "time_duration": 2685.0019539999994,
    "total_photons": 55,
    "q1q3_com_distance": 168.2282445846131,
    "moments_of_inertia": [
        115823.84584867628,
        837256.5319342611,
        885725.540638881
    ]
}