{
    "time_duration": 6076.191895000001,
    "total_photons": 886,
    "q1q3_com_distance": 537.0325958342858,
    "moments_of_inertia": [
        6532249.059641965,
        56372509.57455105,
        54380060.22029975
    ]
}