{
    "time_duration": 6828.075194999999,
    "total_photons": 96,
    "q1q3_com_distance": 101.74097586245398,
    "moments_of_inertia": [
        490195.14170710836,
        1254562.4936036307,
        1005224.5159663453
    ]
}