{
    "time_duration": 8159.196777,
    "total_photons": 768,
    "q1q3_com_distance": 325.46224729013534,
    "moments_of_inertia": [
        3850092.5653123036,
        25784962.382983204,
        25269138.29814381
    ]
}