{
    "time_duration": 2031.23706,
    "total_photons": 26,
    "q1q3_com_distance": 319.6134962221509,
    "moments_of_inertia": [
        115611.94463761058,
        1549420.0945955939,
        1635409.7922206419
    ]
}