{
    "time_duration": 4663.969727,
    "total_photons": 15,
    "q1q3_com_distance": 235.45402664320704,
    "moments_of_inertia": [
        46418.96461260435,
        271450.7977850926,
        251799.35858896957
    ]
}