{
    "time_duration": 4417.696776999999,
    "total_photons": 94,
    "q1q3_com_distance": 552.829703767385,
    "moments_of_inertia": [
        227264.98508953955,
        6246723.367636564,
        6193460.657831345
    ]
}