{
    "time_duration": 4837.303833,
    "total_photons": 641,
    "q1q3_com_distance": 470.21434602242147,
    "moments_of_inertia": [
        886512.9393037483,
        25235875.06414489,
        24827174.608361028
    ]
}