{
    "time_duration": 7809.026489,
    "total_photons": 405,
    "q1q3_com_distance": 97.14436314370577,
    "moments_of_inertia": [
        2403081.4987923317,
        6427497.205414052,
        6914156.119351146
    ]
}