{
    "time_duration": 1576.0187990000004,
    "total_photons": 7,
    "q1q3_com_distance": 172.74240858862655,
    "moments_of_inertia": [
        19315.256038476393,
        106751.57711745836,
        111592.57055835084
    ]
}