{
    "time_duration": 3751.0085449999997,
    "total_photons": 128,
    "q1q3_com_distance": 384.7659230361791,
    "moments_of_inertia": [
        455750.8633918343,
        5407713.702003241,
        5466357.9705033675
    ]
}