{
    "time_duration": 3514.9848630000006,
    "total_photons": 46,
    "q1q3_com_distance": 98.7906827344506,
    "moments_of_inertia": [
        254430.64924178354,
        845218.7353402668,
        792270.3506005596
    ]
}