{
    "time_duration": 2893.8564450000013,
    "total_photons": 12,
    "q1q3_com_distance": 198.5260529782203,
    "moments_of_inertia": [
        183076.8848155293,
        125238.75452006765,
        120637.4355810698
    ]
}