{
    "time_duration": 6632.349121,
    "total_photons": 200,
    "q1q3_com_distance": 987.5036100358321,
    "moments_of_inertia": [
        637149.9202923544,
        35517087.34415839,
        35582097.38425926
    ]
}