{
    "time_duration": 4279.47168,
    "total_photons": 83,
    "q1q3_com_distance": 128.72095475385407,
    "moments_of_inertia": [
        69627.18146898632,
        831909.071907567,
        780800.5777029649
    ]
}