{
    "time_duration": 2428.3125,
    "total_photons": 60,
    "q1q3_com_distance": 175.35341854285804,
    "moments_of_inertia": [
        184518.9013113575,
        814199.0841235154,
        870547.0215117938
    ]
}