{
    "time_duration": 3330.3706059999995,
    "total_photons": 39,
    "q1q3_com_distance": 114.4185357142803,
    "moments_of_inertia": [
        382559.58939602115,
        642811.8310804068,
        777594.630405623
    ]
}