{
    "time_duration": 1517.7429200000001,
    "total_photons": 4,
    "q1q3_com_distance": 252.036677092839,
    "moments_of_inertia": [
        18464.64976231911,
        61475.42509688216,
        43010.7787907988
    ]
}