{
    "time_duration": 6790.027954,
    "total_photons": 127,
    "q1q3_com_distance": 824.6172591077977,
    "moments_of_inertia": [
        774175.581010798,
        16490344.529665792,
        16823495.960473023
    ]
}