{
    "time_duration": 5709.657593,
    "total_photons": 1481,
    "q1q3_com_distance": 890.8579464058167,
    "moments_of_inertia": [
        6362934.602068126,
        224023886.17052913,
        223324011.4332927
    ]
}