{
    "time_duration": 952.2236330000014,
    "total_photons": 5,
    "q1q3_com_distance": 207.00143260373824,
    "moments_of_inertia": [
        17704.25648769978,
        88556.27845125724,
        70852.02234104292
    ]
}