{
    "time_duration": 3450.302734000001,
    "total_photons": 72,
    "q1q3_com_distance": 106.54100083802417,
    "moments_of_inertia": [
        447089.0037143469,
        564669.3628143948,
        685134.9120212588
    ]
}