{
    "time_duration": 3641.206375,
    "total_photons": 231,
    "q1q3_com_distance": 227.51726532556773,
    "moments_of_inertia": [
        1283340.8728501368,
        6125750.213979796,
        6361426.394789106
    ]
}