{
    "time_duration": 4760.3881839999995,
    "total_photons": 157,
    "q1q3_com_distance": 763.5261781976196,
    "moments_of_inertia": [
        1052040.2135104723,
        17317863.354457304,
        17640855.0818972
    ]
}