{
    "time_duration": 6226.592345999999,
    "total_photons": 1018,
    "q1q3_com_distance": 63.09376457047054,
    "moments_of_inertia": [
        5548282.928994892,
        10583497.794864083,
        9452313.007012546
    ]
}