{
    "time_duration": 1925.6389160000003,
    "total_photons": 9,
    "q1q3_com_distance": 221.761144358569,
    "moments_of_inertia": [
        30246.87970337867,
        110272.05025691037,
        140518.9023952666
    ]
}