{
    "time_duration": 1736.8046869999962,
    "total_photons": 13,
    "q1q3_com_distance": 116.04864661832316,
    "moments_of_inertia": [
        41907.97069372033,
        84144.68557640153,
        108385.47754526272
    ]
}