{
    "time_duration": 261.9326179999998,
    "total_photons": 5,
    "q1q3_com_distance": 126.31244158830916,
    "moments_of_inertia": [
        2520.976630090081,
        15000.63472000001,
        12479.658089909919
    ]
}