{
    "time_duration": 4750.896484999999,
    "total_photons": 107,
    "q1q3_com_distance": 817.8965662122625,
    "moments_of_inertia": [
        671369.8396042958,
        14353210.784235526,
        14515473.182862978
    ]
}