{
    "time_duration": 4225.683593999998,
    "total_photons": 140,
    "q1q3_com_distance": 350.0871692618796,
    "moments_of_inertia": [
        585170.5913687004,
        5529737.005947743,
        5393279.934579274
    ]
}