{
    "time_duration": 3052.7724609999987,
    "total_photons": 15,
    "q1q3_com_distance": 173.66468310007653,
    "moments_of_inertia": [
        198815.21515474346,
        304035.25493997295,
        382049.90990528336
    ]
}