{
    "time_duration": 3634.773345,
    "total_photons": 38,
    "q1q3_com_distance": 57.328973381702774,
    "moments_of_inertia": [
        247807.71613731302,
        363722.8354376971,
        491169.8182407789
    ]
}