{
    "time_duration": 1960.9013669999995,
    "total_photons": 32,
    "q1q3_com_distance": 84.4024201185902,
    "moments_of_inertia": [
        40682.77294523525,
        1428726.4566629236,
        1452846.6197793398
    ]
}