{
    "time_duration": 4826.744141,
    "total_photons": 107,
    "q1q3_com_distance": 473.4664332403618,
    "moments_of_inertia": [
        261617.59097784013,
        5089282.485169075,
        5105723.672940931
    ]
}