{
    "time_duration": 2689.149658,
    "total_photons": 281,
    "q1q3_com_distance": 100.17106362009562,
    "moments_of_inertia": [
        488745.1379093779,
        1735211.8174634776,
        2111669.6046783905
    ]
}