{
    "time_duration": 3838.2840579999997,
    "total_photons": 481,
    "q1q3_com_distance": 151.3126479601485,
    "moments_of_inertia": [
        3230984.0786965117,
        8844416.34398177,
        9681553.567596987
    ]
}