{
    "time_duration": 2520.751557,
    "total_photons": 324,
    "q1q3_com_distance": 56.335237758221886,
    "moments_of_inertia": [
        1485849.8150764098,
        1661061.0757934581,
        2054930.6171344528
    ]
}