{
    "time_duration": 3926.9382330000003,
    "total_photons": 248,
    "q1q3_com_distance": 526.587585069743,
    "moments_of_inertia": [
        343113.2324082032,
        15008546.363944456,
        14895429.978432018
    ]
}