{
    "time_duration": 4455.470702999999,
    "total_photons": 31,
    "q1q3_com_distance": 358.5885501256978,
    "moments_of_inertia": [
        105238.93461444089,
        1242217.851570584,
        1258291.2636730392
    ]
}