{
    "time_duration": 5228.567382999998,
    "total_photons": 1647,
    "q1q3_com_distance": 65.95031395767688,
    "moments_of_inertia": [
        8127514.097061772,
        17178543.975799087,
        18765388.626744725
    ]
}