{
    "time_duration": 6478.902206000001,
    "total_photons": 357,
    "q1q3_com_distance": 780.0256142413791,
    "moments_of_inertia": [
        1633884.427879177,
        37820946.52719797,
        38139528.9748904
    ]
}