{
    "time_duration": 4604.190429,
    "total_photons": 152,
    "q1q3_com_distance": 727.613709087601,
    "moments_of_inertia": [
        438396.9957492687,
        14254889.949317425,
        14333338.654035935
    ]
}