{
    "time_duration": 5282.128905999999,
    "total_photons": 769,
    "q1q3_com_distance": 360.0574171818199,
    "moments_of_inertia": [
        2842721.9065501094,
        36693257.44366832,
        37150659.97554285
    ]
}