{
    "time_duration": 4257.284422999999,
    "total_photons": 14,
    "q1q3_com_distance": 321.3311873480383,
    "moments_of_inertia": [
        16433.55411752942,
        613556.02615,
        597122.4720324704
    ]
}