{
    "time_duration": 4024.6451420000003,
    "total_photons": 190,
    "q1q3_com_distance": 341.05921033952745,
    "moments_of_inertia": [
        744276.216561988,
        6211458.677070664,
        6402814.915855772
    ]
}