{
    "time_duration": 6737.956421,
    "total_photons": 895,
    "q1q3_com_distance": 639.4860315275382,
    "moments_of_inertia": [
        7687834.810053408,
        81131516.20873328,
        83873220.28611128
    ]
}