{
    "time_duration": 1190.5625,
    "total_photons": 4,
    "q1q3_com_distance": 34.039999999999964,
    "moments_of_inertia": [
        920.392345524815,
        43976.62467499997,
        43056.23232947517
    ]
}