{
    "time_duration": 7490.159668,
    "total_photons": 178,
    "q1q3_com_distance": 698.9136964054367,
    "moments_of_inertia": [
        932035.3703801036,
        16851067.561445735,
        17171106.83018879
    ]
}