{
    "time_duration": 2088.3974610000005,
    "total_photons": 9,
    "q1q3_com_distance": 209.78103185226257,
    "moments_of_inertia": [
        17085.8997878128,
        96999.55148922614,
        108570.85481184996
    ]
}