{
    "time_duration": 5463.127198,
    "total_photons": 83,
    "q1q3_com_distance": 205.8096935550521,
    "moments_of_inertia": [
        749514.3702536048,
        1592510.0513239892,
        1819057.0244513182
    ]
}