{
    "time_duration": 2573.0393670000003,
    "total_photons": 30,
    "q1q3_com_distance": 193.07154532064027,
    "moments_of_inertia": [
        118109.69263192348,
        779639.4179300672,
        723621.5322713428
    ]
}