{
    "time_duration": 3863.2617179999997,
    "total_photons": 151,
    "q1q3_com_distance": 413.2895924467397,
    "moments_of_inertia": [
        410833.508413936,
        6547054.212018109,
        6578686.2224209355
    ]
}