{
    "time_duration": 2777.433594,
    "total_photons": 57,
    "q1q3_com_distance": 146.936556260859,
    "moments_of_inertia": [
        285953.7709590516,
        685553.7770547115,
        620743.9038248335
    ]
}