{
    "time_duration": 4431.500977,
    "total_photons": 98,
    "q1q3_com_distance": 392.98668611300275,
    "moments_of_inertia": [
        346119.8668709677,
        3767984.4529495365,
        3696168.7435141937
    ]
}