{
    "time_duration": 5589.249038,
    "total_photons": 686,
    "q1q3_com_distance": 58.92744491907249,
    "moments_of_inertia": [
        7114103.609202523,
        9805152.844360823,
        11636669.215118304
    ]
}