{
    "time_duration": 4156.625977,
    "total_photons": 249,
    "q1q3_com_distance": 443.5418038809164,
    "moments_of_inertia": [
        396003.5253258534,
        12678155.152682256,
        12703887.521722004
    ]
}