{
    "time_duration": 3776.249146,
    "total_photons": 47,
    "q1q3_com_distance": 195.73049617962525,
    "moments_of_inertia": [
        161708.1653867847,
        807553.2799109841,
        732124.0964554229
    ]
}