{
    "time_duration": 7127.623046999997,
    "total_photons": 204,
    "q1q3_com_distance": 198.0937378899084,
    "moments_of_inertia": [
        1385475.501622695,
        2968554.177795235,
        3013866.859023246
    ]
}