{
    "time_duration": 3921.4287109999996,
    "total_photons": 14,
    "q1q3_com_distance": 656.6624529819336,
    "moments_of_inertia": [
        42484.69904073374,
        1124805.2947324715,
        1082614.6706839367
    ]
}