{
    "time_duration": 7409.589356,
    "total_photons": 933,
    "q1q3_com_distance": 412.5352684533969,
    "moments_of_inertia": [
        5875922.608321898,
        40543280.63729479,
        38227452.47314297
    ]
}