{
    "time_duration": 1128.1142580000014,
    "total_photons": 10,
    "q1q3_com_distance": 323.3764417654584,
    "moments_of_inertia": [
        461.2848721073824,
        261337.64496128866,
        260876.36084660413
    ]
}