{
    "time_duration": 5508.206757,
    "total_photons": 921,
    "q1q3_com_distance": 380.2272746146637,
    "moments_of_inertia": [
        9652794.310530476,
        40415045.84110332,
        38864687.89326693
    ]
}