{
    "time_duration": 3041.584137,
    "total_photons": 358,
    "q1q3_com_distance": 53.927353211245155,
    "moments_of_inertia": [
        3236619.4025961906,
        2308816.816820548,
        1889281.6744380076
    ]
}