{
    "time_duration": 4012.420411,
    "total_photons": 58,
    "q1q3_com_distance": 611.7856164122272,
    "moments_of_inertia": [
        185805.85804778803,
        4066845.9168307437,
        4088178.0857076743
    ]
}