{
    "time_duration": 4988.544921000001,
    "total_photons": 135,
    "q1q3_com_distance": 248.64507109136053,
    "moments_of_inertia": [
        793197.3016561901,
        2724371.701224131,
        2919147.231878201
    ]
}