{
    "time_duration": 6255.205078000001,
    "total_photons": 105,
    "q1q3_com_distance": 293.39257767054033,
    "moments_of_inertia": [
        840443.7795844795,
        4326017.538383385,
        4116353.001346421
    ]
}