{
    "time_duration": 4394.601562000001,
    "total_photons": 490,
    "q1q3_com_distance": 165.39319117120678,
    "moments_of_inertia": [
        1395992.253066251,
        11054447.768327186,
        10452067.445468606
    ]
}