{
    "time_duration": 5200.650390999999,
    "total_photons": 76,
    "q1q3_com_distance": 625.7383025349176,
    "moments_of_inertia": [
        530914.5943271667,
        6727276.125904209,
        6938862.724537058
    ]
}