{
    "time_duration": 3190.125466,
    "total_photons": 8069,
    "q1q3_com_distance": 14.122641307169399,
    "moments_of_inertia": [
        4266063.000878537,
        13987635.327152,
        11271371.730741
    ]
}