{
    "time_duration": 4487.036438,
    "total_photons": 181,
    "q1q3_com_distance": 167.26067352793413,
    "moments_of_inertia": [
        978708.1178958514,
        2278156.324306328,
        2376756.474180145
    ]
}