{
    "time_duration": 6526.026368000001,
    "total_photons": 110,
    "q1q3_com_distance": 659.3739726488756,
    "moments_of_inertia": [
        609507.4528369531,
        10013688.47898358,
        9850341.475499464
    ]
}