{
    "time_duration": 3502.1372070000007,
    "total_photons": 154,
    "q1q3_com_distance": 304.39306271226116,
    "moments_of_inertia": [
        546465.7396552153,
        3324636.972545679,
        3355542.104744562
    ]
}