{
    "time_duration": 3754.5844719999996,
    "total_photons": 138,
    "q1q3_com_distance": 319.32887705707253,
    "moments_of_inertia": [
        886624.25878717,
        5550617.317293474,
        5718315.315010659
    ]
}