{
    "time_duration": 2143.723633,
    "total_photons": 4,
    "q1q3_com_distance": 283.5207350441938,
    "moments_of_inertia": [
        17589.42515609099,
        75484.62211287275,
        59925.19838103604
    ]
}