{
    "time_duration": 6590.423827999999,
    "total_photons": 1053,
    "q1q3_com_distance": 257.88130673592406,
    "moments_of_inertia": [
        4351675.601984907,
        31683563.27215559,
        32131708.362944398
    ]
}