{
    "time_duration": 2475.5,
    "total_photons": 34,
    "q1q3_com_distance": 396.6577951388885,
    "moments_of_inertia": [
        15419.035585518926,
        1354256.1414372423,
        1338840.8051007695
    ]
}