{
    "time_duration": 5186.950196,
    "total_photons": 93,
    "q1q3_com_distance": 744.2964786646677,
    "moments_of_inertia": [
        223160.2876985781,
        9599021.388358794,
        9566142.661078112
    ]
}