{
    "time_duration": 4865.166016000001,
    "total_photons": 235,
    "q1q3_com_distance": 270.53824441755154,
    "moments_of_inertia": [
        1464478.1691534845,
        6191845.074926408,
        5753724.778752443
    ]
}