{
    "time_duration": 8141.635192999999,
    "total_photons": 380,
    "q1q3_com_distance": 629.5418267051073,
    "moments_of_inertia": [
        3590935.631561294,
        35326665.62135784,
        34634321.80817769
    ]
}