{
    "time_duration": 4515.027343,
    "total_photons": 13,
    "q1q3_com_distance": 462.94288796423547,
    "moments_of_inertia": [
        72469.23709906742,
        520799.1177768805,
        531656.0223548213
    ]
}