{
    "time_duration": 4256.346680000001,
    "total_photons": 70,
    "q1q3_com_distance": 933.864437363487,
    "moments_of_inertia": [
        93816.8512868192,
        12068242.234549908,
        12021109.642291842
    ]
}