{
    "time_duration": 5692.421875,
    "total_photons": 79,
    "q1q3_com_distance": 287.37454291655695,
    "moments_of_inertia": [
        289127.4412489,
        2059439.8282858613,
        2169346.7557462533
    ]
}