{
    "time_duration": 5024.465820000001,
    "total_photons": 117,
    "q1q3_com_distance": 548.4351435235953,
    "moments_of_inertia": [
        743294.2821224909,
        7502170.477146259,
        7706870.567230398
    ]
}