{
    "time_duration": 4834.415893,
    "total_photons": 1533,
    "q1q3_com_distance": 227.78919850746271,
    "moments_of_inertia": [
        6481337.849739477,
        45630403.223630376,
        42942303.24074866
    ]
}