{
    "time_duration": 7320.747421,
    "total_photons": 2393,
    "q1q3_com_distance": 121.96298735751233,
    "moments_of_inertia": [
        17392672.488603666,
        28194840.782214507,
        23427037.952443644
    ]
}