{
    "time_duration": 5200.415039000001,
    "total_photons": 177,
    "q1q3_com_distance": 319.43072087131657,
    "moments_of_inertia": [
        857125.3264774624,
        5081978.525975274,
        5058371.567987948
    ]
}