{
    "time_duration": 17139.346755,
    "total_photons": 412,
    "q1q3_com_distance": 12.54233962537877,
    "moments_of_inertia": [
        124736.63089714778,
        311145.6358497335,
        296293.5637943809
    ]
}