{
    "time_duration": 3834.404785,
    "total_photons": 370,
    "q1q3_com_distance": 168.52986275285437,
    "moments_of_inertia": [
        2192234.9101312268,
        6028008.686758475,
        6893617.4182730075
    ]
}