{
    "time_duration": 3563.862304,
    "total_photons": 46,
    "q1q3_com_distance": 250.03599851099216,
    "moments_of_inertia": [
        370360.5815636199,
        2648380.0253566564,
        2556870.4451405923
    ]
}