{
    "time_duration": 1439.0224610000005,
    "total_photons": 16,
    "q1q3_com_distance": 53.39954652195059,
    "moments_of_inertia": [
        74870.0789894654,
        217940.44605216233,
        173276.80229587236
    ]
}