{
    "time_duration": 4589.511719,
    "total_photons": 45,
    "q1q3_com_distance": 672.6307750649103,
    "moments_of_inertia": [
        292181.4951315606,
        4612941.54266059,
        4557110.444012287
    ]
}