{
    "time_duration": 1370.8925780000009,
    "total_photons": 36,
    "q1q3_com_distance": 330.2429285380426,
    "moments_of_inertia": [
        2181.310549214715,
        835335.4719611118,
        833154.1614118961
    ]
}