{
    "time_duration": 4962.8127589999995,
    "total_photons": 336,
    "q1q3_com_distance": 50.82372172513918,
    "moments_of_inertia": [
        2030604.8059263602,
        1339239.7921780627,
        1303388.5635658149
    ]
}