{
    "time_duration": 4748.322754,
    "total_photons": 157,
    "q1q3_com_distance": 688.6714690950298,
    "moments_of_inertia": [
        796170.3675909285,
        13716263.579210669,
        13376951.925636621
    ]
}