{
    "time_duration": 2335.2067869999996,
    "total_photons": 63,
    "q1q3_com_distance": 122.55681985180387,
    "moments_of_inertia": [
        18037.84986293438,
        317528.58785637334,
        335566.0615695812
    ]
}