{
    "time_duration": 2058.726562,
    "total_photons": 25,
    "q1q3_com_distance": 124.6613029740328,
    "moments_of_inertia": [
        41409.22267833914,
        207070.27574700245,
        209267.48317465838
    ]
}