{
    "time_duration": 4953.596863,
    "total_photons": 118,
    "q1q3_com_distance": 93.99814362469581,
    "moments_of_inertia": [
        632450.8192716877,
        1733514.431628404,
        1930494.613827025
    ]
}