{
    "time_duration": 3192.9023430000016,
    "total_photons": 11,
    "q1q3_com_distance": 191.99489929567284,
    "moments_of_inertia": [
        6711.8543294821575,
        104705.3884226647,
        107038.71241148951
    ]
}