{
    "time_duration": 9654.208984,
    "total_photons": 934,
    "q1q3_com_distance": 582.293601116069,
    "moments_of_inertia": [
        5551498.163216114,
        78740554.41787833,
        79777215.91226596
    ]
}