{
    "time_duration": 5277.584717,
    "total_photons": 220,
    "q1q3_com_distance": 617.3720997303446,
    "moments_of_inertia": [
        563273.5050418414,
        18703042.861213222,
        18779899.205505837
    ]
}