{
    "time_duration": 6319.347656999999,
    "total_photons": 255,
    "q1q3_com_distance": 527.4636377350485,
    "moments_of_inertia": [
        1891669.1343848463,
        16113320.511051876,
        16590718.912365625
    ]
}