{
    "time_duration": 2521.111327999999,
    "total_photons": 4,
    "q1q3_com_distance": 371.9246269071195,
    "moments_of_inertia": [
        12998.813460623875,
        135317.87587500014,
        122319.06241437617
    ]
}