{
    "time_duration": 4820.369446000001,
    "total_photons": 146,
    "q1q3_com_distance": 775.6831482920024,
    "moments_of_inertia": [
        442853.7299512811,
        18140848.35341807,
        18278836.21477176
    ]
}