{
    "time_duration": 4141.345703000001,
    "total_photons": 4,
    "q1q3_com_distance": 130.40342020054536,
    "moments_of_inertia": [
        240.89113371481653,
        18898.356800000005,
        18657.465666285178
    ]
}