{
    "time_duration": 3854.0186759999997,
    "total_photons": 102,
    "q1q3_com_distance": 72.18094102762248,
    "moments_of_inertia": [
        1107460.93395928,
        645551.2918451733,
        757933.7109171158
    ]
}