{
    "time_duration": 7622.683182,
    "total_photons": 441,
    "q1q3_com_distance": 406.40991507917875,
    "moments_of_inertia": [
        3047164.014837086,
        22912572.38959421,
        23745560.91861362
    ]
}