{
    "time_duration": 5244.52884,
    "total_photons": 112,
    "q1q3_com_distance": 787.0064543412236,
    "moments_of_inertia": [
        336506.2832840383,
        11911644.985030327,
        11783817.067169579
    ]
}