{
    "time_duration": 6817.15625,
    "total_photons": 304,
    "q1q3_com_distance": 755.6445680529365,
    "moments_of_inertia": [
        1354801.7843371332,
        34343327.496774234,
        34640521.960121505
    ]
}