{
    "time_duration": 3370.0649409999996,
    "total_photons": 23,
    "q1q3_com_distance": 591.9926373275263,
    "moments_of_inertia": [
        54222.17844081344,
        1485432.8728563625,
        1463214.8081115177
    ]
}