{
    "time_duration": 7238.544251,
    "total_photons": 318,
    "q1q3_com_distance": 822.4292838428803,
    "moments_of_inertia": [
        1480165.2075840533,
        35464931.89390566,
        35595089.66951532
    ]
}