{
    "time_duration": 4762.139648999999,
    "total_photons": 335,
    "q1q3_com_distance": 241.58022102949306,
    "moments_of_inertia": [
        700803.2992493212,
        9214411.593895549,
        9312885.521181092
    ]
}