{
    "time_duration": 2098.096192,
    "total_photons": 35,
    "q1q3_com_distance": 28.006054746592472,
    "moments_of_inertia": [
        40333.4642377619,
        53338.48074087221,
        48258.710849937226
    ]
}