{
    "time_duration": 5792.253906000002,
    "total_photons": 142,
    "q1q3_com_distance": 277.6717491273212,
    "moments_of_inertia": [
        793764.3609998142,
        4618554.489624855,
        4914786.048955613
    ]
}