{
    "time_duration": 8650.320557000001,
    "total_photons": 1536,
    "q1q3_com_distance": 381.417972095868,
    "moments_of_inertia": [
        8817742.553330787,
        73266925.82065919,
        71061460.10251692
    ]
}