{
    "time_duration": 4134.682618000001,
    "total_photons": 27,
    "q1q3_com_distance": 49.443097638412965,
    "moments_of_inertia": [
        174747.01183568063,
        72026.42992856892,
        127048.12444315794
    ]
}