{
    "time_duration": 5203.548339999999,
    "total_photons": 507,
    "q1q3_com_distance": 160.4783252774118,
    "moments_of_inertia": [
        2538371.9545976585,
        9681217.747998264,
        10323287.642164642
    ]
}