{
    "time_duration": 6238.548828000003,
    "total_photons": 124,
    "q1q3_com_distance": 555.8041351856695,
    "moments_of_inertia": [
        1092442.7019485123,
        9457132.704098012,
        9875066.696911536
    ]
}