{
    "time_duration": 2141.2573249999996,
    "total_photons": 5,
    "q1q3_com_distance": 116.44286538899672,
    "moments_of_inertia": [
        2966.8560687873105,
        65187.966399999976,
        62221.11033121268
    ]
}