{
    "time_duration": 5895.455078000001,
    "total_photons": 138,
    "q1q3_com_distance": 367.7272855792867,
    "moments_of_inertia": [
        1316345.312667979,
        4225550.894389313,
        5005934.055836914
    ]
}