{
    "time_duration": 4284.641113999999,
    "total_photons": 192,
    "q1q3_com_distance": 194.0082380464924,
    "moments_of_inertia": [
        238052.42278915131,
        3636805.631868447,
        3620580.779187194
    ]
}