{
    "time_duration": 1042.470702999999,
    "total_photons": 6,
    "q1q3_com_distance": 131.734879967304,
    "moments_of_inertia": [
        3671.617892562208,
        90892.99782107212,
        87221.57115303236
    ]
}