{
    "time_duration": 5275.359871000001,
    "total_photons": 88,
    "q1q3_com_distance": 109.04502296136508,
    "moments_of_inertia": [
        489724.15934853826,
        716786.9894784942,
        896053.9020866058
    ]
}