{
    "time_duration": 6701.00708,
    "total_photons": 132,
    "q1q3_com_distance": 287.18186754230715,
    "moments_of_inertia": [
        1688941.089473622,
        4851087.899751634,
        5224200.9502065675
    ]
}