{
    "time_duration": 1934.953125,
    "total_photons": 15,
    "q1q3_com_distance": 164.68727626170758,
    "moments_of_inertia": [
        142608.91691439794,
        76029.96110267311,
        106131.76579626226
    ]
}