{
    "time_duration": 2772.0468760000003,
    "total_photons": 43,
    "q1q3_com_distance": 234.14164136936506,
    "moments_of_inertia": [
        115520.77155429171,
        876896.0358595131,
        805065.8500652642
    ]
}