{
    "time_duration": 3503.976807,
    "total_photons": 1560,
    "q1q3_com_distance": 37.568010360820566,
    "moments_of_inertia": [
        4795375.153511204,
        9755029.396016615,
        10994908.604070397
    ]
}