{
    "time_duration": 4614.216308,
    "total_photons": 104,
    "q1q3_com_distance": 347.98701936997594,
    "moments_of_inertia": [
        274284.1774450452,
        3816354.71952934,
        3751919.0845698444
    ]
}