{
    "time_duration": 3105.513336,
    "total_photons": 531,
    "q1q3_com_distance": 81.05704721222217,
    "moments_of_inertia": [
        3210365.86961101,
        9416557.70417377,
        8811847.334892437
    ]
}