{
    "time_duration": 4106.213562,
    "total_photons": 1552,
    "q1q3_com_distance": 49.530767533352794,
    "moments_of_inertia": [
        1752105.815645745,
        9490661.636498671,
        10286985.170370268
    ]
}