{
    "time_duration": 3382.1943360000005,
    "total_photons": 75,
    "q1q3_com_distance": 434.34021286215415,
    "moments_of_inertia": [
        288912.0600903868,
        2691886.2753067478,
        2766793.178805528
    ]
}