{
    "time_duration": 4314.755859000001,
    "total_photons": 203,
    "q1q3_com_distance": 462.6124135282186,
    "moments_of_inertia": [
        842121.4092199635,
        9522820.024505744,
        9465001.918384643
    ]
}