{
    "time_duration": 4035.2988279999995,
    "total_photons": 190,
    "q1q3_com_distance": 85.84766574867672,
    "moments_of_inertia": [
        1036263.9089277128,
        1251526.8344899844,
        1468606.653105462
    ]
}