{
    "time_duration": 3095.265625,
    "total_photons": 14,
    "q1q3_com_distance": 143.52527392849663,
    "moments_of_inertia": [
        78850.23540290227,
        177591.4555769684,
        223589.72537727217
    ]
}