{
    "time_duration": 1939.72905,
    "total_photons": 937,
    "q1q3_com_distance": 40.29354942203177,
    "moments_of_inertia": [
        1208928.5793337119,
        1620173.1487197445,
        1535375.7619200822
    ]
}