{
    "time_duration": 5075.067871,
    "total_photons": 308,
    "q1q3_com_distance": 382.3647384833878,
    "moments_of_inertia": [
        987169.5752193797,
        9854391.830602722,
        9558166.25885777
    ]
}