{
    "time_duration": 5585.040039000001,
    "total_photons": 745,
    "q1q3_com_distance": 163.27565114858768,
    "moments_of_inertia": [
        7732871.960363988,
        16267701.724241033,
        19517447.368560623
    ]
}