{
    "time_duration": 3136.7028809999997,
    "total_photons": 82,
    "q1q3_com_distance": 263.4821936046384,
    "moments_of_inertia": [
        319453.2233171705,
        2049766.6859526227,
        2115311.4472765503
    ]
}