{
    "time_duration": 3435.2465819999998,
    "total_photons": 395,
    "q1q3_com_distance": 379.09881477376194,
    "moments_of_inertia": [
        552995.972411409,
        10542855.243839549,
        10712991.85375006
    ]
}