{
    "time_duration": 5376.279678,
    "total_photons": 2591,
    "q1q3_com_distance": 73.65409928412089,
    "moments_of_inertia": [
        9917025.899770116,
        16346729.895529583,
        14879381.81230644
    ]
}