{
    "time_duration": 3832.4375,
    "total_photons": 52,
    "q1q3_com_distance": 62.86518895891639,
    "moments_of_inertia": [
        231398.8585622338,
        406405.77988706075,
        326166.6645622437
    ]
}