{
    "time_duration": 963.5561520000001,
    "total_photons": 41,
    "q1q3_com_distance": 63.58883525769087,
    "moments_of_inertia": [
        38606.74721582359,
        143156.77520756048,
        156626.71002539643
    ]
}