{
    "time_duration": 1236.242172,
    "total_photons": 86,
    "q1q3_com_distance": 54.48083653151394,
    "moments_of_inertia": [
        103049.19529883773,
        167919.5261616908,
        183142.61041389048
    ]
}