{
    "time_duration": 1920.4309079999998,
    "total_photons": 34,
    "q1q3_com_distance": 66.15135265453519,
    "moments_of_inertia": [
        171308.94565294107,
        66627.93700492205,
        104681.00864801918
    ]
}