{
    "time_duration": 3316.272171,
    "total_photons": 196,
    "q1q3_com_distance": 42.346070270907,
    "moments_of_inertia": [
        1227377.6451961687,
        899712.2007543292,
        735328.3992443976
    ]
}