{
    "time_duration": 5131.489258000001,
    "total_photons": 60,
    "q1q3_com_distance": 417.3052690361497,
    "moments_of_inertia": [
        266852.2324049878,
        2728501.5230982457,
        2661159.2904101
    ]
}