{
    "time_duration": 5448.964538,
    "total_photons": 434,
    "q1q3_com_distance": 48.59141192227236,
    "moments_of_inertia": [
        3048827.873889286,
        3317291.8250477742,
        4190633.719431146
    ]
}