{
    "time_duration": 3524.34375,
    "total_photons": 73,
    "q1q3_com_distance": 174.0632831281671,
    "moments_of_inertia": [
        636085.2775984654,
        975611.8124916309,
        1146440.0536030554
    ]
}