{
    "time_duration": 5853.548827999999,
    "total_photons": 156,
    "q1q3_com_distance": 495.8280193510347,
    "moments_of_inertia": [
        746154.7042538021,
        8637032.657546636,
        8772283.148377767
    ]
}