{
    "time_duration": 428.7900389999995,
    "total_photons": 5,
    "q1q3_com_distance": 125.6496414638736,
    "moments_of_inertia": [
        795.2062300498255,
        13192.879040000007,
        12397.672809950182
    ]
}