{
    "time_duration": 4047.4150390000004,
    "total_photons": 80,
    "q1q3_com_distance": 307.55707722673185,
    "moments_of_inertia": [
        258845.4913143767,
        2370385.7977339146,
        2303589.475091705
    ]
}