{
    "time_duration": 3967.6064450000013,
    "total_photons": 33,
    "q1q3_com_distance": 523.466702791518,
    "moments_of_inertia": [
        80563.57762936875,
        2102796.0399168194,
        2142798.48023563
    ]
}