{
    "time_duration": 6883.090821,
    "total_photons": 543,
    "q1q3_com_distance": 671.1164231998663,
    "moments_of_inertia": [
        3225966.7684123963,
        50007058.720657386,
        50597201.90096854
    ]
}