{
    "time_duration": 2342.455077999999,
    "total_photons": 8,
    "q1q3_com_distance": 280.5962524250814,
    "moments_of_inertia": [
        39786.55066248035,
        185169.1241461732,
        162195.38544134627
    ]
}