{
    "time_duration": 5115.035156999999,
    "total_photons": 23,
    "q1q3_com_distance": 316.52454630547857,
    "moments_of_inertia": [
        104826.72971667512,
        1127809.8925720335,
        1155510.6552938998
    ]
}