{
    "time_duration": 1054.9028320000002,
    "total_photons": 10,
    "q1q3_com_distance": 104.72892744817182,
    "moments_of_inertia": [
        38038.293133422485,
        76767.60986795086,
        85529.23071862679
    ]
}