{
    "time_duration": 3155.8452149999994,
    "total_photons": 75,
    "q1q3_com_distance": 581.1532410270398,
    "moments_of_inertia": [
        192252.4728169702,
        4897775.777610234,
        4876432.306228798
    ]
}