{
    "time_duration": 3346.001832,
    "total_photons": 69,
    "q1q3_com_distance": 85.04671611392132,
    "moments_of_inertia": [
        279474.53602405626,
        902430.1353224799,
        748179.2921549127
    ]
}