{
    "time_duration": 4532.105468,
    "total_photons": 195,
    "q1q3_com_distance": 644.5685142582552,
    "moments_of_inertia": [
        437009.57544380985,
        14912269.815527057,
        14958256.597771706
    ]
}