{
    "time_duration": 4674.32959,
    "total_photons": 318,
    "q1q3_com_distance": 738.5369729189044,
    "moments_of_inertia": [
        1066314.027760364,
        28399465.905200236,
        28756605.4814004
    ]
}