{
    "time_duration": 1567.8103029999997,
    "total_photons": 10,
    "q1q3_com_distance": 207.1704383673825,
    "moments_of_inertia": [
        52480.95496463665,
        187429.12686104767,
        156065.16753431593
    ]
}