{
    "time_duration": 3755.914063,
    "total_photons": 49,
    "q1q3_com_distance": 246.64407278073767,
    "moments_of_inertia": [
        107578.80676132289,
        1039875.709116859,
        1087543.6423748792
    ]
}