{
    "time_duration": 5406.615234999999,
    "total_photons": 362,
    "q1q3_com_distance": 633.8784540697538,
    "moments_of_inertia": [
        1063419.398143243,
        27998699.32646608,
        27879113.110419426
    ]
}