{
    "time_duration": 4901.571045000001,
    "total_photons": 157,
    "q1q3_com_distance": 426.13821321200027,
    "moments_of_inertia": [
        733682.6430940991,
        7860885.711031651,
        7944124.432106094
    ]
}