{
    "time_duration": 4161.175293,
    "total_photons": 53,
    "q1q3_com_distance": 816.2878458783775,
    "moments_of_inertia": [
        60934.194861525204,
        6651017.8395443335,
        6660566.577058297
    ]
}