{
    "time_duration": 7576.192687999999,
    "total_photons": 3619,
    "q1q3_com_distance": 552.2378345762673,
    "moments_of_inertia": [
        17000094.306691766,
        285606060.35659814,
        283108220.74958134
    ]
}