{
    "time_duration": 487.07617200000004,
    "total_photons": 8,
    "q1q3_com_distance": 0.0,
    "moments_of_inertia": [
        3910.6854000000208,
        3910.6854000000208,
        0.0
    ]
}