{
    "time_duration": 3422.958984,
    "total_photons": 525,
    "q1q3_com_distance": 161.2571332830807,
    "moments_of_inertia": [
        1157176.5533885593,
        7744152.16910484,
        7492331.31615346
    ]
}