{
    "time_duration": 4652.2568360000005,
    "total_photons": 123,
    "q1q3_com_distance": 824.3918919630657,
    "moments_of_inertia": [
        262998.86840050295,
        15412374.562026033,
        15492490.838724691
    ]
}