{
    "time_duration": 3946.294922,
    "total_photons": 355,
    "q1q3_com_distance": 229.2687451127668,
    "moments_of_inertia": [
        2165304.5833655493,
        10211415.524844151,
        9954994.718096787
    ]
}