{
    "time_duration": 4815.038818000001,
    "total_photons": 500,
    "q1q3_com_distance": 584.2876004468976,
    "moments_of_inertia": [
        2260892.244506784,
        42429856.474669844,
        43075190.02851458
    ]
}