{
    "time_duration": 949.3095700000013,
    "total_photons": 15,
    "q1q3_com_distance": 180.4680592411024,
    "moments_of_inertia": [
        9303.724844658587,
        96277.44670666663,
        86973.72186200814
    ]
}