{
    "time_duration": 3161.032166,
    "total_photons": 768,
    "q1q3_com_distance": 208.40161000601185,
    "moments_of_inertia": [
        400274.8326562736,
        11138061.02644086,
        11204779.069297137
    ]
}