{
    "time_duration": 3676.796875,
    "total_photons": 39,
    "q1q3_com_distance": 599.3101934732964,
    "moments_of_inertia": [
        79748.58090300532,
        3286661.6572260414,
        3261079.2436658265
    ]
}