{
    "time_duration": 1207.2963869999994,
    "total_photons": 18,
    "q1q3_com_distance": 170.40306412737993,
    "moments_of_inertia": [
        6523.2539585577615,
        116165.62494144216,
        122688.87889999972
    ]
}