{
    "time_duration": 3037.5656729999996,
    "total_photons": 158,
    "q1q3_com_distance": 135.48414460971082,
    "moments_of_inertia": [
        534669.8095022033,
        1626478.2263854493,
        1179688.3316769057
    ]
}