{
    "time_duration": 1804.917938,
    "total_photons": 79,
    "q1q3_com_distance": 53.79632820416248,
    "moments_of_inertia": [
        204331.81575392577,
        364545.84300519846,
        470431.4210079647
    ]
}