{
    "time_duration": 5370.291016,
    "total_photons": 1684,
    "q1q3_com_distance": 371.8234106563375,
    "moments_of_inertia": [
        5872282.396216184,
        62108743.70742994,
        64340907.433916904
    ]
}