{
    "time_duration": 3662.100098,
    "total_photons": 55,
    "q1q3_com_distance": 81.40154371624502,
    "moments_of_inertia": [
        220089.59364554822,
        667764.8349761325,
        591308.4199746826
    ]
}