{
    "time_duration": 5788.954102,
    "total_photons": 71,
    "q1q3_com_distance": 452.1417673756268,
    "moments_of_inertia": [
        631867.1314332183,
        3604620.2108210153,
        3761800.8935373174
    ]
}