{
    "time_duration": 3305.550537,
    "total_photons": 198,
    "q1q3_com_distance": 310.52031558002744,
    "moments_of_inertia": [
        504622.2792030317,
        4632304.457759647,
        4763982.214447421
    ]
}