{
    "time_duration": 5888.175047999999,
    "total_photons": 56,
    "q1q3_com_distance": 201.76555642676993,
    "moments_of_inertia": [
        64975.91995260329,
        1064073.1676429096,
        1092361.06291163
    ]
}