{
    "time_duration": 7309.384613,
    "total_photons": 1242,
    "q1q3_com_distance": 384.121186397821,
    "moments_of_inertia": [
        4787046.7650117725,
        51336900.2261834,
        51194148.69306717
    ]
}