{
    "time_duration": 4839.176254,
    "total_photons": 654,
    "q1q3_com_distance": 61.03606892163606,
    "moments_of_inertia": [
        8487211.136571873,
        5723551.389668284,
        4830652.820083686
    ]
}