{
    "time_duration": 2724.6850590000004,
    "total_photons": 50,
    "q1q3_com_distance": 225.25290159884352,
    "moments_of_inertia": [
        181295.81535478507,
        885682.9604307405,
        938655.0094544755
    ]
}