{
    "time_duration": 3789.686035999999,
    "total_photons": 61,
    "q1q3_com_distance": 281.1457365300101,
    "moments_of_inertia": [
        148459.3370040499,
        1121349.385176882,
        1102174.7503961173
    ]
}