{
    "time_duration": 4113.942383,
    "total_photons": 59,
    "q1q3_com_distance": 696.7654084608073,
    "moments_of_inertia": [
        148948.1049842583,
        4888429.27261411,
        4862778.58793383
    ]
}