{
    "time_duration": 4879.319824000001,
    "total_photons": 106,
    "q1q3_com_distance": 351.1491646703675,
    "moments_of_inertia": [
        740627.2481942438,
        4069907.660351198,
        3978057.599292297
    ]
}