{
    "time_duration": 4192.584785,
    "total_photons": 532,
    "q1q3_com_distance": 138.08275707564363,
    "moments_of_inertia": [
        805607.6234441288,
        3783575.537104124,
        3947724.436795357
    ]
}