{
    "time_duration": 1808.995911,
    "total_photons": 25,
    "q1q3_com_distance": 90.79942727850425,
    "moments_of_inertia": [
        150771.4451122938,
        66634.55282707837,
        84137.2024286279
    ]
}