{
    "time_duration": 4278.577637,
    "total_photons": 94,
    "q1q3_com_distance": 631.4832829917908,
    "moments_of_inertia": [
        229590.71525591367,
        6782244.3433121275,
        6770185.730048989
    ]
}