{
    "time_duration": 5099.715820000001,
    "total_photons": 104,
    "q1q3_com_distance": 338.32781220648434,
    "moments_of_inertia": [
        870323.26141134,
        3647141.7057058057,
        3947741.830004006
    ]
}