{
    "time_duration": 4846.3198090000005,
    "total_photons": 744,
    "q1q3_com_distance": 74.66440463726735,
    "moments_of_inertia": [
        3088667.8347754534,
        5085219.85308554,
        4803772.078227982
    ]
}