{
    "time_duration": 3097.546601,
    "total_photons": 1655,
    "q1q3_com_distance": 6.131009275262532,
    "moments_of_inertia": [
        2455026.366928093,
        2132712.4492626754,
        469321.10326759843
    ]
}