{
    "time_duration": 6681.365204,
    "total_photons": 551,
    "q1q3_com_distance": 219.71769724662371,
    "moments_of_inertia": [
        3195467.34029671,
        13408584.351326834,
        13936690.600133266
    ]
}