{
    "time_duration": 1492.1538090000004,
    "total_photons": 6,
    "q1q3_com_distance": 111.25578602931176,
    "moments_of_inertia": [
        1955.2154392543744,
        43228.20314999998,
        41272.98771074563
    ]
}