{
    "time_duration": 5801.270996000001,
    "total_photons": 90,
    "q1q3_com_distance": 827.0251751891217,
    "moments_of_inertia": [
        329125.32076993026,
        11257753.01165753,
        11138545.200732538
    ]
}