{
    "time_duration": 6156.777588,
    "total_photons": 323,
    "q1q3_com_distance": 831.2169963902818,
    "moments_of_inertia": [
        1227013.3083850518,
        35686695.13127088,
        35579583.79476391
    ]
}