{
    "time_duration": 4985.030273,
    "total_photons": 15,
    "q1q3_com_distance": 145.825244449478,
    "moments_of_inertia": [
        118597.69921877404,
        208242.7653618291,
        315603.02285939694
    ]
}