{
    "time_duration": 5615.717742999999,
    "total_photons": 430,
    "q1q3_com_distance": 371.822062096386,
    "moments_of_inertia": [
        3397517.482617803,
        18077172.46236431,
        17635266.597033717
    ]
}