{
    "time_duration": 6745.418944999999,
    "total_photons": 523,
    "q1q3_com_distance": 370.21758534962066,
    "moments_of_inertia": [
        2227262.4355781376,
        23648609.6061287,
        24860683.57665952
    ]
}