{
    "time_duration": 3101.9658199999994,
    "total_photons": 25,
    "q1q3_com_distance": 256.60713813798577,
    "moments_of_inertia": [
        96615.7841542624,
        497263.070939891,
        464985.3144578461
    ]
}