{
    "time_duration": 4748.625244999999,
    "total_photons": 302,
    "q1q3_com_distance": 445.63338377910776,
    "moments_of_inertia": [
        1198753.1023208909,
        13557643.878566874,
        13961567.089293024
    ]
}