{
    "time_duration": 1189.9121089999999,
    "total_photons": 5,
    "q1q3_com_distance": 122.1516850067981,
    "moments_of_inertia": [
        11017.933517721867,
        56542.73354933864,
        46345.07069293955
    ]
}