{
    "time_duration": 2888.84607,
    "total_photons": 30,
    "q1q3_com_distance": 70.55710483138827,
    "moments_of_inertia": [
        266695.3363409887,
        385331.67149564566,
        494252.9404633657
    ]
}