{
    "time_duration": 4279.368774,
    "total_photons": 105,
    "q1q3_com_distance": 47.25206108461396,
    "moments_of_inertia": [
        659561.4940387022,
        1476604.2343355773,
        1268115.668547625
    ]
}