{
    "time_duration": 1744.74707,
    "total_photons": 69,
    "q1q3_com_distance": 35.959087764370494,
    "moments_of_inertia": [
        12208.530789013581,
        47312.63279939242,
        59521.163588405994
    ]
}