{
    "time_duration": 4227.77414,
    "total_photons": 6265,
    "q1q3_com_distance": 13.501102021143035,
    "moments_of_inertia": [
        6824042.529998156,
        6660932.759581896,
        2916417.4482405703
    ]
}