{
    "time_duration": 2488.425293,
    "total_photons": 97,
    "q1q3_com_distance": 61.23689883761545,
    "moments_of_inertia": [
        114843.85357063863,
        360764.8047472715,
        316160.4787212664
    ]
}