{
    "time_duration": 5882.5855710000005,
    "total_photons": 430,
    "q1q3_com_distance": 454.7443327189126,
    "moments_of_inertia": [
        2651738.3638937995,
        27570153.116182517,
        28132702.46423581
    ]
}