{
    "time_duration": 5809.723633,
    "total_photons": 274,
    "q1q3_com_distance": 78.05443455356121,
    "moments_of_inertia": [
        1320218.8969938334,
        3268821.851113372,
        3063533.5018796586
    ]
}