{
    "time_duration": 2796.5703120000016,
    "total_photons": 166,
    "q1q3_com_distance": 317.63992498682364,
    "moments_of_inertia": [
        222415.47750137933,
        3474857.8570394684,
        3460583.743373608
    ]
}