{
    "time_duration": 5681.552246,
    "total_photons": 3044,
    "q1q3_com_distance": 290.1574239604826,
    "moments_of_inertia": [
        12253907.63187778,
        126152542.08430052,
        125556207.7325585
    ]
}