{
    "time_duration": 4797.987793,
    "total_photons": 64,
    "q1q3_com_distance": 185.27335474513185,
    "moments_of_inertia": [
        1071116.1486336463,
        964097.8499690489,
        285222.2850223055
    ]
}