{
    "time_duration": 4273.125977,
    "total_photons": 61,
    "q1q3_com_distance": 101.35440664222227,
    "moments_of_inertia": [
        516429.21286955883,
        355618.4814167559,
        414748.17303171847
    ]
}