{
    "time_duration": 2058.3964849999975,
    "total_photons": 55,
    "q1q3_com_distance": 228.46960734216188,
    "moments_of_inertia": [
        67804.54950945266,
        1167124.4621433343,
        1150645.3346599385
    ]
}