{
    "time_duration": 4360.569397,
    "total_photons": 728,
    "q1q3_com_distance": 62.096044259101085,
    "moments_of_inertia": [
        6442200.357821552,
        7253682.734593644,
        9035383.207302948
    ]
}