{
    "time_duration": 2504.886719,
    "total_photons": 36,
    "q1q3_com_distance": 500.8931565442273,
    "moments_of_inertia": [
        79950.34873587405,
        2256821.5770321,
        2221080.445537582
    ]
}