{
    "time_duration": 2858.7470699999994,
    "total_photons": 7,
    "q1q3_com_distance": 124.75700220829306,
    "moments_of_inertia": [
        33127.845902656,
        234131.6636783751,
        221139.87641896892
    ]
}