{
    "time_duration": 5253.350342,
    "total_photons": 2067,
    "q1q3_com_distance": 327.0506234157951,
    "moments_of_inertia": [
        7175447.760589421,
        51215020.0546462,
        49964212.93027669
    ]
}