{
    "time_duration": 7077.191406,
    "total_photons": 456,
    "q1q3_com_distance": 844.2663301776959,
    "moments_of_inertia": [
        2906592.901052773,
        58662473.97464,
        59266902.11588534
    ]
}