{
    "time_duration": 6600.189942,
    "total_photons": 315,
    "q1q3_com_distance": 75.14699687119727,
    "moments_of_inertia": [
        2072136.6261363118,
        3544868.8247100036,
        4512410.364751141
    ]
}