{
    "time_duration": 6731.705078000001,
    "total_photons": 3243,
    "q1q3_com_distance": 84.88232385148295,
    "moments_of_inertia": [
        15706870.83903809,
        17265110.79493415,
        8389769.128235979
    ]
}