{
    "time_duration": 1006.327759,
    "total_photons": 4,
    "q1q3_com_distance": 0.0,
    "moments_of_inertia": [
        1276.7914834361982,
        15935.32946656378,
        17212.120949999982
    ]
}