{
    "time_duration": 4221.542968999998,
    "total_photons": 139,
    "q1q3_com_distance": 123.92714735912979,
    "moments_of_inertia": [
        880333.8742549296,
        1723446.8038946278,
        2022736.5516029631
    ]
}