{
    "time_duration": 2723.784607,
    "total_photons": 963,
    "q1q3_com_distance": 38.6113420310153,
    "moments_of_inertia": [
        777706.0492098129,
        2405103.9583397717,
        1859235.6975490614
    ]
}