{
    "time_duration": 4842.898681999999,
    "total_photons": 57,
    "q1q3_com_distance": 88.48015531311837,
    "moments_of_inertia": [
        382679.2772979592,
        645478.7378435464,
        562498.9838760383
    ]
}