{
    "time_duration": 6660.6586910000005,
    "total_photons": 1914,
    "q1q3_com_distance": 591.5233832211734,
    "moments_of_inertia": [
        12954752.714891568,
        139836281.93385834,
        137830221.8210735
    ]
}