{
    "time_duration": 4559.922119,
    "total_photons": 480,
    "q1q3_com_distance": 395.7613711673536,
    "moments_of_inertia": [
        877590.9280189443,
        16443250.4590241,
        16510052.970952788
    ]
}