{
    "time_duration": 6340.043702000001,
    "total_photons": 455,
    "q1q3_com_distance": 600.8652002977689,
    "moments_of_inertia": [
        3294084.795681808,
        35973137.92766951,
        36511906.3339586
    ]
}