{
    "time_duration": 4882.679688,
    "total_photons": 148,
    "q1q3_com_distance": 402.50868277828073,
    "moments_of_inertia": [
        881253.7516870424,
        6322494.7203401495,
        6488397.821960647
    ]
}