{
    "time_duration": 4719.1213529999995,
    "total_photons": 1005,
    "q1q3_com_distance": 69.32317850899443,
    "moments_of_inertia": [
        2325006.1609836277,
        8972251.99157206,
        8533818.174611667
    ]
}