{
    "time_duration": 1946.5567630000003,
    "total_photons": 64,
    "q1q3_com_distance": 67.69846043820446,
    "moments_of_inertia": [
        249586.02100603725,
        1101728.5987205007,
        1162597.3614703363
    ]
}