{
    "time_duration": 3430.9726570000003,
    "total_photons": 41,
    "q1q3_com_distance": 128.63830941111132,
    "moments_of_inertia": [
        170648.45453216857,
        958682.992491131,
        874304.5383035304
    ]
}