{
    "time_duration": 2713.2712400000005,
    "total_photons": 4,
    "q1q3_com_distance": 204.25,
    "moments_of_inertia": [
        34402.69627500003,
        34402.69627500003,
        0.0
    ]
}