{
    "time_duration": 854.578125,
    "total_photons": 8,
    "q1q3_com_distance": 163.2861979776613,
    "moments_of_inertia": [
        8750.091218324967,
        41830.29343780841,
        49771.8433188666
    ]
}