{
    "time_duration": 2719.064453000001,
    "total_photons": 251,
    "q1q3_com_distance": 86.60650892446013,
    "moments_of_inertia": [
        619915.2612460316,
        1467373.8689419357,
        1187469.0898980924
    ]
}