{
    "time_duration": 1565.621521,
    "total_photons": 10,
    "q1q3_com_distance": 46.83522605902527,
    "moments_of_inertia": [
        2720.1783304071723,
        19949.678239999983,
        17229.49990959282
    ]
}