{
    "time_duration": 2726.703064,
    "total_photons": 338,
    "q1q3_com_distance": 54.20038333423347,
    "moments_of_inertia": [
        747909.4196676863,
        978825.2381697572,
        1125591.7283767583
    ]
}