{
    "time_duration": 4036.9010009999997,
    "total_photons": 39,
    "q1q3_com_distance": 107.51979972544562,
    "moments_of_inertia": [
        296809.91984827217,
        215803.06997261182,
        174918.03946116724
    ]
}