{
    "time_duration": 4997.326737,
    "total_photons": 754,
    "q1q3_com_distance": 45.299748015055904,
    "moments_of_inertia": [
        2936084.798330545,
        2477814.323572311,
        2513015.766725796
    ]
}