{
    "time_duration": 2987.376007,
    "total_photons": 83,
    "q1q3_com_distance": 65.43922651682394,
    "moments_of_inertia": [
        332942.98764311423,
        519472.6662944134,
        506039.76628415973
    ]
}