{
    "time_duration": 3911.618629,
    "total_photons": 866,
    "q1q3_com_distance": 77.38695132495747,
    "moments_of_inertia": [
        1708640.802647091,
        2796307.7306021494,
        2303685.589864388
    ]
}