{
    "time_duration": 5015.803406,
    "total_photons": 721,
    "q1q3_com_distance": 56.88642796948616,
    "moments_of_inertia": [
        4771415.287279844,
        5651790.01768842,
        7928626.208026466
    ]
}