{
    "time_duration": 897.428314,
    "total_photons": 19,
    "q1q3_com_distance": 6.807999999999993,
    "moments_of_inertia": [
        1189.2142736842081,
        1189.2142736842081,
        0.0
    ]
}