{
    "time_duration": 1932.601807,
    "total_photons": 97,
    "q1q3_com_distance": 50.21208475794614,
    "moments_of_inertia": [
        392638.1941867372,
        911837.4844792627,
        731702.6906205987
    ]
}