{
    "time_duration": 3620.1956490000002,
    "total_photons": 2966,
    "q1q3_com_distance": 42.00746559048001,
    "moments_of_inertia": [
        4331602.326704858,
        5924505.445643446,
        6765550.046999638
    ]
}