{
    "time_duration": 1353.1171840000002,
    "total_photons": 944,
    "q1q3_com_distance": 20.474406343037845,
    "moments_of_inertia": [
        31078.323890781525,
        192842.72379271808,
        208313.80859488918
    ]
}