{
    "time_duration": 1530.5286250000001,
    "total_photons": 5,
    "q1q3_com_distance": 66.61510245432326,
    "moments_of_inertia": [
        34001.77779999997,
        15020.25092704431,
        18981.52687295564
    ]
}