{
    "time_duration": 1943.01889,
    "total_photons": 11,
    "q1q3_com_distance": 48.00197495937018,
    "moments_of_inertia": [
        35544.36831911633,
        59119.15278988612,
        80439.61830917922
    ]
}