{
    "time_duration": 5022.062805,
    "total_photons": 598,
    "q1q3_com_distance": 63.122618093675435,
    "moments_of_inertia": [
        3510263.9862002255,
        2922368.214485849,
        3130032.212454392
    ]
}