{
    "time_duration": 3696.734223,
    "total_photons": 143,
    "q1q3_com_distance": 60.804706106066114,
    "moments_of_inertia": [
        1135889.4806025026,
        1341146.0107845794,
        1619847.6900506795
    ]
}