{
    "time_duration": 520.1639409999999,
    "total_photons": 4,
    "q1q3_com_distance": 0.0,
    "moments_of_inertia": [
        143.24830395408753,
        15830.757099999997,
        15687.50879604592
    ]
}