{
    "time_duration": 2023.0541300000002,
    "total_photons": 3499,
    "q1q3_com_distance": 17.94637309318365,
    "moments_of_inertia": [
        1571999.2161636227,
        1456058.0819763632,
        350409.8135226589
    ]
}