{
    "time_duration": 2046.4978030000002,
    "total_photons": 20,
    "q1q3_com_distance": 58.44828486790696,
    "moments_of_inertia": [
        17278.503884027778,
        50937.835755752116,
        40644.47518022017
    ]
}