{
    "time_duration": 2318.150863,
    "total_photons": 79,
    "q1q3_com_distance": 42.77428122715797,
    "moments_of_inertia": [
        206179.20428652462,
        305936.2195332832,
        391591.1238662681
    ]
}