{
    "time_duration": 3346.8477940000002,
    "total_photons": 129,
    "q1q3_com_distance": 45.25752908296257,
    "moments_of_inertia": [
        536640.7174490106,
        702735.098400006,
        747503.1642657124
    ]
}