{
    "time_duration": 496.377609,
    "total_photons": 17,
    "q1q3_com_distance": 24.6570915762585,
    "moments_of_inertia": [
        7189.223949124826,
        20618.806423529444,
        13429.582474404622
    ]
}