{
    "time_duration": 2923.70227,
    "total_photons": 591,
    "q1q3_com_distance": 53.8166694196025,
    "moments_of_inertia": [
        1764520.2295410968,
        2502668.751454694,
        2166055.5035260334
    ]
}