{
    "time_duration": 3024.2855069999996,
    "total_photons": 141,
    "q1q3_com_distance": 76.33838288235224,
    "moments_of_inertia": [
        477353.7286510562,
        686305.4565674871,
        667328.0688438677
    ]
}