{
    "time_duration": 2078.835976,
    "total_photons": 1444,
    "q1q3_com_distance": 20.065102449133676,
    "moments_of_inertia": [
        377114.0040910934,
        339576.9179179214,
        197335.84033641338
    ]
}