{
    "time_duration": 1555.3735349999997,
    "total_photons": 4,
    "q1q3_com_distance": 130.56196919470847,
    "moments_of_inertia": [
        3025.072767205973,
        14953.168849999995,
        11928.096082794025
    ]
}