{
    "time_duration": 4958.20758,
    "total_photons": 364,
    "q1q3_com_distance": 48.19550547398341,
    "moments_of_inertia": [
        2935115.515210529,
        4440130.752313278,
        5089863.56488168
    ]
}