{
    "time_duration": 1922.1710510000003,
    "total_photons": 211,
    "q1q3_com_distance": 59.800063746928494,
    "moments_of_inertia": [
        966087.7084552997,
        488097.44005807623,
        635238.1217596099
    ]
}