{
    "time_duration": 2393.0164330000002,
    "total_photons": 156,
    "q1q3_com_distance": 37.62072492984689,
    "moments_of_inertia": [
        30051.528809672745,
        92052.54976211728,
        106602.57752308257
    ]
}