{
    "time_duration": 2586.814758,
    "total_photons": 1075,
    "q1q3_com_distance": 42.12454183375663,
    "moments_of_inertia": [
        3209116.1037554,
        3979137.660573385,
        3914966.8934836844
    ]
}