{
    "time_duration": 1871.336304,
    "total_photons": 4,
    "q1q3_com_distance": 242.95286950353145,
    "moments_of_inertia": [
        3665.1518387071337,
        47981.20909999999,
        44316.05726129287
    ]
}