{
    "time_duration": 1863.6116939999997,
    "total_photons": 4,
    "q1q3_com_distance": 358.98334348546035,
    "moments_of_inertia": [
        13148.760811180022,
        106094.10330000006,
        92945.34248881995
    ]
}