{
    "time_duration": 1910.646728,
    "total_photons": 99,
    "q1q3_com_distance": 18.2090790189952,
    "moments_of_inertia": [
        96257.24862506078,
        44042.71818926995,
        71945.82112102295
    ]
}