{
    "time_duration": 4829.078216,
    "total_photons": 243,
    "q1q3_com_distance": 27.64447681036439,
    "moments_of_inertia": [
        1981209.830030122,
        2482835.281043225,
        3420194.386587562
    ]
}