{
    "time_duration": 908.5397029999999,
    "total_photons": 8,
    "q1q3_com_distance": 62.48893121985685,
    "moments_of_inertia": [
        14620.25741160765,
        34213.87558619106,
        29065.10615220128
    ]
}