{
    "time_duration": 2299.5238040000004,
    "total_photons": 70,
    "q1q3_com_distance": 19.484639486680837,
    "moments_of_inertia": [
        322522.00289524964,
        882425.1594988244,
        643668.4865573552
    ]
}