{
    "time_duration": 1789.2414549999999,
    "total_photons": 8,
    "q1q3_com_distance": 34.039999999999964,
    "moments_of_inertia": [
        10760.002706688247,
        59646.94684127913,
        48893.542577032706
    ]
}