{
    "time_duration": 472.20745900000003,
    "total_photons": 5,
    "q1q3_com_distance": 0.0,
    "moments_of_inertia": [
        231.7443199999995,
        231.7443199999995,
        0.0
    ]
}