{
    "time_duration": 2003.0769050000001,
    "total_photons": 358,
    "q1q3_com_distance": 66.76983397463246,
    "moments_of_inertia": [
        1230473.3961319507,
        1739634.2610958363,
        1785814.6931303148
    ]
}