{
    "time_duration": 3200.7824859999996,
    "total_photons": 3698,
    "q1q3_com_distance": 17.390796618152045,
    "moments_of_inertia": [
        2035566.4771649495,
        2809511.9426088827,
        2635195.8887511548
    ]
}