{
    "time_duration": 1960.707794,
    "total_photons": 244,
    "q1q3_com_distance": 36.14760012485407,
    "moments_of_inertia": [
        1148400.4212724895,
        1439204.6963371444,
        1333346.3597616768
    ]
}