{
    "time_duration": 1278.6450810000001,
    "total_photons": 101,
    "q1q3_com_distance": 60.9874987153633,
    "moments_of_inertia": [
        124635.72504321567,
        321753.10113969276,
        307541.40325075464
    ]
}