{
    "time_duration": 3026.9320070000003,
    "total_photons": 21,
    "q1q3_com_distance": 110.82613591968683,
    "moments_of_inertia": [
        209150.03243072898,
        158538.05313331174,
        88028.26310262576
    ]
}