{
    "time_duration": 3520.147705,
    "total_photons": 91,
    "q1q3_com_distance": 63.63917026979153,
    "moments_of_inertia": [
        546488.677670287,
        340953.23696765676,
        357341.8791071104
    ]
}