{
    "time_duration": 2147.839562,
    "total_photons": 217,
    "q1q3_com_distance": 25.739534401967422,
    "moments_of_inertia": [
        451376.71263386233,
        310578.1892961977,
        383050.0171409074
    ]
}