{
    "time_duration": 1688.6614990000003,
    "total_photons": 8,
    "q1q3_com_distance": 197.61033892486506,
    "moments_of_inertia": [
        85788.64770000002,
        63217.730082852366,
        22570.917617147756
    ]
}