{
    "time_duration": 1990.0693669999998,
    "total_photons": 68,
    "q1q3_com_distance": 30.820602577701198,
    "moments_of_inertia": [
        52795.239105398556,
        73673.15788283673,
        126468.39698823525
    ]
}