{
    "time_duration": 3213.822876,
    "total_photons": 341,
    "q1q3_com_distance": 75.9418964215875,
    "moments_of_inertia": [
        1282367.551364102,
        1895342.449746202,
        2058534.4153565608
    ]
}