{
    "time_duration": 3437.527496,
    "total_photons": 49,
    "q1q3_com_distance": 88.56232712717602,
    "moments_of_inertia": [
        521476.40331521386,
        413246.4536000987,
        852937.5569377483
    ]
}