{
    "time_duration": 2817.8283389999997,
    "total_photons": 138,
    "q1q3_com_distance": 70.16022422531846,
    "moments_of_inertia": [
        490102.3544276268,
        624726.4868600322,
        713994.2316355304
    ]
}