{
    "time_duration": 4277.4840699999995,
    "total_photons": 189,
    "q1q3_com_distance": 71.07188716157242,
    "moments_of_inertia": [
        1139730.2524305396,
        2220463.3792965543,
        2666868.777853862
    ]
}