{
    "time_duration": 773.0271309999999,
    "total_photons": 377,
    "q1q3_com_distance": 10.14529227323601,
    "moments_of_inertia": [
        74808.23443819619,
        74808.23443819619,
        0.0
    ]
}