{
    "time_duration": 1211.296051,
    "total_photons": 76,
    "q1q3_com_distance": 30.572130343494425,
    "moments_of_inertia": [
        181023.6126956215,
        436614.5930130372,
        363359.8172150254
    ]
}