{
    "time_duration": 1645.4002679999999,
    "total_photons": 25,
    "q1q3_com_distance": 20.22261620370742,
    "moments_of_inertia": [
        11714.728841441709,
        24705.406070558394,
        36420.13491200009
    ]
}