{
    "time_duration": 3096.167893,
    "total_photons": 102,
    "q1q3_com_distance": 98.88001371724152,
    "moments_of_inertia": [
        525897.6086740234,
        898325.7541393756,
        988038.7517179725
    ]
}