{
    "time_duration": 3861.3699189999998,
    "total_photons": 443,
    "q1q3_com_distance": 64.35683641914324,
    "moments_of_inertia": [
        1706699.6210375794,
        2349003.256287719,
        2463715.759073799
    ]
}