{
    "time_duration": 1971.3247070000002,
    "total_photons": 10,
    "q1q3_com_distance": 170.6821268388174,
    "moments_of_inertia": [
        139253.878230705,
        94651.1231657405,
        58790.62712355441
    ]
}