{
    "time_duration": 6191.937622,
    "total_photons": 448,
    "q1q3_com_distance": 62.67464286681007,
    "moments_of_inertia": [
        2921876.7993790987,
        3987953.5229081423,
        5126624.42233553
    ]
}