{
    "time_duration": 4215.255889999999,
    "total_photons": 486,
    "q1q3_com_distance": 68.82838625553964,
    "moments_of_inertia": [
        2009383.0008936494,
        3393664.499255045,
        2751043.76186859
    ]
}