{
    "time_duration": 1021.104797,
    "total_photons": 12,
    "q1q3_com_distance": 87.68975133325941,
    "moments_of_inertia": [
        24191.34266745771,
        36537.093527333374,
        48277.95912187557
    ]
}