{
    "time_duration": 160.556946,
    "total_photons": 4,
    "q1q3_com_distance": 17.019999999999982,
    "moments_of_inertia": [
        796.6210999999983,
        796.6210999999983,
        0.0
    ]
}