{
    "time_duration": 3315.123214,
    "total_photons": 359,
    "q1q3_com_distance": 32.314569763307404,
    "moments_of_inertia": [
        721865.495702125,
        1023327.504311963,
        892081.2563937118
    ]
}