{
    "time_duration": 2658.9265450000003,
    "total_photons": 81,
    "q1q3_com_distance": 79.32446396859761,
    "moments_of_inertia": [
        287746.1720112466,
        421107.5809484801,
        461416.5461760759
    ]
}