{
    "time_duration": 1595.690674,
    "total_photons": 14,
    "q1q3_com_distance": 116.97921562183585,
    "moments_of_inertia": [
        83040.71126043222,
        196822.93686405843,
        265964.6677183667
    ]
}