{
    "time_duration": 1354.6704710000001,
    "total_photons": 8,
    "q1q3_com_distance": 155.03660640313302,
    "moments_of_inertia": [
        1510.1467032956862,
        93667.86033879138,
        92201.42463291291
    ]
}