{
    "time_duration": 4741.228775,
    "total_photons": 663,
    "q1q3_com_distance": 15.984750102171153,
    "moments_of_inertia": [
        4155860.4547147723,
        5188760.800967716,
        6241119.092674076
    ]
}