{
    "time_duration": 2678.14923,
    "total_photons": 88,
    "q1q3_com_distance": 54.874676054692394,
    "moments_of_inertia": [
        488168.2780918908,
        263648.0467447319,
        346190.1495542859
    ]
}