{
    "time_duration": 3855.056824,
    "total_photons": 66,
    "q1q3_com_distance": 124.89429707781123,
    "moments_of_inertia": [
        506591.2892269313,
        783045.7636992353,
        1097044.5539859547
    ]
}