{
    "time_duration": 1095.668823,
    "total_photons": 12,
    "q1q3_com_distance": 104.67429510417335,
    "moments_of_inertia": [
        28425.534129892418,
        72173.35659004055,
        93204.31889673376
    ]
}