{
    "time_duration": 3461.051026,
    "total_photons": 12,
    "q1q3_com_distance": 76.49737983893459,
    "moments_of_inertia": [
        60380.20236178544,
        155633.03057383015,
        190158.49551438427
    ]
}