{
    "time_duration": 2306.8815919999997,
    "total_photons": 46,
    "q1q3_com_distance": 75.31303139047203,
    "moments_of_inertia": [
        165144.2932776271,
        333090.54736867506,
        289650.9875623938
    ]
}