{
    "time_duration": 2565.826599,
    "total_photons": 367,
    "q1q3_com_distance": 52.783486206645534,
    "moments_of_inertia": [
        1259826.4591027258,
        1125826.2043663708,
        1094936.229377771
    ]
}