{
    "time_duration": 3046.976876,
    "total_photons": 974,
    "q1q3_com_distance": 18.274154308651223,
    "moments_of_inertia": [
        1081504.5353869,
        1560899.3470540985,
        1626647.6075329203
    ]
}