{
    "time_duration": 2769.91507,
    "total_photons": 1136,
    "q1q3_com_distance": 24.057792408780266,
    "moments_of_inertia": [
        2050493.3892274052,
        2342841.7299689944,
        2378687.0639152247
    ]
}