{
    "time_duration": 4156.382141,
    "total_photons": 80,
    "q1q3_com_distance": 75.30248332890504,
    "moments_of_inertia": [
        783661.7350747336,
        376055.03704208264,
        555443.8832756835
    ]
}