{
    "time_duration": 4212.430023999999,
    "total_photons": 39,
    "q1q3_com_distance": 82.43747941925493,
    "moments_of_inertia": [
        165328.79908075003,
        245194.905130839,
        343345.2980858472
    ]
}