{
    "time_duration": 1224.526749,
    "total_photons": 196,
    "q1q3_com_distance": 13.199183673468951,
    "moments_of_inertia": [
        58874.58537755089,
        -5.0050850871898335e-54,
        58874.58537755089
    ]
}