{
    "time_duration": 3728.2275390000004,
    "total_photons": 32,
    "q1q3_com_distance": 112.45252749077082,
    "moments_of_inertia": [
        402548.0035705599,
        301028.7535322571,
        177911.49439093238
    ]
}