{
    "time_duration": 1177.084778,
    "total_photons": 47,
    "q1q3_com_distance": 58.634933546005115,
    "moments_of_inertia": [
        257270.15401794744,
        150712.453883957,
        167470.08151086187
    ]
}