{
    "time_duration": 442.63571199999996,
    "total_photons": 10,
    "q1q3_com_distance": 105.87758397738821,
    "moments_of_inertia": [
        42491.51227624849,
        30186.120295790064,
        20789.568487961442
    ]
}