{
    "time_duration": 3736.562073,
    "total_photons": 124,
    "q1q3_com_distance": 82.1839328173059,
    "moments_of_inertia": [
        519512.4065361086,
        738306.2596182342,
        682823.0093359797
    ]
}