{
    "time_duration": 3972.1871799999994,
    "total_photons": 321,
    "q1q3_com_distance": 103.03683953842213,
    "moments_of_inertia": [
        3031107.391388241,
        1800292.4043721585,
        2247461.2783654598
    ]
}