{
    "time_duration": 2240.245728,
    "total_photons": 15,
    "q1q3_com_distance": 74.91253758550748,
    "moments_of_inertia": [
        57866.99328102911,
        339088.4086672877,
        301364.57130501646
    ]
}