{
    "time_duration": 1542.467407,
    "total_photons": 13,
    "q1q3_com_distance": 100.38966107470647,
    "moments_of_inertia": [
        111257.20609806238,
        39133.00812939051,
        72124.37964947017
    ]
}