{
    "time_duration": 3484.8339840000003,
    "total_photons": 9,
    "q1q3_com_distance": 151.76323903443225,
    "moments_of_inertia": [
        46217.13731303047,
        101777.80141212989,
        88326.43069706192
    ]
}