{
    "time_duration": 1751.9669190000002,
    "total_photons": 356,
    "q1q3_com_distance": 48.56341984510666,
    "moments_of_inertia": [
        589069.7683161984,
        950929.8773320082,
        885221.633688312
    ]
}