{
    "time_duration": 1869.621308,
    "total_photons": 32,
    "q1q3_com_distance": 52.365747347980104,
    "moments_of_inertia": [
        78164.4569543297,
        192950.60149358676,
        221522.49644583356
    ]
}