{
    "time_duration": 504.06066799999985,
    "total_photons": 9,
    "q1q3_com_distance": 86.63542744679502,
    "moments_of_inertia": [
        12057.140546030078,
        39930.11686666667,
        27872.976320636575
    ]
}