{
    "time_duration": 2278.42279,
    "total_photons": 71,
    "q1q3_com_distance": 52.8922948133023,
    "moments_of_inertia": [
        183869.79239847508,
        415431.0524037718,
        318519.43937240145
    ]
}