{
    "time_duration": 2753.137573,
    "total_photons": 8,
    "q1q3_com_distance": 191.79303467540214,
    "moments_of_inertia": [
        90135.99689959429,
        51888.29220360058,
        47996.09437180507
    ]
}