{
    "time_duration": 3466.4596859999997,
    "total_photons": 206,
    "q1q3_com_distance": 48.97406820384559,
    "moments_of_inertia": [
        494400.08290595235,
        1054970.9249157356,
        1238145.5372783116
    ]
}