{
    "time_duration": 2023.097412,
    "total_photons": 38,
    "q1q3_com_distance": 12.985459791628438,
    "moments_of_inertia": [
        14425.203437160315,
        35917.03297862913,
        50342.23641578945
    ]
}