{
    "time_duration": 1760.30861,
    "total_photons": 240,
    "q1q3_com_distance": 57.96493853878887,
    "moments_of_inertia": [
        610207.1716790652,
        664832.1176139502,
        489621.05536031903
    ]
}