{
    "time_duration": 1523.544312,
    "total_photons": 9,
    "q1q3_com_distance": 62.46362988438449,
    "moments_of_inertia": [
        15721.974336320407,
        38321.965397012944,
        54043.93973333336
    ]
}