{
    "time_duration": 2934.837715,
    "total_photons": 819,
    "q1q3_com_distance": 15.505229997655182,
    "moments_of_inertia": [
        740450.9811563973,
        1177525.5467510924,
        1109712.4801389072
    ]
}