{
    "time_duration": 2968.796448,
    "total_photons": 1266,
    "q1q3_com_distance": 36.15413115724515,
    "moments_of_inertia": [
        3233332.068567849,
        3756494.482525985,
        4409067.540739497
    ]
}