{
    "time_duration": 1756.855256,
    "total_photons": 101,
    "q1q3_com_distance": 12.027537307126476,
    "moments_of_inertia": [
        286918.6897629455,
        260500.26336863975,
        212057.75030603874
    ]
}