{
    "time_duration": 598.629639,
    "total_photons": 9,
    "q1q3_com_distance": 0.0033333333333303017,
    "moments_of_inertia": [
        20279.557022222223,
        20279.557022222223,
        0.0
    ]
}