{
    "time_duration": 3569.464019,
    "total_photons": 132,
    "q1q3_com_distance": 101.18983330583578,
    "moments_of_inertia": [
        1019736.7777816899,
        1342380.565820121,
        1825634.0776512201
    ]
}