{
    "time_duration": 2113.62442,
    "total_photons": 156,
    "q1q3_com_distance": 32.793212750481935,
    "moments_of_inertia": [
        411062.6734788248,
        834109.6999544685,
        628638.7877282448
    ]
}