{
    "time_duration": 2175.820282,
    "total_photons": 129,
    "q1q3_com_distance": 76.80183012163309,
    "moments_of_inertia": [
        368248.4385494067,
        725099.7349850081,
        569552.7664097712
    ]
}