{
    "time_duration": 1380.6464230000001,
    "total_photons": 14,
    "q1q3_com_distance": 41.989315084316395,
    "moments_of_inertia": [
        13949.560576120595,
        63960.56431428569,
        50011.0037381651
    ]
}