{
    "time_duration": 5613.760086,
    "total_photons": 295,
    "q1q3_com_distance": 84.72041016475488,
    "moments_of_inertia": [
        1270631.2190723326,
        2490946.8236342426,
        2859049.302840546
    ]
}