{
    "time_duration": 2272.403786,
    "total_photons": 971,
    "q1q3_com_distance": 26.948855815446507,
    "moments_of_inertia": [
        855019.4670034432,
        1073044.2080981007,
        1147049.165026157
    ]
}