{
    "time_duration": 4440.086120999999,
    "total_photons": 315,
    "q1q3_com_distance": 94.29278860812312,
    "moments_of_inertia": [
        1383448.3820931576,
        2342572.979459074,
        2294957.44657729
    ]
}