{
    "time_duration": 651.633789,
    "total_photons": 20,
    "q1q3_com_distance": 34.04599999999982,
    "moments_of_inertia": [
        7244.563254999983,
        7244.563254999983,
        0.0
    ]
}