{
    "time_duration": 3142.208679,
    "total_photons": 22,
    "q1q3_com_distance": 132.97534778839446,
    "moments_of_inertia": [
        101989.25011027616,
        301512.04744268954,
        338758.46438339766
    ]
}