{
    "time_duration": 1748.613617,
    "total_photons": 104,
    "q1q3_com_distance": 49.27001477188025,
    "moments_of_inertia": [
        717321.3970495455,
        324201.4651868669,
        499651.2261866636
    ]
}