{
    "time_duration": 2063.588379,
    "total_photons": 258,
    "q1q3_com_distance": 59.73267453100689,
    "moments_of_inertia": [
        764074.8626920083,
        1483470.2611152055,
        1146019.0146090658
    ]
}