{
    "time_duration": 1564.201721,
    "total_photons": 13,
    "q1q3_com_distance": 51.848395888879715,
    "moments_of_inertia": [
        20107.87187716971,
        50406.986945613266,
        38030.24705414001
    ]
}