{
    "time_duration": 3229.566803,
    "total_photons": 106,
    "q1q3_com_distance": 64.49056022308618,
    "moments_of_inertia": [
        489924.13088307506,
        523470.3049628045,
        599235.9181465728
    ]
}