{
    "time_duration": 2235.2616120000002,
    "total_photons": 130,
    "q1q3_com_distance": 45.80725766536264,
    "moments_of_inertia": [
        267532.6339633813,
        320351.1537009313,
        300316.30748184066
    ]
}