{
    "time_duration": 1884.2804260000003,
    "total_photons": 215,
    "q1q3_com_distance": 14.639034093969231,
    "moments_of_inertia": [
        965153.7416362392,
        1387779.8867726552,
        1340099.515047848
    ]
}