{
    "time_duration": 2139.670502,
    "total_photons": 209,
    "q1q3_com_distance": 55.6177812609865,
    "moments_of_inertia": [
        720341.4114731381,
        1228899.6980637275,
        1502241.934088014
    ]
}