{
    "time_duration": 3493.2095799999997,
    "total_photons": 1028,
    "q1q3_com_distance": 24.388565260192664,
    "moments_of_inertia": [
        6087784.297708521,
        7079859.949262891,
        8938414.352922564
    ]
}