{
    "time_duration": 2104.566437,
    "total_photons": 346,
    "q1q3_com_distance": 56.09221094003237,
    "moments_of_inertia": [
        1798542.8956201891,
        2252581.852486181,
        2027922.9189612605
    ]
}