{
    "time_duration": 3975.1816400000002,
    "total_photons": 52,
    "q1q3_com_distance": 107.82138194869053,
    "moments_of_inertia": [
        504174.1094215534,
        910321.9745423715,
        1259680.2519745368
    ]
}