{
    "time_duration": 1049.810974,
    "total_photons": 6,
    "q1q3_com_distance": 25.529999999999973,
    "moments_of_inertia": [
        4055.525600000022,
        4055.525600000022,
        0.0
    ]
}