{
    "time_duration": 2530.977173,
    "total_photons": 30,
    "q1q3_com_distance": 52.56599664350528,
    "moments_of_inertia": [
        106425.2813440012,
        226540.99766739027,
        294562.6923019422
    ]
}