{
    "time_duration": 554.3398440000001,
    "total_photons": 6,
    "q1q3_com_distance": 132.0497887162263,
    "moments_of_inertia": [
        17015.419681574207,
        46263.35668401996,
        63278.76540107246
    ]
}