{
    "time_duration": 5257.979912,
    "total_photons": 3906,
    "q1q3_com_distance": 45.40066467849493,
    "moments_of_inertia": [
        7710941.953305096,
        10025335.417595705,
        9252089.831527224
    ]
}