{
    "time_duration": 1246.821197,
    "total_photons": 23,
    "q1q3_com_distance": 36.362183843780485,
    "moments_of_inertia": [
        58188.737518076014,
        74332.60377276034,
        99195.75067438108
    ]
}