{
    "time_duration": 3024.176544,
    "total_photons": 616,
    "q1q3_com_distance": 32.00932774547354,
    "moments_of_inertia": [
        1962990.3498854872,
        2928720.959401988,
        3617405.908869343
    ]
}