{
    "time_duration": 3587.1127930000002,
    "total_photons": 16,
    "q1q3_com_distance": 80.87268829771892,
    "moments_of_inertia": [
        72811.30367488539,
        164955.5964895893,
        217745.6153980253
    ]
}