{
    "time_duration": 2264.0747069999998,
    "total_photons": 120,
    "q1q3_com_distance": 25.617855034244002,
    "moments_of_inertia": [
        316296.3397316052,
        673298.5386723625,
        640620.5458060312
    ]
}