{
    "time_duration": 1780.040955,
    "total_photons": 66,
    "q1q3_com_distance": 30.774295091980537,
    "moments_of_inertia": [
        545628.7589254897,
        351992.2055807843,
        418277.1851694831
    ]
}