{
    "time_duration": 1376.5136719999998,
    "total_photons": 6,
    "q1q3_com_distance": 64.12886830437593,
    "moments_of_inertia": [
        12116.684290221368,
        30853.74814747691,
        22787.25376230171
    ]
}