{
    "time_duration": 3441.3259890000004,
    "total_photons": 506,
    "q1q3_com_distance": 45.76593023488912,
    "moments_of_inertia": [
        2215643.7028003517,
        3079320.401139765,
        4064190.051262649
    ]
}