{
    "time_duration": 1226.680237,
    "total_photons": 6,
    "q1q3_com_distance": 110.68474815890416,
    "moments_of_inertia": [
        47945.68088641596,
        17991.67285166583,
        29968.276428584886
    ]
}