{
    "time_duration": 4456.134521,
    "total_photons": 37,
    "q1q3_com_distance": 28.695224215068944,
    "moments_of_inertia": [
        69978.97001471894,
        223194.40036570432,
        204097.9952952525
    ]
}