{
    "time_duration": 3533.575806,
    "total_photons": 62,
    "q1q3_com_distance": 60.82855339561401,
    "moments_of_inertia": [
        226251.2603158941,
        481180.2937323116,
        436797.9265356654
    ]
}