{
    "time_duration": 6289.650635,
    "total_photons": 22,
    "q1q3_com_distance": 197.4480634172493,
    "moments_of_inertia": [
        205729.30058948643,
        360535.79030792025,
        322949.6833025923
    ]
}