{
    "time_duration": 4348.80513,
    "total_photons": 1151,
    "q1q3_com_distance": 29.741440463577412,
    "moments_of_inertia": [
        2863495.5197523343,
        3140351.1779758595,
        3916670.4377112463
    ]
}