{
    "time_duration": 2197.040791,
    "total_photons": 716,
    "q1q3_com_distance": 13.913071682202016,
    "moments_of_inertia": [
        526979.4360133623,
        519697.48353849107,
        633989.5586514985
    ]
}