{
    "time_duration": 1305.394104,
    "total_photons": 125,
    "q1q3_com_distance": 40.48861766294865,
    "moments_of_inertia": [
        330775.13057475927,
        509117.63756497187,
        452605.63553386845
    ]
}