{
    "time_duration": 2618.386322,
    "total_photons": 98,
    "q1q3_com_distance": 66.58286012480959,
    "moments_of_inertia": [
        307878.612318848,
        514110.5920733253,
        594893.2442404787
    ]
}