{
    "time_duration": 3679.519348,
    "total_photons": 115,
    "q1q3_com_distance": 50.00647430853842,
    "moments_of_inertia": [
        586642.6060809547,
        1303615.6569254394,
        1136287.1255779553
    ]
}