{
    "time_duration": 2572.148102,
    "total_photons": 360,
    "q1q3_com_distance": 35.019332552988395,
    "moments_of_inertia": [
        1004021.219588225,
        1436229.660878797,
        1275201.4032585341
    ]
}