{
    "time_duration": 3415.359192,
    "total_photons": 489,
    "q1q3_com_distance": 18.636774087919473,
    "moments_of_inertia": [
        1409216.4395405822,
        2050135.0393518691,
        1797606.542285461
    ]
}