{
    "time_duration": 1474.2245480000001,
    "total_photons": 84,
    "q1q3_com_distance": 23.470881095741298,
    "moments_of_inertia": [
        188997.74764761887,
        161128.57110045798,
        27869.176547160972
    ]
}