{
    "time_duration": 2719.912384,
    "total_photons": 682,
    "q1q3_com_distance": 39.90993792245874,
    "moments_of_inertia": [
        2733835.896530902,
        3231993.3780163163,
        4017280.767791496
    ]
}