{
    "time_duration": 1965.609192,
    "total_photons": 4,
    "q1q3_com_distance": 150.71682255143247,
    "moments_of_inertia": [
        24568.63309999997,
        8723.085940635328,
        15845.547159364638
    ]
}