{
    "time_duration": 1868.6584779999998,
    "total_photons": 58,
    "q1q3_com_distance": 58.26425121232889,
    "moments_of_inertia": [
        160695.49023301172,
        130983.18109722497,
        119819.2369663155
    ]
}