{
    "time_duration": 3091.2021640000003,
    "total_photons": 1670,
    "q1q3_com_distance": 11.756046445257063,
    "moments_of_inertia": [
        1779375.5819585635,
        1262932.0489937102,
        1434280.1217949158
    ]
}