{
    "time_duration": 3540.282013,
    "total_photons": 495,
    "q1q3_com_distance": 62.23275464320435,
    "moments_of_inertia": [
        1126743.4352209182,
        2430457.695413367,
        1947808.1243249108
    ]
}