{
    "time_duration": 3694.982132,
    "total_photons": 512,
    "q1q3_com_distance": 57.34595220881015,
    "moments_of_inertia": [
        3581407.322080235,
        3909563.0647317395,
        5010858.835580603
    ]
}