{
    "time_duration": 4098.788433000001,
    "total_photons": 1243,
    "q1q3_com_distance": 19.301746619459696,
    "moments_of_inertia": [
        2430783.7926248414,
        3183080.355035411,
        3449945.009547793
    ]
}