{
    "time_duration": 1911.419861,
    "total_photons": 76,
    "q1q3_com_distance": 46.71429330696308,
    "moments_of_inertia": [
        193933.21545163885,
        410691.420542788,
        511441.59036609903
    ]
}