{
    "time_duration": 2221.592911,
    "total_photons": 174,
    "q1q3_com_distance": 33.12897926044301,
    "moments_of_inertia": [
        409413.57252271276,
        634620.6132184275,
        751948.1686289748
    ]
}