{
    "time_duration": 1456.4670099999998,
    "total_photons": 37,
    "q1q3_com_distance": 29.206241022116707,
    "moments_of_inertia": [
        49552.955145946034,
        35405.04049573792,
        14147.914650208111
    ]
}