{
    "time_duration": 1229.5433349999998,
    "total_photons": 436,
    "q1q3_com_distance": 1.8157274199236726,
    "moments_of_inertia": [
        54736.56652362374,
        39164.48846329824,
        15572.078060325532
    ]
}