{
    "time_duration": 2726.817856,
    "total_photons": 561,
    "q1q3_com_distance": 33.90634725219831,
    "moments_of_inertia": [
        573726.8329124294,
        756839.8095120232,
        940557.5441552299
    ]
}