{
    "time_duration": 2755.399597,
    "total_photons": 295,
    "q1q3_com_distance": 28.864600079132654,
    "moments_of_inertia": [
        1275825.7054830454,
        1574222.4075926791,
        1752124.4328537663
    ]
}