{
    "time_duration": 1982.6581729999998,
    "total_photons": 76,
    "q1q3_com_distance": 62.42926882556123,
    "moments_of_inertia": [
        458791.6227750581,
        303419.2693555885,
        371377.0311114581
    ]
}