{
    "time_duration": 3102.496063,
    "total_photons": 444,
    "q1q3_com_distance": 68.77802421646359,
    "moments_of_inertia": [
        3426277.3882576628,
        2215812.7287691007,
        2460175.211228638
    ]
}