{
    "time_duration": 4467.065491,
    "total_photons": 185,
    "q1q3_com_distance": 75.97850156463515,
    "moments_of_inertia": [
        1187529.400595664,
        1952053.330444903,
        2115499.286183215
    ]
}