{
    "time_duration": 2294.643433,
    "total_photons": 357,
    "q1q3_com_distance": 25.846029800781057,
    "moments_of_inertia": [
        490858.9794244823,
        455734.4541414063,
        402022.59970693954
    ]
}