{
    "time_duration": 1357.9134520000002,
    "total_photons": 21,
    "q1q3_com_distance": 39.67247706884179,
    "moments_of_inertia": [
        67386.63147669575,
        34587.65675318614,
        50409.993922498856
    ]
}