{
    "time_duration": 661.2054440000002,
    "total_photons": 4,
    "q1q3_com_distance": 17.019999999999982,
    "moments_of_inertia": [
        8181.186530853836,
        18195.35059931147,
        26194.44301983476
    ]
}