{
    "time_duration": 420.153321,
    "total_photons": 4,
    "q1q3_com_distance": 118.96943346927395,
    "moments_of_inertia": [
        17666.08487499999,
        7039.729574621168,
        10626.355300378824
    ]
}