{
    "time_duration": 2105.220322,
    "total_photons": 400,
    "q1q3_com_distance": 43.359048409069125,
    "moments_of_inertia": [
        871648.0291197479,
        628377.9032823863,
        464494.98893486714
    ]
}