{
    "time_duration": 2638.6708980000003,
    "total_photons": 28,
    "q1q3_com_distance": 38.2501251698634,
    "moments_of_inertia": [
        138990.24813740645,
        401092.3179981987,
        335636.87775010924
    ]
}