{
    "time_duration": 4266.569916,
    "total_photons": 733,
    "q1q3_com_distance": 31.098942787975787,
    "moments_of_inertia": [
        5806132.129477078,
        6992018.974157587,
        8081751.172178154
    ]
}