{
    "time_duration": 3165.2973319999996,
    "total_photons": 399,
    "q1q3_com_distance": 37.19782117987578,
    "moments_of_inertia": [
        847686.1787273979,
        1267054.4358735566,
        1394053.0513799991
    ]
}