{
    "time_duration": 1431.4590449999998,
    "total_photons": 8,
    "q1q3_com_distance": 51.06500000000028,
    "moments_of_inertia": [
        15677.75443205775,
        49508.882947796876,
        65186.633970145405
    ]
}