{
    "time_duration": 5638.316498,
    "total_photons": 714,
    "q1q3_com_distance": 79.10014035785007,
    "moments_of_inertia": [
        4804939.866018656,
        5516968.370581756,
        6366663.800018361
    ]
}