{
    "time_duration": 3869.985138,
    "total_photons": 75,
    "q1q3_com_distance": 73.08735640833552,
    "moments_of_inertia": [
        329673.4110956746,
        701294.456427492,
        782334.0914048342
    ]
}