{
    "time_duration": 1795.491715,
    "total_photons": 338,
    "q1q3_com_distance": 21.562385668318868,
    "moments_of_inertia": [
        500639.10487444844,
        559036.6592201449,
        580395.0274917977
    ]
}