{
    "time_duration": 4673.417847000001,
    "total_photons": 18,
    "q1q3_com_distance": 179.0788018499117,
    "moments_of_inertia": [
        175289.6469423113,
        296547.90924353054,
        340362.80713638035
    ]
}