{
    "time_duration": 5364.171509,
    "total_photons": 19,
    "q1q3_com_distance": 118.68947346753194,
    "moments_of_inertia": [
        148270.50058491333,
        193661.98951517715,
        268991.2596683306
    ]
}