{
    "time_duration": 1001.743195,
    "total_photons": 12,
    "q1q3_com_distance": 70.52293669438332,
    "moments_of_inertia": [
        12924.966040620297,
        35783.09720722037,
        44993.38625215927
    ]
}