{
    "time_duration": 2183.034576,
    "total_photons": 336,
    "q1q3_com_distance": 74.43049153631395,
    "moments_of_inertia": [
        2655994.2951559564,
        1936777.8280605634,
        1607378.8905769314
    ]
}