{
    "time_duration": 3779.788758,
    "total_photons": 97,
    "q1q3_com_distance": 55.029735815526564,
    "moments_of_inertia": [
        812929.1548617638,
        566905.8436874953,
        609170.0145641415
    ]
}