{
    "time_duration": 1860.043548,
    "total_photons": 128,
    "q1q3_com_distance": 34.812145260198804,
    "moments_of_inertia": [
        408193.0904971006,
        713771.1155339609,
        593327.6108095634
    ]
}