{
    "time_duration": 2790.220581,
    "total_photons": 104,
    "q1q3_com_distance": 39.68654736265239,
    "moments_of_inertia": [
        278991.8289612352,
        648613.1214774778,
        436283.48306513403
    ]
}