{
    "time_duration": 2179.562378,
    "total_photons": 115,
    "q1q3_com_distance": 26.507143445242114,
    "moments_of_inertia": [
        892668.1235161967,
        765051.5718750025,
        650325.7634540171
    ]
}