{
    "time_duration": 3686.3298950000003,
    "total_photons": 27,
    "q1q3_com_distance": 34.704281744887965,
    "moments_of_inertia": [
        79825.02683444545,
        331995.85755014775,
        311154.8265042958
    ]
}