{
    "time_duration": 3839.527012,
    "total_photons": 211,
    "q1q3_com_distance": 61.44819336756861,
    "moments_of_inertia": [
        1534226.557064951,
        1166978.4928074218,
        878960.4245295223
    ]
}