{
    "time_duration": 4037.412918,
    "total_photons": 675,
    "q1q3_com_distance": 73.04704751742949,
    "moments_of_inertia": [
        4966115.549020732,
        7405400.982971929,
        8962323.453727046
    ]
}