{
    "time_duration": 4022.284073,
    "total_photons": 1291,
    "q1q3_com_distance": 26.560260793856454,
    "moments_of_inertia": [
        1875401.741967648,
        2085565.408286018,
        2211328.0083839754
    ]
}