{
    "time_duration": 3224.150422,
    "total_photons": 310,
    "q1q3_com_distance": 15.33584618430598,
    "moments_of_inertia": [
        782214.1192512757,
        605049.8624096164,
        331924.7044197524
    ]
}