{
    "time_duration": 2617.082459,
    "total_photons": 15,
    "q1q3_com_distance": 126.93842456581088,
    "moments_of_inertia": [
        101842.13193986434,
        169916.42073758104,
        146462.91110922123
    ]
}