{
    "time_duration": 3174.5689089999996,
    "total_photons": 55,
    "q1q3_com_distance": 58.85897307747282,
    "moments_of_inertia": [
        633043.3435157393,
        365268.11029305175,
        494037.40549302736
    ]
}