{
    "time_duration": 4018.658935,
    "total_photons": 11,
    "q1q3_com_distance": 97.10435268880131,
    "moments_of_inertia": [
        104933.426721758,
        217697.4597143861,
        171689.37261840125
    ]
}