{
    "time_duration": 726.082214,
    "total_photons": 5,
    "q1q3_com_distance": 64.86931824830592,
    "moments_of_inertia": [
        13465.691039999998,
        2.7284841053187847e-12,
        13465.691039999996
    ]
}