{
    "time_duration": 2200.089477,
    "total_photons": 34,
    "q1q3_com_distance": 65.48888264902143,
    "moments_of_inertia": [
        82446.31249901661,
        330458.39280952245,
        360791.1099738139
    ]
}