{
    "time_duration": 2670.6700889999997,
    "total_photons": 1033,
    "q1q3_com_distance": 34.35254193780964,
    "moments_of_inertia": [
        3563693.6825584723,
        2865404.0141452732,
        2756787.916684837
    ]
}