{
    "time_duration": 4138.625031,
    "total_photons": 526,
    "q1q3_com_distance": 67.71903122242608,
    "moments_of_inertia": [
        5184779.919172078,
        6624473.542379314,
        8209198.323205264
    ]
}