{
    "time_duration": 3184.894363,
    "total_photons": 855,
    "q1q3_com_distance": 20.1662004238281,
    "moments_of_inertia": [
        1774513.452854907,
        1214084.6511736494,
        947069.8433197523
    ]
}