{
    "time_duration": 2399.310974,
    "total_photons": 34,
    "q1q3_com_distance": 87.55062942994921,
    "moments_of_inertia": [
        111765.79071295675,
        331154.2167447639,
        285413.1813011036
    ]
}