{
    "time_duration": 4597.168304000001,
    "total_photons": 340,
    "q1q3_com_distance": 71.26134438237465,
    "moments_of_inertia": [
        1547881.1741993271,
        2113478.430423427,
        2281576.28414313
    ]
}