{
    "time_duration": 1460.771911,
    "total_photons": 14,
    "q1q3_com_distance": 95.33391477459618,
    "moments_of_inertia": [
        37966.18326129968,
        76947.49019490053,
        58070.85564379965
    ]
}