{
    "time_duration": 3941.930786,
    "total_photons": 313,
    "q1q3_com_distance": 60.78282301202267,
    "moments_of_inertia": [
        1055297.0513562816,
        479067.918850149,
        730139.4113271149
    ]
}