{
    "time_duration": 2824.142944,
    "total_photons": 13,
    "q1q3_com_distance": 99.28496987138143,
    "moments_of_inertia": [
        65310.94080027839,
        252192.9594761983,
        247089.39206198495
    ]
}