{
    "time_duration": 1161.1688240000003,
    "total_photons": 11,
    "q1q3_com_distance": 129.68045552219675,
    "moments_of_inertia": [
        195235.51155617426,
        66824.59173002242,
        144418.24249562138
    ]
}