{
    "time_duration": 1110.68576,
    "total_photons": 23,
    "q1q3_com_distance": 79.8972778009363,
    "moments_of_inertia": [
        31371.78671551265,
        61009.74023100522,
        78023.52211435176
    ]
}