{
    "time_duration": 2402.026016,
    "total_photons": 1862,
    "q1q3_com_distance": 17.70042867932747,
    "moments_of_inertia": [
        2163014.5452922303,
        1705225.1093577573,
        1147686.1364574241
    ]
}