{
    "time_duration": 4669.7130130000005,
    "total_photons": 184,
    "q1q3_com_distance": 88.04438559596895,
    "moments_of_inertia": [
        1653433.3272478166,
        2416777.892417581,
        2654684.5199682945
    ]
}