{
    "time_duration": 2852.3618159999996,
    "total_photons": 134,
    "q1q3_com_distance": 52.69693195077136,
    "moments_of_inertia": [
        315139.2041355511,
        455947.0663668732,
        552405.2970975762
    ]
}