{
    "time_duration": 2676.3898010000003,
    "total_photons": 161,
    "q1q3_com_distance": 45.985856122169416,
    "moments_of_inertia": [
        810648.6763097917,
        956934.5009310882,
        1254683.938311914
    ]
}