{
    "time_duration": 3651.8062670000004,
    "total_photons": 796,
    "q1q3_com_distance": 66.44801163251954,
    "moments_of_inertia": [
        6088703.05019917,
        3916521.0709170788,
        4397742.771231739
    ]
}