{
    "time_duration": 1536.5742189999999,
    "total_photons": 6,
    "q1q3_com_distance": 126.2376585056931,
    "moments_of_inertia": [
        2607.790009260789,
        154087.52255742386,
        151479.96763331533
    ]
}