{
    "time_duration": 1366.953186,
    "total_photons": 67,
    "q1q3_com_distance": 59.810303599037084,
    "moments_of_inertia": [
        122766.25411069958,
        237404.09011550926,
        216122.5735230449
    ]
}