{
    "time_duration": 3575.3225709999997,
    "total_photons": 71,
    "q1q3_com_distance": 83.94140026100209,
    "moments_of_inertia": [
        221343.97514669143,
        543445.5540314189,
        486178.0362078053
    ]
}