{
    "time_duration": 2570.216888,
    "total_photons": 120,
    "q1q3_com_distance": 48.315242083172414,
    "moments_of_inertia": [
        446423.945665931,
        679921.6689002467,
        584714.835952156
    ]
}