{
    "time_duration": 806.602051,
    "total_photons": 11,
    "q1q3_com_distance": 65.60069410201908,
    "moments_of_inertia": [
        14935.117046100651,
        51890.60889840701,
        36967.38012821959
    ]
}