{
    "time_duration": 2739.073395,
    "total_photons": 365,
    "q1q3_com_distance": 55.10716160701491,
    "moments_of_inertia": [
        584951.0742139715,
        1104152.3550728282,
        1224214.8708742955
    ]
}