{
    "time_duration": 2386.059906,
    "total_photons": 263,
    "q1q3_com_distance": 65.41162400314717,
    "moments_of_inertia": [
        626826.6172555753,
        1413389.3862863402,
        1115808.9998071329
    ]
}