{
    "time_duration": 1879.01448,
    "total_photons": 334,
    "q1q3_com_distance": 32.17174208861617,
    "moments_of_inertia": [
        472802.86608722305,
        618798.7069148503,
        730456.7138613998
    ]
}