{
    "time_duration": 907.5645139999999,
    "total_photons": 32,
    "q1q3_com_distance": 45.04629559547623,
    "moments_of_inertia": [
        13467.591824378535,
        43028.3495819131,
        46885.639956208375
    ]
}