{
    "time_duration": 2229.198364,
    "total_photons": 313,
    "q1q3_com_distance": 61.721819563411714,
    "moments_of_inertia": [
        1157810.8243808348,
        865136.5766283132,
        1015007.9788911737
    ]
}