{
    "time_duration": 2610.41101,
    "total_photons": 686,
    "q1q3_com_distance": 53.156167694320814,
    "moments_of_inertia": [
        1196789.3316631254,
        2078356.1992636241,
        1892461.741144677
    ]
}