{
    "time_duration": 1048.877625,
    "total_photons": 16,
    "q1q3_com_distance": 25.5300000000002,
    "moments_of_inertia": [
        9818.91430062738,
        65720.81713788495,
        56040.32504898767
    ]
}