{
    "time_duration": 1342.730408,
    "total_photons": 19,
    "q1q3_com_distance": 50.876884063393746,
    "moments_of_inertia": [
        21370.897340141135,
        122266.98516596429,
        100896.09364126313
    ]
}