{
    "time_duration": 4198.834855,
    "total_photons": 829,
    "q1q3_com_distance": 37.82948476145536,
    "moments_of_inertia": [
        2846907.910643949,
        2089154.7707252852,
        1970868.5283981978
    ]
}