{
    "time_duration": 1447.4301150000001,
    "total_photons": 18,
    "q1q3_com_distance": 45.63439159230672,
    "moments_of_inertia": [
        58251.27777853422,
        149474.286151255,
        110105.10559243319
    ]
}