{
    "time_duration": 3106.6980740000004,
    "total_photons": 683,
    "q1q3_com_distance": 30.015919191504427,
    "moments_of_inertia": [
        1700647.4866464054,
        2140208.762020679,
        2380253.3139917734
    ]
}