{
    "time_duration": 3039.638183,
    "total_photons": 12,
    "q1q3_com_distance": 129.21969079396857,
    "moments_of_inertia": [
        17584.01796541747,
        146080.88044485997,
        128496.91962305605
    ]
}