{
    "time_duration": 4425.926445,
    "total_photons": 848,
    "q1q3_com_distance": 34.79262752093367,
    "moments_of_inertia": [
        2818544.4271350377,
        3385413.761474211,
        3236285.2768216515
    ]
}