{
    "time_duration": 5106.176178,
    "total_photons": 400,
    "q1q3_com_distance": 87.64538076658691,
    "moments_of_inertia": [
        1752443.1252166098,
        3067994.0902773677,
        3116278.0925455196
    ]
}