{
    "time_duration": 1995.256347,
    "total_photons": 193,
    "q1q3_com_distance": 38.78706360868292,
    "moments_of_inertia": [
        629563.7109038015,
        289908.4037333066,
        431663.5733732543
    ]
}