{
    "time_duration": 2953.882752,
    "total_photons": 45,
    "q1q3_com_distance": 46.96766662535007,
    "moments_of_inertia": [
        194510.86925509747,
        440011.8734778166,
        342006.58645819663
    ]
}