{
    "time_duration": 2954.523659,
    "total_photons": 285,
    "q1q3_com_distance": 21.038238163567755,
    "moments_of_inertia": [
        664879.9717618751,
        913041.8732433514,
        1114939.5240123183
    ]
}