{
    "time_duration": 3869.738617,
    "total_photons": 503,
    "q1q3_com_distance": 26.388628574082766,
    "moments_of_inertia": [
        4385861.9349258,
        4712013.570764751,
        6276239.065221574
    ]
}