{
    "time_duration": 4853.577300999999,
    "total_photons": 1238,
    "q1q3_com_distance": 92.19176316356032,
    "moments_of_inertia": [
        8032565.831043532,
        12735119.82232155,
        14392746.079671416
    ]
}