{
    "time_duration": 5101.534111,
    "total_photons": 129,
    "q1q3_com_distance": 97.75000576890541,
    "moments_of_inertia": [
        913628.4675904238,
        1787482.6076115882,
        2196127.4668196924
    ]
}