{
    "time_duration": 3364.860588,
    "total_photons": 299,
    "q1q3_com_distance": 70.63230474393431,
    "moments_of_inertia": [
        700452.9850388432,
        1074266.556136912,
        1222638.3324737418
    ]
}