{
    "time_duration": 2259.2034909999998,
    "total_photons": 14,
    "q1q3_com_distance": 112.52250158301709,
    "moments_of_inertia": [
        121143.58836102538,
        67594.90979411274,
        53654.82523057611
    ]
}