{
    "time_duration": 1538.469177,
    "total_photons": 17,
    "q1q3_com_distance": 143.78891169001884,
    "moments_of_inertia": [
        25835.75720319699,
        107274.28945088932,
        94683.95739297276
    ]
}