{
    "time_duration": 1597.188629,
    "total_photons": 193,
    "q1q3_com_distance": 21.052364752375862,
    "moments_of_inertia": [
        68530.74700913281,
        158176.78647175047,
        180608.30243414355
    ]
}