{
    "time_duration": 1629.883911,
    "total_photons": 242,
    "q1q3_com_distance": 51.84937782783999,
    "moments_of_inertia": [
        506292.5052739363,
        772730.1841441648,
        882034.8559637154
    ]
}