{
    "time_duration": 2316.178742,
    "total_photons": 141,
    "q1q3_com_distance": 59.76901317340101,
    "moments_of_inertia": [
        214316.94843149598,
        550946.9651658189,
        469606.51868637255
    ]
}