{
    "time_duration": 3469.357941,
    "total_photons": 137,
    "q1q3_com_distance": 61.948078174270925,
    "moments_of_inertia": [
        1332127.1554927882,
        865791.973539703,
        749817.2747660491
    ]
}