{
    "time_duration": 2607.627319,
    "total_photons": 44,
    "q1q3_com_distance": 64.30391778869485,
    "moments_of_inertia": [
        109743.55234399933,
        420101.93630139064,
        354627.8191137007
    ]
}