{
    "time_duration": 2548.320465,
    "total_photons": 312,
    "q1q3_com_distance": 13.484933635646552,
    "moments_of_inertia": [
        1366364.0042568285,
        1835514.4128576706,
        2037147.4655303725
    ]
}