{
    "time_duration": 1790.2943719999998,
    "total_photons": 15,
    "q1q3_com_distance": 156.09209182802962,
    "moments_of_inertia": [
        38091.52227543965,
        112890.79679407703,
        136460.15562381656
    ]
}