{
    "time_duration": 1799.0748589999998,
    "total_photons": 108,
    "q1q3_com_distance": 49.170336280717535,
    "moments_of_inertia": [
        217767.70413403312,
        471660.3384365855,
        339548.8126034554
    ]
}