{
    "time_duration": 1639.936097,
    "total_photons": 69,
    "q1q3_com_distance": 64.52091714980146,
    "moments_of_inertia": [
        154227.80710322538,
        354983.91440437175,
        324825.8623358808
    ]
}