{
    "time_duration": 6626.3972619999995,
    "total_photons": 225,
    "q1q3_com_distance": 131.8423981501554,
    "moments_of_inertia": [
        2123275.915760509,
        4828395.635940903,
        3562305.4272834766
    ]
}