{
    "time_duration": 2472.4779660000004,
    "total_photons": 34,
    "q1q3_com_distance": 63.43274410500742,
    "moments_of_inertia": [
        92859.80287754687,
        171939.3522136203,
        136243.87103236187
    ]
}