{
    "time_duration": 1444.854797,
    "total_photons": 16,
    "q1q3_com_distance": 63.01448563624077,
    "moments_of_inertia": [
        6382.2450751269935,
        68603.25160620178,
        62221.01454367124
    ]
}