{
    "time_duration": 2887.831772,
    "total_photons": 409,
    "q1q3_com_distance": 51.79337897603838,
    "moments_of_inertia": [
        855110.2259434354,
        1073847.691644189,
        1201040.745371792
    ]
}