{
    "time_duration": 1728.3126220000001,
    "total_photons": 28,
    "q1q3_com_distance": 65.01181534685693,
    "moments_of_inertia": [
        17964.824253756044,
        98621.12832268063,
        111451.33843784932
    ]
}