{
    "time_duration": 2046.6535949999998,
    "total_photons": 105,
    "q1q3_com_distance": 57.53261570399174,
    "moments_of_inertia": [
        290551.9751268811,
        504491.95378381014,
        596782.5003045464
    ]
}