{
    "time_duration": 2068.240662,
    "total_photons": 150,
    "q1q3_com_distance": 68.1046646734056,
    "moments_of_inertia": [
        256584.06012924114,
        654843.6603045503,
        491819.7107142075
    ]
}