{
    "time_duration": 2918.736985,
    "total_photons": 93,
    "q1q3_com_distance": 84.43561737702906,
    "moments_of_inertia": [
        386414.5074143128,
        511703.75364732504,
        632540.3386071791
    ]
}