{
    "time_duration": 3041.350338,
    "total_photons": 437,
    "q1q3_com_distance": 18.786073309680752,
    "moments_of_inertia": [
        601142.8291968815,
        416111.8218898571,
        468828.4948446108
    ]
}