{
    "time_duration": 1403.6109009999998,
    "total_photons": 12,
    "q1q3_com_distance": 65.7432341259028,
    "moments_of_inertia": [
        34925.193748058824,
        86191.32736786926,
        68282.96340073869
    ]
}