{
    "time_duration": 2256.854827,
    "total_photons": 31,
    "q1q3_com_distance": 86.14021814932049,
    "moments_of_inertia": [
        66210.0983963456,
        125893.89782443405,
        137690.6857276075
    ]
}