{
    "time_duration": 2073.819168,
    "total_photons": 120,
    "q1q3_com_distance": 58.051804752307106,
    "moments_of_inertia": [
        183663.33417683456,
        299439.0892446803,
        260023.12281515147
    ]
}