{
    "time_duration": 1028.359314,
    "total_photons": 12,
    "q1q3_com_distance": 92.0016812044456,
    "moments_of_inertia": [
        17890.528601655526,
        50435.87297832598,
        53869.5112533519
    ]
}