{
    "time_duration": 1824.657872,
    "total_photons": 4583,
    "q1q3_com_distance": 3.6169176027218914,
    "moments_of_inertia": [
        676327.3973867067,
        593897.5218143687,
        249949.3577806439
    ]
}