{
    "time_duration": 3772.22567,
    "total_photons": 413,
    "q1q3_com_distance": 34.584399210296894,
    "moments_of_inertia": [
        2229492.986486012,
        1775062.5429614119,
        1682855.8747675864
    ]
}