{
    "time_duration": 3945.575515,
    "total_photons": 841,
    "q1q3_com_distance": 54.02367673253975,
    "moments_of_inertia": [
        4950912.901916522,
        6678598.958213642,
        7692346.296446284
    ]
}