{
    "time_duration": 4975.209594,
    "total_photons": 261,
    "q1q3_com_distance": 119.3988369314336,
    "moments_of_inertia": [
        1564662.601706938,
        2607261.493675809,
        2831848.82938507
    ]
}