{
    "time_duration": 2646.063904,
    "total_photons": 129,
    "q1q3_com_distance": 50.249036626167374,
    "moments_of_inertia": [
        328522.4742405891,
        696855.4601249392,
        784014.098967805
    ]
}