{
    "time_duration": 876.31897,
    "total_photons": 5,
    "q1q3_com_distance": 8.509999999999991,
    "moments_of_inertia": [
        1969.826719999996,
        1969.826719999996,
        0.0
    ]
}