{
    "time_duration": 3359.519348,
    "total_photons": 15,
    "q1q3_com_distance": 128.1359222905507,
    "moments_of_inertia": [
        65436.00708042637,
        79213.14792332017,
        88176.20766292019
    ]
}