{
    "time_duration": 2800.610168,
    "total_photons": 1263,
    "q1q3_com_distance": 17.72113624205232,
    "moments_of_inertia": [
        1130306.134629961,
        1420844.18739267,
        1810995.911231211
    ]
}