{
    "time_duration": 2933.877289,
    "total_photons": 579,
    "q1q3_com_distance": 64.98553983029208,
    "moments_of_inertia": [
        3029119.4703921317,
        4025900.002570199,
        3664200.557825919
    ]
}