{
    "time_duration": 1073.2811279999999,
    "total_photons": 4,
    "q1q3_com_distance": 17.019999999999982,
    "moments_of_inertia": [
        4082.363342289442,
        25378.233249999983,
        21295.86990771054
    ]
}