{
    "time_duration": 2317.518432,
    "total_photons": 232,
    "q1q3_com_distance": 50.34534599343418,
    "moments_of_inertia": [
        786725.0256935006,
        1109908.6703874073,
        1410298.6699044362
    ]
}