{
    "time_duration": 2379.778901,
    "total_photons": 48,
    "q1q3_com_distance": 71.9057411602546,
    "moments_of_inertia": [
        266874.7998411381,
        206044.1322521435,
        211350.2721983849
    ]
}