{
    "time_duration": 1867.0540770000002,
    "total_photons": 5,
    "q1q3_com_distance": 59.95170160220641,
    "moments_of_inertia": [
        1873.4058977221503,
        19221.066720000017,
        17347.660822277856
    ]
}