{
    "time_duration": 5368.281242,
    "total_photons": 2021,
    "q1q3_com_distance": 13.73149645101783,
    "moments_of_inertia": [
        1990219.4540347946,
        1519493.2277254811,
        1622025.5453391762
    ]
}