{
    "time_duration": 3585.487762,
    "total_photons": 269,
    "q1q3_com_distance": 65.93912160467087,
    "moments_of_inertia": [
        1928395.4652402657,
        1472415.9897044585,
        1360088.7542151283
    ]
}