{
    "time_duration": 5459.099243,
    "total_photons": 491,
    "q1q3_com_distance": 72.3169264870536,
    "moments_of_inertia": [
        1701952.6330400247,
        2662586.958883786,
        2832967.58678576
    ]
}