{
    "time_duration": 1894.794571,
    "total_photons": 231,
    "q1q3_com_distance": 44.69670039919641,
    "moments_of_inertia": [
        113268.87668319012,
        383663.49601116264,
        293582.34103725007
    ]
}