{
    "time_duration": 2920.789062,
    "total_photons": 344,
    "q1q3_com_distance": 34.19962378896358,
    "moments_of_inertia": [
        1113731.2013915966,
        1708615.3999568855,
        1809036.0285294252
    ]
}