{
    "time_duration": 4951.072891,
    "total_photons": 1115,
    "q1q3_com_distance": 37.906547617660024,
    "moments_of_inertia": [
        8096612.225085466,
        8995567.195692532,
        11387525.208711514
    ]
}