{
    "time_duration": 5535.399323,
    "total_photons": 689,
    "q1q3_com_distance": 56.723280087550165,
    "moments_of_inertia": [
        4162930.5221086037,
        6726909.9808622645,
        7695482.104967596
    ]
}