{
    "time_duration": 4664.082069,
    "total_photons": 397,
    "q1q3_com_distance": 95.63865802502492,
    "moments_of_inertia": [
        1683384.973489913,
        2731729.9552322016,
        2924924.431958993
    ]
}