{
    "time_duration": 4143.134293,
    "total_photons": 220,
    "q1q3_com_distance": 51.51788071458604,
    "moments_of_inertia": [
        1085417.556219793,
        1673659.1379139163,
        1979927.5610944713
    ]
}