{
    "time_duration": 1974.9547269999998,
    "total_photons": 91,
    "q1q3_com_distance": 88.12356456887757,
    "moments_of_inertia": [
        267686.75534956827,
        473553.9160498559,
        392314.8701961809
    ]
}