{
    "time_duration": 2785.5161129999997,
    "total_photons": 651,
    "q1q3_com_distance": 59.31675390310551,
    "moments_of_inertia": [
        2285376.6832600236,
        3108434.150172943,
        3665357.4303857754
    ]
}