{
    "time_duration": 5142.070801,
    "total_photons": 149,
    "q1q3_com_distance": 81.90711807193001,
    "moments_of_inertia": [
        1372604.2168370874,
        2038269.9024394408,
        1824672.0017033373
    ]
}