{
    "time_duration": 2469.864074,
    "total_photons": 28,
    "q1q3_com_distance": 43.84184470273524,
    "moments_of_inertia": [
        24244.7016978982,
        57298.295069958935,
        81542.99676785705
    ]
}