{
    "time_duration": 2197.578156,
    "total_photons": 325,
    "q1q3_com_distance": 54.35102531265339,
    "moments_of_inertia": [
        872430.2726559921,
        1366367.638775564,
        1807587.9308859822
    ]
}