{
    "time_duration": 1634.789673,
    "total_photons": 10,
    "q1q3_com_distance": 97.12870619269417,
    "moments_of_inertia": [
        49050.26324040058,
        89314.61619049666,
        72053.12058910292
    ]
}