{
    "time_duration": 4789.7753299999995,
    "total_photons": 753,
    "q1q3_com_distance": 47.54259762471432,
    "moments_of_inertia": [
        10366045.783034744,
        7605860.378241563,
        7150495.36883313
    ]
}