{
    "time_duration": 4511.581604,
    "total_photons": 2324,
    "q1q3_com_distance": 34.39865447035666,
    "moments_of_inertia": [
        13796488.949353673,
        16726413.156481551,
        17076402.223184347
    ]
}