{
    "time_duration": 940.593445,
    "total_photons": 12,
    "q1q3_com_distance": 45.150563673114846,
    "moments_of_inertia": [
        10904.738716734319,
        55396.59723326575,
        66301.33595000002
    ]
}