{
    "time_duration": 5095.850037,
    "total_photons": 1070,
    "q1q3_com_distance": 70.13488248552032,
    "moments_of_inertia": [
        8871965.21100035,
        10362551.43382984,
        12994363.294839531
    ]
}