{
    "time_duration": 748.953278,
    "total_photons": 26,
    "q1q3_com_distance": 2.431428571428569,
    "moments_of_inertia": [
        7397.991753846139,
        7397.991753846139,
        0.0
    ]
}