{
    "time_duration": 1350.9183350000003,
    "total_photons": 4,
    "q1q3_com_distance": 210.8193107853263,
    "moments_of_inertia": [
        7780.435860166021,
        51668.22165000005,
        43887.785789833986
    ]
}