{
    "time_duration": 1858.478867,
    "total_photons": 207,
    "q1q3_com_distance": 22.518170738862068,
    "moments_of_inertia": [
        141278.63812189584,
        226193.85832753975,
        184106.03503269036
    ]
}