{
    "time_duration": 2501.330124,
    "total_photons": 167,
    "q1q3_com_distance": 60.16479062643254,
    "moments_of_inertia": [
        420815.7822925324,
        580908.4012452745,
        707480.5226777606
    ]
}