{
    "time_duration": 2332.818481,
    "total_photons": 28,
    "q1q3_com_distance": 83.00301920990047,
    "moments_of_inertia": [
        171470.41520894849,
        208800.85284303903,
        257546.52896229833
    ]
}