{
    "time_duration": 1711.9349829999999,
    "total_photons": 166,
    "q1q3_com_distance": 74.68264965028249,
    "moments_of_inertia": [
        535543.7672393778,
        692527.4626747937,
        836587.5843135392
    ]
}