{
    "time_duration": 2272.657959,
    "total_photons": 115,
    "q1q3_com_distance": 17.991183202011186,
    "moments_of_inertia": [
        535408.95693926,
        724676.6071785983,
        825625.4977082285
    ]
}