{
    "time_duration": 3739.27243,
    "total_photons": 141,
    "q1q3_com_distance": 62.67498894006036,
    "moments_of_inertia": [
        1203575.4818841661,
        1057483.2693364688,
        1010957.1853126959
    ]
}