{
    "time_duration": 4293.70932,
    "total_photons": 761,
    "q1q3_com_distance": 62.079441786617515,
    "moments_of_inertia": [
        6929845.24464745,
        4412801.438142053,
        5179270.435385002
    ]
}