{
    "time_duration": 1848.027802,
    "total_photons": 100,
    "q1q3_com_distance": 44.57633459314482,
    "moments_of_inertia": [
        254331.80278558863,
        322212.78404699167,
        458000.00596742006
    ]
}