{
    "time_duration": 1241.7142939999999,
    "total_photons": 237,
    "q1q3_com_distance": 6.447664547614188,
    "moments_of_inertia": [
        163958.30081379335,
        148034.8107187847,
        28045.898042106386
    ]
}