{
    "time_duration": 3150.013702,
    "total_photons": 270,
    "q1q3_com_distance": 60.02058439614109,
    "moments_of_inertia": [
        1522894.1016217829,
        1336252.0575710041,
        1245865.483817581
    ]
}