{
    "time_duration": 2123.045213,
    "total_photons": 2799,
    "q1q3_com_distance": 21.383460395977018,
    "moments_of_inertia": [
        794819.5866250667,
        657382.9384234109,
        295435.34075916675
    ]
}