{
    "time_duration": 3847.402009,
    "total_photons": 357,
    "q1q3_com_distance": 43.11923003997244,
    "moments_of_inertia": [
        2116155.04773649,
        2551775.431983232,
        3066464.375080279
    ]
}