{
    "time_duration": 2884.332062,
    "total_photons": 254,
    "q1q3_com_distance": 48.48351888267887,
    "moments_of_inertia": [
        797575.9930788158,
        952730.6611212963,
        1159360.056888076
    ]
}