{
    "time_duration": 3465.541489,
    "total_photons": 324,
    "q1q3_com_distance": 43.51369482679063,
    "moments_of_inertia": [
        1750776.1501324126,
        1575721.5504740796,
        1475356.50356203
    ]
}