{
    "time_duration": 688.71582,
    "total_photons": 6,
    "q1q3_com_distance": 62.71839801844434,
    "moments_of_inertia": [
        1376.637775085408,
        22101.719000000023,
        20725.08122491461
    ]
}