{
    "time_duration": 2495.410278,
    "total_photons": 399,
    "q1q3_com_distance": 56.127880238344936,
    "moments_of_inertia": [
        1784151.9011535258,
        1904907.2662942023,
        1189813.973676081
    ]
}