{
    "time_duration": 5704.50943,
    "total_photons": 569,
    "q1q3_com_distance": 62.04613995377968,
    "moments_of_inertia": [
        5764734.3628229145,
        4045489.24354234,
        3803792.043430182
    ]
}