{
    "time_duration": 2472.967331,
    "total_photons": 249,
    "q1q3_com_distance": 45.64129523825058,
    "moments_of_inertia": [
        549354.0966568191,
        847743.0032119098,
        737087.1725553672
    ]
}