{
    "time_duration": 4129.881179999999,
    "total_photons": 1089,
    "q1q3_com_distance": 52.32780100254536,
    "moments_of_inertia": [
        5594137.830617176,
        8846209.608064905,
        10314005.607604427
    ]
}