{
    "time_duration": 3722.8662110000005,
    "total_photons": 13,
    "q1q3_com_distance": 109.17791668177324,
    "moments_of_inertia": [
        120311.67680811654,
        70872.76368203195,
        60938.57858677433
    ]
}