{
    "time_duration": 4470.97287,
    "total_photons": 847,
    "q1q3_com_distance": 52.231995306919046,
    "moments_of_inertia": [
        7625363.594705666,
        7316717.112471388,
        11855097.948424842
    ]
}