{
    "time_duration": 3487.184585,
    "total_photons": 190,
    "q1q3_com_distance": 39.408896074918786,
    "moments_of_inertia": [
        299574.006811591,
        455352.1338091493,
        536290.2815739957
    ]
}