{
    "time_duration": 1930.782959,
    "total_photons": 789,
    "q1q3_com_distance": 19.270629644732725,
    "moments_of_inertia": [
        482829.9937791893,
        762447.9247527604,
        837284.1148094935
    ]
}