{
    "time_duration": 3143.723724,
    "total_photons": 404,
    "q1q3_com_distance": 53.47522884559015,
    "moments_of_inertia": [
        1351679.7556584522,
        1589546.034390535,
        1807980.4763752692
    ]
}