{
    "time_duration": 310.76452599999993,
    "total_photons": 4,
    "q1q3_com_distance": 154.18082922335054,
    "moments_of_inertia": [
        5048.353688772493,
        17463.46177499999,
        12415.1080862275
    ]
}