{
    "time_duration": 5480.116379,
    "total_photons": 126,
    "q1q3_com_distance": 85.32512009507099,
    "moments_of_inertia": [
        476381.4777853682,
        611598.8466039944,
        780765.8731249238
    ]
}