{
    "time_duration": 3401.151539,
    "total_photons": 905,
    "q1q3_com_distance": 21.013787378624933,
    "moments_of_inertia": [
        998443.3132899008,
        805726.8191294125,
        893834.0775890837
    ]
}