{
    "time_duration": 4930.224518,
    "total_photons": 6656,
    "q1q3_com_distance": 56.79692683010841,
    "moments_of_inertia": [
        18764637.11649888,
        20439354.50937584,
        23753331.593045693
    ]
}