{
    "time_duration": 1977.6345820000001,
    "total_photons": 45,
    "q1q3_com_distance": 32.0235548549426,
    "moments_of_inertia": [
        284552.7341379154,
        125119.5471836711,
        182287.46770952447
    ]
}