{
    "time_duration": 612.8748779999999,
    "total_photons": 4,
    "q1q3_com_distance": 221.26999999999998,
    "moments_of_inertia": [
        7402.931893595902,
        53416.07937499994,
        46013.14748140405
    ]
}