{
    "time_duration": 4359.618759,
    "total_photons": 533,
    "q1q3_com_distance": 54.533729096373584,
    "moments_of_inertia": [
        5835270.559589466,
        4343565.672788271,
        3835496.0254511656
    ]
}