{
    "time_duration": 2729.873474,
    "total_photons": 27,
    "q1q3_com_distance": 73.60482427900291,
    "moments_of_inertia": [
        80119.40865339576,
        181450.70581109502,
        209541.84780217614
    ]
}