{
    "time_duration": 671.4421689999999,
    "total_photons": 4,
    "q1q3_com_distance": 68.08000000000015,
    "moments_of_inertia": [
        4272.785900000016,
        4272.785900000016,
        0.0
    ]
}