{
    "time_duration": 1814.6725460000002,
    "total_photons": 8,
    "q1q3_com_distance": 114.96847850606702,
    "moments_of_inertia": [
        22622.448074978645,
        70817.20120947473,
        80938.65846554663
    ]
}