{
    "time_duration": 1573.431274,
    "total_photons": 9,
    "q1q3_com_distance": 162.73537258042228,
    "moments_of_inertia": [
        49807.253819864985,
        111511.78841246465,
        134700.71887878134
    ]
}