{
    "time_duration": 3444.533508,
    "total_photons": 631,
    "q1q3_com_distance": 52.805918665907086,
    "moments_of_inertia": [
        1814979.6239689377,
        2021215.879068107,
        2425653.6892253975
    ]
}