{
    "time_duration": 1643.095475,
    "total_photons": 651,
    "q1q3_com_distance": 9.15590918059618,
    "moments_of_inertia": [
        422379.3741135719,
        354623.0935733496,
        107448.84827252565
    ]
}