{
    "time_duration": 2965.671875,
    "total_photons": 8,
    "q1q3_com_distance": 114.92189271413868,
    "moments_of_inertia": [
        8716.240387818485,
        71268.73108490996,
        64645.8190022715
    ]
}