{
    "time_duration": 2316.0494989999997,
    "total_photons": 70,
    "q1q3_com_distance": 53.52659863776507,
    "moments_of_inertia": [
        293786.8081683358,
        503026.86460142944,
        624202.7463473789
    ]
}