{
    "time_duration": 2422.360718,
    "total_photons": 443,
    "q1q3_com_distance": 44.13018065780888,
    "moments_of_inertia": [
        2023256.1162890478,
        2662899.652358914,
        2831126.4387163687
    ]
}