{
    "time_duration": 2814.774872,
    "total_photons": 206,
    "q1q3_com_distance": 59.363060007812294,
    "moments_of_inertia": [
        1047363.1516486042,
        573256.968998034,
        719722.4625154989
    ]
}