{
    "time_duration": 2351.457183,
    "total_photons": 215,
    "q1q3_com_distance": 73.95117811072616,
    "moments_of_inertia": [
        683374.6774945427,
        1082235.5653993406,
        939949.468497745
    ]
}