{
    "time_duration": 3212.5114289999997,
    "total_photons": 623,
    "q1q3_com_distance": 27.306432300667858,
    "moments_of_inertia": [
        1247344.4861032995,
        764955.9026176307,
        1011127.144685168
    ]
}