{
    "time_duration": 4316.671082,
    "total_photons": 18,
    "q1q3_com_distance": 118.97261493301711,
    "moments_of_inertia": [
        126340.13068302572,
        230534.32585957053,
        319882.4028129595
    ]
}