{
    "time_duration": 1305.906372,
    "total_photons": 5,
    "q1q3_com_distance": 93.68920922390159,
    "moments_of_inertia": [
        5334.916545488639,
        80165.95735691769,
        74833.3132175936
    ]
}