{
    "time_duration": 992.4580990000001,
    "total_photons": 12,
    "q1q3_com_distance": 55.97894504980341,
    "moments_of_inertia": [
        42238.767279366206,
        29008.770322762415,
        24596.187964538123
    ]
}