{
    "time_duration": 2017.437226,
    "total_photons": 213,
    "q1q3_com_distance": 34.71488543463903,
    "moments_of_inertia": [
        616019.3876987973,
        481146.1573827337,
        529531.0730518028
    ]
}