{
    "time_duration": 1984.654053,
    "total_photons": 5,
    "q1q3_com_distance": 165.76868627699264,
    "moments_of_inertia": [
        12191.958106695485,
        40567.19145063714,
        50758.72244266737
    ]
}