{
    "time_duration": 1259.580475,
    "total_photons": 29,
    "q1q3_com_distance": 22.765329931169397,
    "moments_of_inertia": [
        7602.357731507429,
        53994.850342710255,
        46392.520477506376
    ]
}