{
    "time_duration": 1891.6995239999999,
    "total_photons": 6,
    "q1q3_com_distance": 73.71023232903286,
    "moments_of_inertia": [
        39009.13161666668,
        22152.51993224227,
        16856.611684424388
    ]
}