{
    "time_duration": 2812.249633,
    "total_photons": 185,
    "q1q3_com_distance": 45.887814855546104,
    "moments_of_inertia": [
        1888348.892322517,
        1130678.1951975145,
        1347470.0870529413
    ]
}