{
    "time_duration": 1378.0249640000002,
    "total_photons": 209,
    "q1q3_com_distance": 26.69962475982666,
    "moments_of_inertia": [
        361327.8220037741,
        305931.92693870433,
        200937.1951914925
    ]
}