{
    "time_duration": 2273.81488,
    "total_photons": 114,
    "q1q3_com_distance": 36.15490995415567,
    "moments_of_inertia": [
        343962.93860874337,
        260290.3324173702,
        229153.66008090365
    ]
}