{
    "time_duration": 1406.6311030000002,
    "total_photons": 6,
    "q1q3_com_distance": 135.56135889330716,
    "moments_of_inertia": [
        9887.941828398943,
        25732.006954934328,
        35619.94878333328
    ]
}