{
    "time_duration": 4324.368225,
    "total_photons": 416,
    "q1q3_com_distance": 37.66081224173836,
    "moments_of_inertia": [
        1444143.7709915552,
        1735329.4201025171,
        1604406.17334006
    ]
}