{
    "time_duration": 3359.317153,
    "total_photons": 345,
    "q1q3_com_distance": 61.25048203048419,
    "moments_of_inertia": [
        2294178.9768190677,
        2436268.6882181107,
        3579093.6125245653
    ]
}