{
    "time_duration": 3285.958191,
    "total_photons": 32,
    "q1q3_com_distance": 67.58489026540965,
    "moments_of_inertia": [
        253185.12101251684,
        451873.711932994,
        661407.8537482389
    ]
}