{
    "time_duration": 1165.55719,
    "total_photons": 18,
    "q1q3_com_distance": 161.3910706451877,
    "moments_of_inertia": [
        51975.17076985311,
        211920.13158181158,
        159952.872326113
    ]
}