{
    "time_duration": 2813.179108,
    "total_photons": 728,
    "q1q3_com_distance": 24.27247432348931,
    "moments_of_inertia": [
        689953.0313764533,
        1026916.4463405057,
        860216.3553541935
    ]
}