{
    "time_duration": 3009.69545,
    "total_photons": 538,
    "q1q3_com_distance": 50.36960603020266,
    "moments_of_inertia": [
        1691408.4790537946,
        1003517.2751717614,
        1361059.9081019529
    ]
}