{
    "time_duration": 1069.7476809999998,
    "total_photons": 4,
    "q1q3_com_distance": 162.99493182304786,
    "moments_of_inertia": [
        4865.802387742537,
        30786.483450000025,
        25920.681062257496
    ]
}