{
    "time_duration": 2779.588608,
    "total_photons": 1138,
    "q1q3_com_distance": 37.228186270434364,
    "moments_of_inertia": [
        2722738.934147174,
        2116004.5411503343,
        1943514.561018834
    ]
}