{
    "time_duration": 1280.5183110000003,
    "total_photons": 5,
    "q1q3_com_distance": 75.69128054142043,
    "moments_of_inertia": [
        13205.276412636002,
        32435.506695396416,
        28229.23281196762
    ]
}