{
    "time_duration": 5079.679871,
    "total_photons": 320,
    "q1q3_com_distance": 50.366398764919325,
    "moments_of_inertia": [
        2411364.835519205,
        3035725.3805842167,
        4461453.395698456
    ]
}