{
    "time_duration": 4342.096832,
    "total_photons": 577,
    "q1q3_com_distance": 101.14563519652619,
    "moments_of_inertia": [
        3559817.5012188647,
        4190349.234670494,
        4831648.371480479
    ]
}