{
    "time_duration": 2220.233398,
    "total_photons": 23,
    "q1q3_com_distance": 110.65592831937322,
    "moments_of_inertia": [
        206535.50941829776,
        141100.05539021542,
        117817.54333061677
    ]
}