{
    "time_duration": 2495.523422,
    "total_photons": 356,
    "q1q3_com_distance": 51.74867444100086,
    "moments_of_inertia": [
        570465.0729901652,
        1363332.869589452,
        991902.0168939788
    ]
}