{
    "time_duration": 5186.695793000001,
    "total_photons": 901,
    "q1q3_com_distance": 46.59804922013757,
    "moments_of_inertia": [
        992854.6241682883,
        1332011.82464323,
        1608188.434566952
    ]
}