{
    "time_duration": 5159.280884,
    "total_photons": 255,
    "q1q3_com_distance": 57.70900937219179,
    "moments_of_inertia": [
        988215.1036779133,
        1481595.4572183944,
        1311699.8381656525
    ]
}