{
    "time_duration": 4366.924865999999,
    "total_photons": 221,
    "q1q3_com_distance": 75.6695927809692,
    "moments_of_inertia": [
        1286718.4225811241,
        2321890.502632178,
        2221849.640659998
    ]
}