{
    "time_duration": 1061.188751,
    "total_photons": 71,
    "q1q3_com_distance": 84.45012069190038,
    "moments_of_inertia": [
        291283.4667888761,
        173225.38988596617,
        210786.30296459465
    ]
}