{
    "time_duration": 5192.223816,
    "total_photons": 145,
    "q1q3_com_distance": 101.55810142353234,
    "moments_of_inertia": [
        1195570.0482640117,
        1521769.8131222362,
        2095567.1212482324
    ]
}