{
    "time_duration": 3227.746918,
    "total_photons": 39,
    "q1q3_com_distance": 49.773347898248105,
    "moments_of_inertia": [
        182111.1982333272,
        343075.8166677864,
        410748.88706811704
    ]
}