{
    "time_duration": 2660.1126710000003,
    "total_photons": 9,
    "q1q3_com_distance": 196.89652850898352,
    "moments_of_inertia": [
        54539.3239615371,
        231469.9081114216,
        265035.13694926363
    ]
}