{
    "time_duration": 3141.8695070000003,
    "total_photons": 22,
    "q1q3_com_distance": 95.81904894991742,
    "moments_of_inertia": [
        71531.68307452409,
        167367.39936415787,
        185174.78995222732
    ]
}