{
    "time_duration": 2131.122863,
    "total_photons": 37,
    "q1q3_com_distance": 16.58306106755856,
    "moments_of_inertia": [
        158712.0637925257,
        70531.48755693917,
        104778.61750458949
    ]
}