{
    "time_duration": 3755.141022,
    "total_photons": 66,
    "q1q3_com_distance": 96.19792920711437,
    "moments_of_inertia": [
        310842.18804023636,
        492896.5585065061,
        586247.7422562875
    ]
}