{
    "time_duration": 2084.864654,
    "total_photons": 672,
    "q1q3_com_distance": 17.36770056972547,
    "moments_of_inertia": [
        1353048.873293892,
        996341.5066614744,
        534077.1505487988
    ]
}