{
    "time_duration": 2222.8447650000003,
    "total_photons": 522,
    "q1q3_com_distance": 34.40773597354943,
    "moments_of_inertia": [
        674849.4223184754,
        532642.0423265215,
        476281.3129822083
    ]
}