{
    "time_duration": 5157.070495,
    "total_photons": 429,
    "q1q3_com_distance": 51.555696592496815,
    "moments_of_inertia": [
        6625941.3959615845,
        4281922.501477356,
        3888756.2864706144
    ]
}