{
    "time_duration": 5140.915253,
    "total_photons": 797,
    "q1q3_com_distance": 102.30661848435034,
    "moments_of_inertia": [
        6128516.217347266,
        9246067.582408022,
        9739252.02583117
    ]
}