{
    "time_duration": 3275.3736580000004,
    "total_photons": 16,
    "q1q3_com_distance": 112.63767964140594,
    "moments_of_inertia": [
        42460.574098995916,
        213945.4081024179,
        235436.38483608628
    ]
}