{
    "time_duration": 2030.4724119999998,
    "total_photons": 6,
    "q1q3_com_distance": 163.94782477971444,
    "moments_of_inertia": [
        37766.83662721258,
        77007.90126232429,
        59189.421343796355
    ]
}