{
    "time_duration": 1074.631515,
    "total_photons": 153,
    "q1q3_com_distance": 30.258504770892873,
    "moments_of_inertia": [
        230014.37598579456,
        175091.01689488732,
        190355.9674513442
    ]
}