{
    "time_duration": 2753.726288,
    "total_photons": 78,
    "q1q3_com_distance": 64.5775254210009,
    "moments_of_inertia": [
        335652.99433749984,
        196302.27129633262,
        178320.9810379631
    ]
}