{
    "time_duration": 2426.617287,
    "total_photons": 251,
    "q1q3_com_distance": 14.670106231913445,
    "moments_of_inertia": [
        13143.620738987636,
        198916.09066898044,
        212059.71140796805
    ]
}