{
    "time_duration": 1828.5272219999997,
    "total_photons": 48,
    "q1q3_com_distance": 111.07240307252555,
    "moments_of_inertia": [
        125993.38323727786,
        488680.96035020915,
        446182.80700001266
    ]
}