{
    "time_duration": 402.834442,
    "total_photons": 5,
    "q1q3_com_distance": 0.0,
    "moments_of_inertia": [
        9947.490879999994,
        -9.094947017729282e-13,
        9947.490879999996
    ]
}