{
    "time_duration": 3435.0130310000004,
    "total_photons": 316,
    "q1q3_com_distance": 83.40405685134732,
    "moments_of_inertia": [
        1798770.2976076647,
        1451904.2980731851,
        1110798.8810830752
    ]
}