{
    "time_duration": 3128.155335,
    "total_photons": 60,
    "q1q3_com_distance": 97.0012307940242,
    "moments_of_inertia": [
        231941.55581155565,
        511636.8521392996,
        452683.5962124783
    ]
}