{
    "time_duration": 598.3813479999999,
    "total_photons": 4,
    "q1q3_com_distance": 124.6662608727798,
    "moments_of_inertia": [
        572.0815733429881,
        28323.52264412982,
        27751.555132527163
    ]
}