{
    "time_duration": 1289.009239,
    "total_photons": 285,
    "q1q3_com_distance": 4.648837465274953,
    "moments_of_inertia": [
        44730.796422527725,
        215101.53387110183,
        213406.62206286148
    ]
}