{
    "time_duration": 1479.26001,
    "total_photons": 310,
    "q1q3_com_distance": 14.522495129725394,
    "moments_of_inertia": [
        401322.14784862206,
        295652.4138030947,
        127362.18229021753
    ]
}