{
    "time_duration": 4146.618957,
    "total_photons": 112,
    "q1q3_com_distance": 56.29559381772971,
    "moments_of_inertia": [
        849698.6096208849,
        490797.6138369286,
        638124.6636261141
    ]
}