{
    "time_duration": 2427.006409,
    "total_photons": 309,
    "q1q3_com_distance": 8.498543781234913,
    "moments_of_inertia": [
        105859.41264066985,
        323676.4460201749,
        282984.61077863816
    ]
}