{
    "time_duration": 1075.947326,
    "total_photons": 10,
    "q1q3_com_distance": 83.47811509611367,
    "moments_of_inertia": [
        80102.54195999997,
        43228.96429321078,
        36873.577666789206
    ]
}