{
    "time_duration": 4167.921875,
    "total_photons": 123,
    "q1q3_com_distance": 72.3169771627112,
    "moments_of_inertia": [
        587514.2224258088,
        1170516.7222745246,
        899843.732795603
    ]
}