{
    "time_duration": 1336.185272,
    "total_photons": 45,
    "q1q3_com_distance": 66.61512853341675,
    "moments_of_inertia": [
        121595.65856411231,
        188407.71562525598,
        242423.5786195211
    ]
}