{
    "time_duration": 1345.834167,
    "total_photons": 19,
    "q1q3_com_distance": 39.43507494604258,
    "moments_of_inertia": [
        68027.39583518673,
        46790.48390160597,
        35321.8790842599
    ]
}