{
    "time_duration": 2766.298446,
    "total_photons": 599,
    "q1q3_com_distance": 8.581893169277357,
    "moments_of_inertia": [
        607588.540522559,
        639843.3980509704,
        344073.4050037691
    ]
}