{
    "time_duration": 1306.901611,
    "total_photons": 28,
    "q1q3_com_distance": 63.06569477253735,
    "moments_of_inertia": [
        66914.6531772894,
        112344.32062271063,
        179258.9738
    ]
}