{
    "time_duration": 1356.9876100000001,
    "total_photons": 39,
    "q1q3_com_distance": 20.424999999999727,
    "moments_of_inertia": [
        31127.09025490121,
        167441.73270256398,
        136314.6424476628
    ]
}