{
    "time_duration": 3402.611908,
    "total_photons": 332,
    "q1q3_com_distance": 47.15465976468886,
    "moments_of_inertia": [
        1371952.9473198147,
        2351328.18722851,
        1809104.4822131197
    ]
}