{
    "time_duration": 2824.11676,
    "total_photons": 17,
    "q1q3_com_distance": 164.3634001503984,
    "moments_of_inertia": [
        94022.9110004003,
        277911.8139041165,
        200011.4224837183
    ]
}