{
    "time_duration": 1862.608764,
    "total_photons": 25,
    "q1q3_com_distance": 123.57135131294035,
    "moments_of_inertia": [
        63168.99033494061,
        245584.92424190836,
        196582.93075115114
    ]
}