{
    "time_duration": 2824.6959530000004,
    "total_photons": 74,
    "q1q3_com_distance": 74.24569622193044,
    "moments_of_inertia": [
        264649.2919471876,
        634693.5794892154,
        731972.7947852183
    ]
}