{
    "time_duration": 2968.467415,
    "total_photons": 1560,
    "q1q3_com_distance": 20.96253005989914,
    "moments_of_inertia": [
        2465518.6470094696,
        1657771.2408076953,
        1857659.867819119
    ]
}