{
    "time_duration": 1450.3305360000002,
    "total_photons": 26,
    "q1q3_com_distance": 66.55597749876686,
    "moments_of_inertia": [
        107372.45544615395,
        58378.55452118272,
        48993.900924971254
    ]
}