{
    "time_duration": 541.5936280000001,
    "total_photons": 7,
    "q1q3_com_distance": 132.68746219971212,
    "moments_of_inertia": [
        1942.3005594708738,
        28644.26825714288,
        26701.967697671997
    ]
}