{
    "time_duration": 1904.25383,
    "total_photons": 230,
    "q1q3_com_distance": 17.927629462012835,
    "moments_of_inertia": [
        491731.32005027926,
        294894.3653303176,
        260761.0766767938
    ]
}