{
    "time_duration": 2702.353942,
    "total_photons": 68,
    "q1q3_com_distance": 73.3747207371349,
    "moments_of_inertia": [
        323030.42330048373,
        438015.8517343158,
        592552.7762563766
    ]
}