{
    "time_duration": 3025.197876,
    "total_photons": 91,
    "q1q3_com_distance": 42.879154340280486,
    "moments_of_inertia": [
        321614.63275896723,
        621654.5894603955,
        782525.5508267913
    ]
}