{
    "time_duration": 2168.59967,
    "total_photons": 110,
    "q1q3_com_distance": 60.79744003698676,
    "moments_of_inertia": [
        846521.479980496,
        925991.4047808935,
        972511.9915713378
    ]
}