{
    "time_duration": 3331.525329,
    "total_photons": 367,
    "q1q3_com_distance": 50.35375725839942,
    "moments_of_inertia": [
        1531089.4125329668,
        2074984.5048780025,
        2133713.2156724106
    ]
}