{
    "time_duration": 1689.2865299999999,
    "total_photons": 13,
    "q1q3_com_distance": 101.05649090566449,
    "moments_of_inertia": [
        65498.27908456294,
        82368.77257777088,
        119171.45089151227
    ]
}