{
    "time_duration": 3083.4041749999997,
    "total_photons": 442,
    "q1q3_com_distance": 44.992776777365364,
    "moments_of_inertia": [
        1366709.685029701,
        1691904.3410938345,
        1501768.933756555
    ]
}