{
    "time_duration": 6891.538849,
    "total_photons": 295,
    "q1q3_com_distance": 92.80457552416966,
    "moments_of_inertia": [
        1945110.7733745496,
        2992572.763233695,
        3304154.0128249745
    ]
}