{
    "time_duration": 1504.381271,
    "total_photons": 120,
    "q1q3_com_distance": 7.00772013964289,
    "moments_of_inertia": [
        14877.098274628923,
        115653.7819983333,
        100776.68372370428
    ]
}