{
    "time_duration": 4707.230339,
    "total_photons": 1210,
    "q1q3_com_distance": 85.53693760662273,
    "moments_of_inertia": [
        6539713.300247704,
        10666624.96492698,
        12052402.090363164
    ]
}