{
    "time_duration": 1980.7617490000002,
    "total_photons": 128,
    "q1q3_com_distance": 60.014692314088414,
    "moments_of_inertia": [
        691723.3986124354,
        492448.57150520827,
        530042.1711198557
    ]
}