{
    "time_duration": 1827.4952700000001,
    "total_photons": 72,
    "q1q3_com_distance": 22.297929940459223,
    "moments_of_inertia": [
        430097.31603094446,
        197658.82352714994,
        299753.6552585715
    ]
}