{
    "time_duration": 3144.674713,
    "total_photons": 479,
    "q1q3_com_distance": 41.70834670204573,
    "moments_of_inertia": [
        2798410.131824023,
        2049378.657964255,
        2254739.3012739336
    ]
}