{
    "time_duration": 3481.153763,
    "total_photons": 229,
    "q1q3_com_distance": 50.49583191801701,
    "moments_of_inertia": [
        707796.8871529696,
        840243.8846636418,
        969361.6885012921
    ]
}