{
    "time_duration": 1075.186218,
    "total_photons": 62,
    "q1q3_com_distance": 34.11898526434731,
    "moments_of_inertia": [
        68085.586680512,
        292550.69114075345,
        300222.0132948635
    ]
}