{
    "time_duration": 1545.415772,
    "total_photons": 4,
    "q1q3_com_distance": 220.7326466565379,
    "moments_of_inertia": [
        1331.9659283919318,
        36629.65877500002,
        35297.692846608064
    ]
}