{
    "time_duration": 1833.289785,
    "total_photons": 645,
    "q1q3_com_distance": 4.579110781356556,
    "moments_of_inertia": [
        270613.5380905259,
        218858.6571716403,
        151738.90037380328
    ]
}