{
    "time_duration": 2289.970612,
    "total_photons": 648,
    "q1q3_com_distance": 27.088701347869343,
    "moments_of_inertia": [
        2247604.630197007,
        2931088.771886665,
        3117242.9517302183
    ]
}