{
    "time_duration": 4072.279488,
    "total_photons": 1104,
    "q1q3_com_distance": 30.45285295436159,
    "moments_of_inertia": [
        3181832.4822646007,
        2180206.0755486097,
        2411934.752864516
    ]
}