{
    "time_duration": 3272.8908380000003,
    "total_photons": 153,
    "q1q3_com_distance": 34.40794472471384,
    "moments_of_inertia": [
        485708.8176197435,
        636777.6211168363,
        970475.8812189762
    ]
}