{
    "time_duration": 3787.595092,
    "total_photons": 184,
    "q1q3_com_distance": 46.078824905062106,
    "moments_of_inertia": [
        1059324.6018127163,
        1374844.710849455,
        1625470.0285258705
    ]
}