{
    "time_duration": 3353.411132,
    "total_photons": 42,
    "q1q3_com_distance": 132.0945555087012,
    "moments_of_inertia": [
        368018.6152991088,
        432926.8901225614,
        655926.5462402352
    ]
}