{
    "time_duration": 5880.456359,
    "total_photons": 150,
    "q1q3_com_distance": 59.76324945472569,
    "moments_of_inertia": [
        2736793.846095248,
        1772336.7197458276,
        1450027.8128775926
    ]
}