{
    "time_duration": 1988.2396239999998,
    "total_photons": 9,
    "q1q3_com_distance": 25.53008296326358,
    "moments_of_inertia": [
        3391.4551206303513,
        25200.591842982383,
        21809.13734749837
    ]
}