{
    "time_duration": 2105.722076,
    "total_photons": 73,
    "q1q3_com_distance": 28.477741175688113,
    "moments_of_inertia": [
        157057.37259319617,
        267009.82305744744,
        317527.92967538367
    ]
}