{
    "time_duration": 1540.017243,
    "total_photons": 30,
    "q1q3_com_distance": 55.86138690432771,
    "moments_of_inertia": [
        18242.75512152404,
        44500.13512514265,
        62742.89024666672
    ]
}