{
    "time_duration": 3396.752273,
    "total_photons": 506,
    "q1q3_com_distance": 58.552397401098084,
    "moments_of_inertia": [
        2617753.95941585,
        3122585.074004239,
        4027426.282754616
    ]
}