{
    "time_duration": 3543.825623,
    "total_photons": 45,
    "q1q3_com_distance": 62.77691328006064,
    "moments_of_inertia": [
        498778.6176722207,
        261112.62115746824,
        297867.1868769775
    ]
}