{
    "time_duration": 4336.998932,
    "total_photons": 43,
    "q1q3_com_distance": 30.678565551496973,
    "moments_of_inertia": [
        351342.70474496775,
        230048.64398138595,
        182550.82126434374
    ]
}