{
    "time_duration": 2115.966156,
    "total_photons": 32,
    "q1q3_com_distance": 48.487969722524845,
    "moments_of_inertia": [
        193550.66154280416,
        121337.56277347697,
        72213.09975246902
    ]
}