{
    "time_duration": 4975.399811,
    "total_photons": 506,
    "q1q3_com_distance": 36.60832656477403,
    "moments_of_inertia": [
        4331793.155331181,
        4784983.3123481665,
        6164050.0819400195
    ]
}