{
    "time_duration": 1150.756226,
    "total_photons": 20,
    "q1q3_com_distance": 26.469491419368143,
    "moments_of_inertia": [
        12657.726753034956,
        45234.722376965066,
        57892.449130000015
    ]
}