{
    "time_duration": 2462.460755,
    "total_photons": 61,
    "q1q3_com_distance": 15.313935984254933,
    "moments_of_inertia": [
        110870.41008434058,
        184585.3944983889,
        274350.3418894016
    ]
}