{
    "time_duration": 4432.003997999999,
    "total_photons": 319,
    "q1q3_com_distance": 64.86568946111372,
    "moments_of_inertia": [
        1236714.753615808,
        2087591.0575921272,
        2187125.485896767
    ]
}