{
    "time_duration": 3524.1998599999997,
    "total_photons": 152,
    "q1q3_com_distance": 77.93736884267418,
    "moments_of_inertia": [
        674001.4400332095,
        1365412.8207513492,
        1448985.6105772827
    ]
}