{
    "time_duration": 1132.9486700000002,
    "total_photons": 7,
    "q1q3_com_distance": 17.019999999999527,
    "moments_of_inertia": [
        2038.0614308225177,
        16012.130828571415,
        13974.069397748906
    ]
}