{
    "time_duration": 2551.724182,
    "total_photons": 761,
    "q1q3_com_distance": 15.631732775854104,
    "moments_of_inertia": [
        1547736.1554567479,
        1150271.3466212593,
        1272727.0008113505
    ]
}