{
    "time_duration": 2371.9656990000003,
    "total_photons": 91,
    "q1q3_com_distance": 28.01938453021037,
    "moments_of_inertia": [
        168196.65699772415,
        481682.41377876676,
        313485.8579575748
    ]
}