{
    "time_duration": 6177.6570440000005,
    "total_photons": 135,
    "q1q3_com_distance": 70.81565481554921,
    "moments_of_inertia": [
        597240.3596496216,
        423055.6323381128,
        341718.3974433753
    ]
}