{
    "time_duration": 2036.0181120000002,
    "total_photons": 86,
    "q1q3_com_distance": 45.835049107128626,
    "moments_of_inertia": [
        256678.5152667584,
        389165.6636638929,
        333315.5965879531
    ]
}