{
    "time_duration": 5806.072021,
    "total_photons": 17,
    "q1q3_com_distance": 103.0385590155452,
    "moments_of_inertia": [
        45934.38873399154,
        204203.90498853667,
        232880.10863041304
    ]
}