{
    "time_duration": 3311.417542,
    "total_photons": 133,
    "q1q3_com_distance": 76.86054797980128,
    "moments_of_inertia": [
        1006483.8916597646,
        1176666.0532640005,
        1635626.1395935295
    ]
}