{
    "time_duration": 4326.646058,
    "total_photons": 31,
    "q1q3_com_distance": 137.82158492163856,
    "moments_of_inertia": [
        288336.56925768533,
        516796.06305102905,
        719475.0539493512
    ]
}