{
    "time_duration": 3810.298309,
    "total_photons": 134,
    "q1q3_com_distance": 82.21613906655044,
    "moments_of_inertia": [
        976670.373811505,
        819422.1826368036,
        681920.4346322881
    ]
}