{
    "time_duration": 4229.618652,
    "total_photons": 669,
    "q1q3_com_distance": 95.94444307017318,
    "moments_of_inertia": [
        2946934.9862772515,
        3542605.711382606,
        4627915.769548516
    ]
}