{
    "time_duration": 3687.4970710000002,
    "total_photons": 40,
    "q1q3_com_distance": 59.99990197491963,
    "moments_of_inertia": [
        296433.34138769744,
        148971.6585216658,
        223257.41734563684
    ]
}