{
    "time_duration": 2688.628937,
    "total_photons": 148,
    "q1q3_com_distance": 16.994907974983605,
    "moments_of_inertia": [
        556931.9838384447,
        811386.4495826263,
        911756.0452154161
    ]
}