{
    "time_duration": 3984.554627,
    "total_photons": 24,
    "q1q3_com_distance": 59.984720948106485,
    "moments_of_inertia": [
        70457.8002475588,
        99154.4265455334,
        104348.1405402411
    ]
}