{
    "time_duration": 1600.2514039999999,
    "total_photons": 78,
    "q1q3_com_distance": 21.67189466797954,
    "moments_of_inertia": [
        159953.80981858983,
        365511.88905327785,
        392951.75167685025
    ]
}