{
    "time_duration": 2448.827881,
    "total_photons": 15,
    "q1q3_com_distance": 117.80802532616362,
    "moments_of_inertia": [
        66441.83050246297,
        90748.37004943195,
        121091.6722481051
    ]
}