{
    "time_duration": 3150.3712159999995,
    "total_photons": 32,
    "q1q3_com_distance": 87.61758161358068,
    "moments_of_inertia": [
        187481.32341606135,
        224272.8327296396,
        321568.24206679896
    ]
}