{
    "time_duration": 871.337951,
    "total_photons": 11,
    "q1q3_com_distance": 96.91033134925395,
    "moments_of_inertia": [
        18115.873833241643,
        36752.18617370938,
        54868.05253850364
    ]
}