{
    "time_duration": 3660.858704,
    "total_photons": 204,
    "q1q3_com_distance": 37.29264771746969,
    "moments_of_inertia": [
        1807067.6644126484,
        2268438.1465750714,
        2726521.5923338505
    ]
}