{
    "time_duration": 2737.898315,
    "total_photons": 260,
    "q1q3_com_distance": 35.63410042419219,
    "moments_of_inertia": [
        1052445.6729881135,
        1339568.7507347222,
        1663512.6819079334
    ]
}