{
    "time_duration": 939.507965,
    "total_photons": 18,
    "q1q3_com_distance": 46.62035666959225,
    "moments_of_inertia": [
        52534.86238317026,
        72880.15262986842,
        64241.28089807254
    ]
}