{
    "time_duration": 3142.476624,
    "total_photons": 504,
    "q1q3_com_distance": 60.87289668279601,
    "moments_of_inertia": [
        4179229.7166751255,
        3782124.904461351,
        3252045.41385916
    ]
}