{
    "time_duration": 2438.569336,
    "total_photons": 486,
    "q1q3_com_distance": 25.473246803808987,
    "moments_of_inertia": [
        1695988.6471591508,
        2377851.266349546,
        2764128.007670318
    ]
}