{
    "time_duration": 4114.332611,
    "total_photons": 361,
    "q1q3_com_distance": 101.48230421030948,
    "moments_of_inertia": [
        2505933.777479817,
        2897991.6631132048,
        3215104.150375398
    ]
}