{
    "time_duration": 4592.724441,
    "total_photons": 57,
    "q1q3_com_distance": 59.22111075617353,
    "moments_of_inertia": [
        332010.0990209185,
        791245.2368905762,
        981391.3467060482
    ]
}