{
    "time_duration": 2429.533814,
    "total_photons": 115,
    "q1q3_com_distance": 48.31628088515438,
    "moments_of_inertia": [
        335985.71874001645,
        672994.8218217436,
        728595.3637895439
    ]
}