{
    "time_duration": 2539.951782,
    "total_photons": 8,
    "q1q3_com_distance": 185.53499097205346,
    "moments_of_inertia": [
        96382.02952181792,
        68259.20447393795,
        32348.95932924414
    ]
}