{
    "time_duration": 3343.2206570000003,
    "total_photons": 433,
    "q1q3_com_distance": 51.31187286639454,
    "moments_of_inertia": [
        1859622.597435053,
        2230890.243976717,
        2392572.0849106326
    ]
}