{
    "time_duration": 2690.116989,
    "total_photons": 268,
    "q1q3_com_distance": 14.331444713429127,
    "moments_of_inertia": [
        446927.09473847045,
        516991.7397527331,
        551089.8646595418
    ]
}