{
    "time_duration": 2380.41568,
    "total_photons": 39,
    "q1q3_com_distance": 49.89443145281851,
    "moments_of_inertia": [
        333699.13495489385,
        157747.93220134743,
        230956.60041298872
    ]
}