{
    "time_duration": 2126.236038,
    "total_photons": 950,
    "q1q3_com_distance": 27.559460857232107,
    "moments_of_inertia": [
        1140484.1089932027,
        1019721.4550354094,
        670342.2256261227
    ]
}