{
    "time_duration": 5381.171967,
    "total_photons": 167,
    "q1q3_com_distance": 62.90679297440125,
    "moments_of_inertia": [
        1856638.9020228335,
        1213917.6764276014,
        1111709.6351184302
    ]
}