{
    "time_duration": 2466.297226,
    "total_photons": 365,
    "q1q3_com_distance": 53.18394636328628,
    "moments_of_inertia": [
        645754.8899453256,
        1466353.8111955402,
        1282399.0703999575
    ]
}