{
    "time_duration": 2886.108124,
    "total_photons": 70,
    "q1q3_com_distance": 43.842087641505294,
    "moments_of_inertia": [
        276094.27068801667,
        347443.8349968343,
        397092.4806837202
    ]
}