{
    "time_duration": 3807.7112500000003,
    "total_photons": 1157,
    "q1q3_com_distance": 43.349062881209264,
    "moments_of_inertia": [
        7520211.699982472,
        5070919.28816308,
        4683119.436723943
    ]
}