{
    "time_duration": 2055.011078,
    "total_photons": 311,
    "q1q3_com_distance": 51.688991482391984,
    "moments_of_inertia": [
        1500061.2135434735,
        731916.7391130483,
        1060146.7459466925
    ]
}