{
    "time_duration": 2267.934631,
    "total_photons": 97,
    "q1q3_com_distance": 56.52312957958493,
    "moments_of_inertia": [
        227275.8764204682,
        588091.4714820009,
        468263.5777263972
    ]
}