{
    "time_duration": 1593.730011,
    "total_photons": 53,
    "q1q3_com_distance": 58.27215334835143,
    "moments_of_inertia": [
        142314.077966568,
        348346.41099002946,
        229019.25105094942
    ]
}