{
    "time_duration": 1011.186462,
    "total_photons": 16,
    "q1q3_com_distance": 63.27128737626564,
    "moments_of_inertia": [
        43187.95018528908,
        83001.58325221098,
        126189.53343750001
    ]
}