{
    "time_duration": 3467.970765,
    "total_photons": 322,
    "q1q3_com_distance": 75.4579819077644,
    "moments_of_inertia": [
        2786661.3697109157,
        3052883.334619216,
        3857269.123963661
    ]
}