{
    "time_duration": 4945.908356,
    "total_photons": 779,
    "q1q3_com_distance": 67.65974595119418,
    "moments_of_inertia": [
        7466395.772527857,
        9004840.397286238,
        11223449.580680905
    ]
}