{
    "time_duration": 3797.276383,
    "total_photons": 166,
    "q1q3_com_distance": 103.75066164994053,
    "moments_of_inertia": [
        792659.7763424881,
        1051362.075823502,
        1432068.0698797945
    ]
}