{
    "time_duration": 1903.6318509999999,
    "total_photons": 139,
    "q1q3_com_distance": 16.31308013559047,
    "moments_of_inertia": [
        80264.17945749057,
        210900.41756869294,
        195852.2056587081
    ]
}