{
    "time_duration": 3006.2537850000003,
    "total_photons": 27,
    "q1q3_com_distance": 52.79712921230864,
    "moments_of_inertia": [
        137555.04151708918,
        88497.04167612639,
        108036.26987345067
    ]
}