{
    "time_duration": 1102.051636,
    "total_photons": 7,
    "q1q3_com_distance": 166.23008015999991,
    "moments_of_inertia": [
        19734.09669757756,
        50758.773453676826,
        56840.759105888385
    ]
}