{
    "time_duration": 1021.109803,
    "total_photons": 22,
    "q1q3_com_distance": 35.68062425494033,
    "moments_of_inertia": [
        74557.0593818182,
        28488.95764930476,
        46068.10173251342
    ]
}