{
    "time_duration": 5000.813751,
    "total_photons": 443,
    "q1q3_com_distance": 29.302584505269063,
    "moments_of_inertia": [
        2835820.9988023457,
        4373603.487328989,
        3339986.493940896
    ]
}