{
    "time_duration": 1697.787598,
    "total_photons": 15,
    "q1q3_com_distance": 100.90734069556083,
    "moments_of_inertia": [
        57597.877085090244,
        118817.9472441485,
        97105.57649742768
    ]
}