{
    "time_duration": 2890.294373,
    "total_photons": 6,
    "q1q3_com_distance": 210.80318972918798,
    "moments_of_inertia": [
        12596.457781801379,
        106807.59015000003,
        94211.1323681987
    ]
}