{
    "time_duration": 2777.889252,
    "total_photons": 79,
    "q1q3_com_distance": 71.70867050085364,
    "moments_of_inertia": [
        370560.03830305533,
        327236.2784680942,
        272791.2843832805
    ]
}