{
    "time_duration": 2527.30957,
    "total_photons": 14,
    "q1q3_com_distance": 99.83737003872842,
    "moments_of_inertia": [
        30722.96210763629,
        84280.81758096827,
        115003.75826853834
    ]
}