{
    "time_duration": 3370.020904,
    "total_photons": 535,
    "q1q3_com_distance": 59.977459802789134,
    "moments_of_inertia": [
        1879214.534000731,
        1567704.7606096081,
        1251515.7552191971
    ]
}