{
    "time_duration": 4035.514801,
    "total_photons": 93,
    "q1q3_com_distance": 66.17258278571119,
    "moments_of_inertia": [
        395991.13744917663,
        646932.4257862659,
        781882.5560978911
    ]
}