{
    "time_duration": 475.685089,
    "total_photons": 5,
    "q1q3_com_distance": 8.5150000000001,
    "moments_of_inertia": [
        348.02507999999887,
        -2.9999237838829527e-56,
        348.02507999999887
    ]
}