{
    "time_duration": 2525.586731,
    "total_photons": 43,
    "q1q3_com_distance": 75.79374813398758,
    "moments_of_inertia": [
        300375.21890444006,
        215936.03902524916,
        158843.10485170636
    ]
}