{
    "time_duration": 560.1128229999999,
    "total_photons": 27,
    "q1q3_com_distance": 12.157142857142844,
    "moments_of_inertia": [
        6716.293718518504,
        6716.293718518504,
        0.0
    ]
}