{
    "time_duration": 1811.1182860000001,
    "total_photons": 246,
    "q1q3_com_distance": 18.339370484874195,
    "moments_of_inertia": [
        1104890.9543809837,
        1281778.7282152346,
        1595626.0932671982
    ]
}