{
    "time_duration": 647.8294679999999,
    "total_photons": 5,
    "q1q3_com_distance": 93.61999999999989,
    "moments_of_inertia": [
        0.0,
        6605.802479999986,
        6605.802479999986
    ]
}