{
    "time_duration": 2455.372955,
    "total_photons": 245,
    "q1q3_com_distance": 8.250327453499953,
    "moments_of_inertia": [
        845009.210309447,
        1318121.6931095603,
        1441108.1193858902
    ]
}