{
    "time_duration": 3907.046387,
    "total_photons": 5,
    "q1q3_com_distance": 237.80599109358027,
    "moments_of_inertia": [
        65020.417135923795,
        124105.31628530881,
        185713.03385876748
    ]
}