{
    "time_duration": 2351.377777,
    "total_photons": 123,
    "q1q3_com_distance": 41.826194000632746,
    "moments_of_inertia": [
        221012.25837233593,
        454216.5342154794,
        485421.5082219408
    ]
}