{
    "time_duration": 2454.680786,
    "total_photons": 17,
    "q1q3_com_distance": 90.76463243466588,
    "moments_of_inertia": [
        116469.68394818861,
        180492.11093449628,
        246655.2109526094
    ]
}