{
    "time_duration": 4433.628998,
    "total_photons": 296,
    "q1q3_com_distance": 82.73452565464714,
    "moments_of_inertia": [
        2409618.9126818683,
        4144204.7752422183,
        5729422.958064425
    ]
}