{
    "time_duration": 2455.783386,
    "total_photons": 180,
    "q1q3_com_distance": 70.01663459845685,
    "moments_of_inertia": [
        1104224.6544516468,
        1485719.4627383153,
        1347876.0310978135
    ]
}