{
    "time_duration": 962.761352,
    "total_photons": 8,
    "q1q3_com_distance": 79.50265954670944,
    "moments_of_inertia": [
        28494.737017028718,
        146773.7226936084,
        118278.98723936292
    ]
}