{
    "time_duration": 4109.017792,
    "total_photons": 318,
    "q1q3_com_distance": 64.85533553140088,
    "moments_of_inertia": [
        1069389.0583277883,
        2031550.2129742035,
        1752706.458979772
    ]
}