{
    "time_duration": 3193.32148,
    "total_photons": 730,
    "q1q3_com_distance": 15.117855431087499,
    "moments_of_inertia": [
        879867.3137206772,
        695378.4177164645,
        489133.3037028601
    ]
}