{
    "time_duration": 3953.8632960000004,
    "total_photons": 819,
    "q1q3_com_distance": 57.932214883752614,
    "moments_of_inertia": [
        4986488.292018473,
        5873172.676381625,
        6312299.468334447
    ]
}