{
    "time_duration": 3589.3771669999996,
    "total_photons": 344,
    "q1q3_com_distance": 82.69686083086306,
    "moments_of_inertia": [
        2354542.851616664,
        2745864.797982967,
        4070127.600928854
    ]
}