{
    "time_duration": 2541.8089600000003,
    "total_photons": 37,
    "q1q3_com_distance": 51.18310788051726,
    "moments_of_inertia": [
        138988.55939576612,
        113976.66763223667,
        56007.808539564874
    ]
}