{
    "time_duration": 3117.9582520000004,
    "total_photons": 47,
    "q1q3_com_distance": 62.88382093525032,
    "moments_of_inertia": [
        291677.4392151076,
        484017.3205328462,
        684357.7309414083
    ]
}