{
    "time_duration": 1741.0886840000003,
    "total_photons": 17,
    "q1q3_com_distance": 24.33948695535708,
    "moments_of_inertia": [
        37695.83372378597,
        70402.27727669179,
        92841.23488187528
    ]
}