{
    "time_duration": 1588.6945799999999,
    "total_photons": 139,
    "q1q3_com_distance": 40.33771691251611,
    "moments_of_inertia": [
        240331.92725286825,
        613721.4197402311,
        668818.0272399939
    ]
}