{
    "time_duration": 5294.41156,
    "total_photons": 3139,
    "q1q3_com_distance": 50.75584873077855,
    "moments_of_inertia": [
        35880959.68096277,
        20990031.509960715,
        24632215.915082008
    ]
}