{
    "time_duration": 3107.931977,
    "total_photons": 7022,
    "q1q3_com_distance": 33.05545877123582,
    "moments_of_inertia": [
        14404430.54280244,
        28312845.842153493,
        33572017.87680175
    ]
}