{
    "time_duration": 2758.731628,
    "total_photons": 286,
    "q1q3_com_distance": 48.480683346414565,
    "moments_of_inertia": [
        1132922.4359483663,
        800409.5767461334,
        618561.9339327754
    ]
}