{
    "time_duration": 7106.034058,
    "total_photons": 8628,
    "q1q3_com_distance": 73.09984876047915,
    "moments_of_inertia": [
        47191840.4913412,
        133957490.38590175,
        130913831.4428735
    ]
}