{
    "time_duration": 1767.2495119999999,
    "total_photons": 6,
    "q1q3_com_distance": 81.23974227556361,
    "moments_of_inertia": [
        6168.583155487704,
        22667.170177845634,
        28835.753333333352
    ]
}