{
    "time_duration": 2910.256348,
    "total_photons": 12272,
    "q1q3_com_distance": 48.6449110394623,
    "moments_of_inertia": [
        9793063.748338588,
        29117800.003654364,
        26645282.811981633
    ]
}