{
    "time_duration": 6235.180787,
    "total_photons": 127,
    "q1q3_com_distance": 126.80040301276325,
    "moments_of_inertia": [
        1003750.781046453,
        1558834.1944597275,
        2283167.2689505136
    ]
}