{
    "time_duration": 5426.966888,
    "total_photons": 85105,
    "q1q3_com_distance": 26.50004723061381,
    "moments_of_inertia": [
        125134840.74775687,
        146196288.64414838,
        155881452.54004088
    ]
}