{
    "time_duration": 6913.620697,
    "total_photons": 31693,
    "q1q3_com_distance": 50.93616149996006,
    "moments_of_inertia": [
        47772392.59854447,
        80595079.78543633,
        66593261.61699322
    ]
}