{
    "time_duration": 2367.940048,
    "total_photons": 4454,
    "q1q3_com_distance": 16.79881400179058,
    "moments_of_inertia": [
        744924.7539997445,
        2644509.4636954,
        2425541.7982576177
    ]
}