{
    "time_duration": 6303.9989319999995,
    "total_photons": 12812,
    "q1q3_com_distance": 82.6024434633394,
    "moments_of_inertia": [
        61655059.764822856,
        112273680.37755919,
        91099458.06777547
    ]
}