{
    "time_duration": 5032.303436,
    "total_photons": 1874,
    "q1q3_com_distance": 64.51762357636781,
    "moments_of_inertia": [
        6334813.898955246,
        2997630.528135259,
        4159232.786013656
    ]
}