{
    "time_duration": 7628.667206,
    "total_photons": 14172,
    "q1q3_com_distance": 55.90490311288014,
    "moments_of_inertia": [
        54950324.07808886,
        105349267.85024785,
        89296145.95025192
    ]
}