{
    "time_duration": 1806.20813,
    "total_photons": 19,
    "q1q3_com_distance": 92.21975534558743,
    "moments_of_inertia": [
        22699.126707270276,
        120708.67798914934,
        118480.53109305404
    ]
}