{
    "time_duration": 7246.64534,
    "total_photons": 36126,
    "q1q3_com_distance": 64.38836255257927,
    "moments_of_inertia": [
        240385524.63309032,
        329064435.3759315,
        290730505.53628147
    ]
}