{
    "time_duration": 7711.037292,
    "total_photons": 40320,
    "q1q3_com_distance": 100.90682403327416,
    "moments_of_inertia": [
        278191946.26696837,
        469760210.8102205,
        601032877.3699145
    ]
}