{
    "time_duration": 6063.768188,
    "total_photons": 6460,
    "q1q3_com_distance": 82.0078758614861,
    "moments_of_inertia": [
        42236095.510014504,
        101718406.22201432,
        86401887.35819586
    ]
}