{
    "time_duration": 5921.001526,
    "total_photons": 1959,
    "q1q3_com_distance": 73.58644875596268,
    "moments_of_inertia": [
        8537674.98178502,
        16670135.70807345,
        17799790.466937665
    ]
}