{
    "time_duration": 3899.4432369999995,
    "total_photons": 89,
    "q1q3_com_distance": 61.849546430715634,
    "moments_of_inertia": [
        776711.0620805277,
        864385.8783252517,
        1317350.7366279287
    ]
}