{
    "time_duration": 4775.558166000001,
    "total_photons": 536,
    "q1q3_com_distance": 55.00870126532285,
    "moments_of_inertia": [
        3123269.742373479,
        1717042.384276843,
        1743954.7403474376
    ]
}