{
    "time_duration": 5590.074524,
    "total_photons": 1651,
    "q1q3_com_distance": 65.8518891110107,
    "moments_of_inertia": [
        14242950.826330025,
        8504057.208686924,
        11398201.079235759
    ]
}