{
    "time_duration": 7014.989532,
    "total_photons": 27215,
    "q1q3_com_distance": 95.60362485380908,
    "moments_of_inertia": [
        130230838.76800469,
        215243959.88147685,
        251503082.4788352
    ]
}