{
    "time_duration": 6405.086058999999,
    "total_photons": 266,
    "q1q3_com_distance": 88.68452605333908,
    "moments_of_inertia": [
        1968945.7121118214,
        5091480.033365825,
        4648711.824785506
    ]
}