{
    "time_duration": 6797.212967,
    "total_photons": 47097,
    "q1q3_com_distance": 43.76061414398417,
    "moments_of_inertia": [
        331206963.2903986,
        274338365.779697,
        293945620.7199534
    ]
}