{
    "time_duration": 2221.694581,
    "total_photons": 1070,
    "q1q3_com_distance": 11.963926663884765,
    "moments_of_inertia": [
        1056775.4757757937,
        5204147.122274807,
        4606882.345905849
    ]
}