{
    "time_duration": 7155.477279,
    "total_photons": 181693,
    "q1q3_com_distance": 32.38984599601775,
    "moments_of_inertia": [
        584635765.3334991,
        608584631.9871159,
        622191329.524765
    ]
}