{
    "time_duration": 6057.1062010000005,
    "total_photons": 24,
    "q1q3_com_distance": 80.0108708065488,
    "moments_of_inertia": [
        92169.7394847569,
        410621.77663976466,
        418515.16485881165
    ]
}