{
    "time_duration": 4906.520843,
    "total_photons": 8189,
    "q1q3_com_distance": 24.74224161407478,
    "moments_of_inertia": [
        33303992.746188115,
        41893413.02736877,
        52935102.56585069
    ]
}