{
    "time_duration": 3353.731018,
    "total_photons": 2879,
    "q1q3_com_distance": 14.517507724092994,
    "moments_of_inertia": [
        3272469.737944836,
        14463955.2129202,
        12336615.352829706
    ]
}