{
    "time_duration": 2197.63855,
    "total_photons": 40,
    "q1q3_com_distance": 58.999839059102676,
    "moments_of_inertia": [
        65362.81349463918,
        208627.08962895913,
        159385.17344640175
    ]
}