{
    "time_duration": 5511.558655,
    "total_photons": 38603,
    "q1q3_com_distance": 45.474124354051725,
    "moments_of_inertia": [
        121355163.50117266,
        152549697.00900677,
        183772519.2990906
    ]
}