{
    "time_duration": 5225.909607,
    "total_photons": 1146,
    "q1q3_com_distance": 113.09458622830297,
    "moments_of_inertia": [
        8712626.837462202,
        22172362.43612259,
        17410449.45506827
    ]
}