{
    "time_duration": 7523.893311,
    "total_photons": 3685,
    "q1q3_com_distance": 61.67315815165481,
    "moments_of_inertia": [
        12867602.572150432,
        25339944.292995837,
        26352439.234100085
    ]
}