{
    "time_duration": 6042.56282,
    "total_photons": 52371,
    "q1q3_com_distance": 31.02256589774466,
    "moments_of_inertia": [
        289172816.2556153,
        323593481.73137784,
        380291909.00556767
    ]
}