{
    "time_duration": 8336.999207,
    "total_photons": 12546,
    "q1q3_com_distance": 67.50750005409616,
    "moments_of_inertia": [
        67923152.50986588,
        151252982.21172485,
        162163428.59072164
    ]
}