{
    "time_duration": 6956.406784,
    "total_photons": 63723,
    "q1q3_com_distance": 39.20479658362246,
    "moments_of_inertia": [
        101045026.45046178,
        111155795.46642596,
        115769816.2741409
    ]
}