{
    "time_duration": 1595.8097539999999,
    "total_photons": 21,
    "q1q3_com_distance": 92.46979585488694,
    "moments_of_inertia": [
        141065.7127173696,
        91885.56545812497,
        68152.18420545795
    ]
}