{
    "time_duration": 4960.324463,
    "total_photons": 16328,
    "q1q3_com_distance": 51.869558647438716,
    "moments_of_inertia": [
        66659815.75812472,
        97423268.81910841,
        88979277.86677009
    ]
}