{
    "time_duration": 4531.942031,
    "total_photons": 13887,
    "q1q3_com_distance": 35.28927037019865,
    "moments_of_inertia": [
        40287827.6591099,
        39635671.45202677,
        36123037.07006561
    ]
}