{
    "time_duration": 1616.722808,
    "total_photons": 62,
    "q1q3_com_distance": 58.49454565251147,
    "moments_of_inertia": [
        75612.7685887126,
        185987.85571948663,
        216202.0591305102
    ]
}