{
    "time_duration": 4394.079452,
    "total_photons": 58417,
    "q1q3_com_distance": 56.684968170626945,
    "moments_of_inertia": [
        166637547.50039572,
        244360020.11397716,
        262627704.00922936
    ]
}