{
    "time_duration": 6213.6879579999995,
    "total_photons": 22495,
    "q1q3_com_distance": 62.75200470092051,
    "moments_of_inertia": [
        57837174.36685066,
        110774116.68692143,
        85622250.49197774
    ]
}