{
    "time_duration": 5184.116577,
    "total_photons": 16,
    "q1q3_com_distance": 141.08585570938712,
    "moments_of_inertia": [
        167347.67940328736,
        321787.00760165293,
        425264.36823256005
    ]
}