{
    "time_duration": 3211.823517,
    "total_photons": 52420,
    "q1q3_com_distance": 17.832497321197717,
    "moments_of_inertia": [
        62680985.58081862,
        40625135.73171957,
        33120588.823286846
    ]
}