{
    "time_duration": 6885.873016,
    "total_photons": 17251,
    "q1q3_com_distance": 56.70913021681829,
    "moments_of_inertia": [
        121480570.91170017,
        143973429.90526608,
        194395401.52106708
    ]
}