{
    "time_duration": 5546.222350999999,
    "total_photons": 3313,
    "q1q3_com_distance": 67.08545979613476,
    "moments_of_inertia": [
        15449445.319221046,
        11466987.851706522,
        8771005.169996327
    ]
}