{
    "time_duration": 3748.060028,
    "total_photons": 29177,
    "q1q3_com_distance": 36.54959763909718,
    "moments_of_inertia": [
        125772944.42059882,
        156011253.63066193,
        176360715.14599556
    ]
}