{
    "time_duration": 4582.247558,
    "total_photons": 412,
    "q1q3_com_distance": 87.19769691056966,
    "moments_of_inertia": [
        2663982.4996685092,
        4884186.171417775,
        5814253.886573431
    ]
}