{
    "time_duration": 5039.6645659999995,
    "total_photons": 21003,
    "q1q3_com_distance": 39.61237293460224,
    "moments_of_inertia": [
        35369474.47223483,
        43187468.91265159,
        43692947.21587085
    ]
}