{
    "time_duration": 4320.277392,
    "total_photons": 141365,
    "q1q3_com_distance": 40.272713720386356,
    "moments_of_inertia": [
        119789667.98934779,
        188158978.0439902,
        183950578.2586365
    ]
}