{
    "time_duration": 6575.956604,
    "total_photons": 774,
    "q1q3_com_distance": 92.32299901543928,
    "moments_of_inertia": [
        5970921.422048475,
        4480774.06283138,
        3930416.250956075
    ]
}