{
    "time_duration": 5866.608521,
    "total_photons": 1730,
    "q1q3_com_distance": 68.59330021097881,
    "moments_of_inertia": [
        14731923.714907106,
        10686737.212937253,
        11729705.934265949
    ]
}