{
    "time_duration": 4585.7776029999995,
    "total_photons": 30218,
    "q1q3_com_distance": 39.80678464837964,
    "moments_of_inertia": [
        70358411.01054645,
        58534582.566183984,
        47425052.544578336
    ]
}