{
    "time_duration": 5673.505677,
    "total_photons": 5753,
    "q1q3_com_distance": 56.41766575796701,
    "moments_of_inertia": [
        51133729.30936623,
        56493039.762973964,
        89617290.00849992
    ]
}