{
    "time_duration": 4245.883125,
    "total_photons": 387001,
    "q1q3_com_distance": 1.2801108400502001,
    "moments_of_inertia": [
        83480976.3338483,
        82257124.4289492,
        16637447.792554654
    ]
}