{
    "time_duration": 2937.543579,
    "total_photons": 14,
    "q1q3_com_distance": 131.68434051739027,
    "moments_of_inertia": [
        68712.39920887855,
        245728.2694308845,
        213734.2341173796
    ]
}