{
    "time_duration": 7362.094208,
    "total_photons": 30598,
    "q1q3_com_distance": 23.308139692821925,
    "moments_of_inertia": [
        249687259.81875274,
        284481083.1845306,
        368257154.3688429
    ]
}