{
    "time_duration": 3620.6233519999996,
    "total_photons": 249,
    "q1q3_com_distance": 25.795708262087217,
    "moments_of_inertia": [
        954109.5341894508,
        2508634.453347723,
        1753994.4503327045
    ]
}