{
    "time_duration": 6878.109253,
    "total_photons": 3461,
    "q1q3_com_distance": 81.00149250844706,
    "moments_of_inertia": [
        30754096.79810629,
        25417724.279137887,
        20069538.181472942
    ]
}