{
    "time_duration": 4519.42749,
    "total_photons": 14618,
    "q1q3_com_distance": 55.87576335832743,
    "moments_of_inertia": [
        48493558.20255077,
        31451308.72928323,
        40051578.75407798
    ]
}