{
    "time_duration": 6586.335585999999,
    "total_photons": 26884,
    "q1q3_com_distance": 93.63233242434501,
    "moments_of_inertia": [
        219281390.65204072,
        287919291.02943903,
        325415528.34031004
    ]
}