{
    "time_duration": 7352.149048,
    "total_photons": 17140,
    "q1q3_com_distance": 64.23122409301668,
    "moments_of_inertia": [
        57783173.68664344,
        92160622.21854372,
        98922251.07963309
    ]
}