{
    "time_duration": 6702.429993000001,
    "total_photons": 63482,
    "q1q3_com_distance": 106.90213800210127,
    "moments_of_inertia": [
        609779277.7379913,
        862525041.8414239,
        794221486.3636382
    ]
}