{
    "time_duration": 2002.9202879999998,
    "total_photons": 6,
    "q1q3_com_distance": 26.21275643651392,
    "moments_of_inertia": [
        11140.189254328507,
        33277.5276625125,
        44417.70431649234
    ]
}