{
    "time_duration": 4472.301353,
    "total_photons": 18426,
    "q1q3_com_distance": 19.216621635811258,
    "moments_of_inertia": [
        21842419.187182125,
        16720927.644265892,
        10006178.273488414
    ]
}