{
    "time_duration": 4679.2193910000005,
    "total_photons": 18267,
    "q1q3_com_distance": 50.693667519509795,
    "moments_of_inertia": [
        54537405.040507995,
        95980236.90231688,
        88518664.57040747
    ]
}