{
    "time_duration": 1967.7237550000002,
    "total_photons": 57,
    "q1q3_com_distance": 42.569045180219305,
    "moments_of_inertia": [
        51664.00952564445,
        124993.6582766715,
        146723.2161906666
    ]
}