{
    "time_duration": 4431.509033,
    "total_photons": 37,
    "q1q3_com_distance": 33.72784193134323,
    "moments_of_inertia": [
        73751.55050194782,
        292563.2013999204,
        353901.15059542906
    ]
}