{
    "time_duration": 7494.114304000001,
    "total_photons": 41898,
    "q1q3_com_distance": 27.153301890629688,
    "moments_of_inertia": [
        122539795.06708679,
        158364852.21759716,
        164787254.0949949
    ]
}