{
    "time_duration": 7802.897674,
    "total_photons": 6526,
    "q1q3_com_distance": 71.77447779539665,
    "moments_of_inertia": [
        51856342.30082577,
        41614785.274822846,
        30773536.593973037
    ]
}