{
    "time_duration": 5462.57489,
    "total_photons": 41920,
    "q1q3_com_distance": 43.21151708041368,
    "moments_of_inertia": [
        143845597.12018275,
        178114528.50547075,
        199286240.000358
    ]
}