{
    "time_duration": 5965.442138,
    "total_photons": 208,
    "q1q3_com_distance": 100.97247049880278,
    "moments_of_inertia": [
        1262778.8764255801,
        3319367.516295341,
        2812136.677865619
    ]
}