{
    "time_duration": 8141.717682,
    "total_photons": 39628,
    "q1q3_com_distance": 27.622909648901253,
    "moments_of_inertia": [
        77382712.9552051,
        86244558.33957739,
        119053508.00408883
    ]
}