{
    "time_duration": 1344.350586,
    "total_photons": 14,
    "q1q3_com_distance": 94.95128287048051,
    "moments_of_inertia": [
        3992.891308610553,
        62154.41334378077,
        58161.62811903718
    ]
}