{
    "time_duration": 3582.8782949999995,
    "total_photons": 669,
    "q1q3_com_distance": 28.11708937845596,
    "moments_of_inertia": [
        5646949.820359906,
        2478282.493314284,
        3531859.4408716997
    ]
}