{
    "time_duration": 1999.3363040000002,
    "total_photons": 58,
    "q1q3_com_distance": 54.7558942093604,
    "moments_of_inertia": [
        729094.8543670836,
        301846.51347964717,
        446917.0430912002
    ]
}