{
    "time_duration": 3151.0942529999998,
    "total_photons": 8958,
    "q1q3_com_distance": 29.31060246352681,
    "moments_of_inertia": [
        18498340.61172373,
        14381074.820958087,
        11219092.587786946
    ]
}