{
    "time_duration": 3227.0969240000004,
    "total_photons": 6130,
    "q1q3_com_distance": 34.87009639907694,
    "moments_of_inertia": [
        14290932.752353922,
        24928729.572795346,
        31155074.21692883
    ]
}