{
    "time_duration": 7453.2896120000005,
    "total_photons": 50739,
    "q1q3_com_distance": 61.038279976358616,
    "moments_of_inertia": [
        318062090.39977574,
        369905994.2617394,
        507047521.12482166
    ]
}