{
    "time_duration": 4456.132324,
    "total_photons": 71415,
    "q1q3_com_distance": 36.027443859867866,
    "moments_of_inertia": [
        216414010.79520842,
        257546443.8680288,
        305428815.5923889
    ]
}