{
    "time_duration": 4847.111129999999,
    "total_photons": 5350,
    "q1q3_com_distance": 63.34767415279426,
    "moments_of_inertia": [
        19932375.56535214,
        25473214.745442525,
        28947403.23531973
    ]
}