{
    "time_duration": 4489.922226,
    "total_photons": 14900,
    "q1q3_com_distance": 59.11524673512562,
    "moments_of_inertia": [
        42085522.53954309,
        21970864.78077672,
        32139688.01263664
    ]
}