{
    "time_duration": 6929.3745579999995,
    "total_photons": 24646,
    "q1q3_com_distance": 56.0062989838527,
    "moments_of_inertia": [
        260858834.6186316,
        209134633.52003482,
        202107219.91924828
    ]
}