{
    "time_duration": 4774.321106,
    "total_photons": 60320,
    "q1q3_com_distance": 50.721155616916896,
    "moments_of_inertia": [
        194771453.66775623,
        292479277.8611178,
        313316286.6059223
    ]
}