{
    "time_duration": 2498.137573,
    "total_photons": 1967,
    "q1q3_com_distance": 44.83026418433147,
    "moments_of_inertia": [
        4466853.464805849,
        8547665.756605115,
        10541176.471320508
    ]
}