{
    "time_duration": 3975.7354129999994,
    "total_photons": 7666,
    "q1q3_com_distance": 24.716566308954114,
    "moments_of_inertia": [
        42472635.20423601,
        18656802.91036216,
        30166487.34851772
    ]
}