{
    "time_duration": 4263.569801000001,
    "total_photons": 107907,
    "q1q3_com_distance": 7.27000066725242,
    "moments_of_inertia": [
        71112394.50023708,
        102743565.63692838,
        100210142.66918218
    ]
}