{
    "time_duration": 5290.517639000001,
    "total_photons": 1902,
    "q1q3_com_distance": 62.77469454070651,
    "moments_of_inertia": [
        18768513.74835401,
        22101420.62275916,
        33594485.27493316
    ]
}