{
    "time_duration": 5876.699462,
    "total_photons": 1588,
    "q1q3_com_distance": 64.68291863255575,
    "moments_of_inertia": [
        7472280.086157095,
        16689987.402201273,
        15401168.73212765
    ]
}