{
    "time_duration": 4843.809753,
    "total_photons": 201934,
    "q1q3_com_distance": 60.44423548636393,
    "moments_of_inertia": [
        345033865.56955636,
        527097906.5979489,
        563264722.7259234
    ]
}