{
    "time_duration": 1712.9174189999999,
    "total_photons": 111,
    "q1q3_com_distance": 24.881173977425046,
    "moments_of_inertia": [
        80164.06687109394,
        686464.195719186,
        652102.402000711
    ]
}