{
    "time_duration": 2903.922486,
    "total_photons": 97,
    "q1q3_com_distance": 93.5645847921591,
    "moments_of_inertia": [
        397047.40030574263,
        877586.6557798234,
        1028234.8144752579
    ]
}