{
    "time_duration": 5865.935181,
    "total_photons": 7324,
    "q1q3_com_distance": 71.93299495078737,
    "moments_of_inertia": [
        32092012.707731918,
        90795786.78907153,
        87498893.13685396
    ]
}