{
    "time_duration": 3606.745667,
    "total_photons": 717,
    "q1q3_com_distance": 27.383358333658403,
    "moments_of_inertia": [
        1837055.4088218466,
        876600.6695905261,
        1213365.727453181
    ]
}