{
    "time_duration": 5002.896363,
    "total_photons": 279,
    "q1q3_com_distance": 77.26505791740203,
    "moments_of_inertia": [
        2132920.679621222,
        4988243.371568162,
        4723138.961233559
    ]
}