{
    "time_duration": 4521.693245,
    "total_photons": 67078,
    "q1q3_com_distance": 5.9232534840666435,
    "moments_of_inertia": [
        71956161.05997543,
        74984876.01754645,
        43498927.76479996
    ]
}