{
    "time_duration": 5545.387573,
    "total_photons": 245,
    "q1q3_com_distance": 81.01103594297987,
    "moments_of_inertia": [
        1316463.1986214016,
        3329715.8305219878,
        3142615.4829529407
    ]
}