{
    "time_duration": 4318.312012,
    "total_photons": 31,
    "q1q3_com_distance": 53.943766741974024,
    "moments_of_inertia": [
        207528.04097256827,
        156032.35727277724,
        94866.96092884774
    ]
}