{
    "time_duration": 5587.1615600000005,
    "total_photons": 1273,
    "q1q3_com_distance": 82.08084626590757,
    "moments_of_inertia": [
        8661743.410687324,
        7056343.727033128,
        6157158.18060163
    ]
}