{
    "time_duration": 5017.320557,
    "total_photons": 84,
    "q1q3_com_distance": 92.12062441388281,
    "moments_of_inertia": [
        1239812.9377991692,
        536757.954436618,
        857732.767923736
    ]
}