{
    "time_duration": 5188.565436999999,
    "total_photons": 89742,
    "q1q3_com_distance": 30.92446447413109,
    "moments_of_inertia": [
        139594865.53717288,
        155368956.12604338,
        155739360.32318202
    ]
}