{
    "time_duration": 8165.814071999999,
    "total_photons": 98342,
    "q1q3_com_distance": 79.33430920984136,
    "moments_of_inertia": [
        549789388.147153,
        658213225.3532724,
        747572744.584302
    ]
}