{
    "time_duration": 4051.0523980000003,
    "total_photons": 14273,
    "q1q3_com_distance": 41.6573480691924,
    "moments_of_inertia": [
        16394559.805181675,
        25137955.267957408,
        22379538.87954179
    ]
}