{
    "time_duration": 5642.113403,
    "total_photons": 72,
    "q1q3_com_distance": 88.44105703661052,
    "moments_of_inertia": [
        685229.7401483945,
        574012.9557905981,
        246628.29069711882
    ]
}