{
    "time_duration": 3426.294922,
    "total_photons": 6,
    "q1q3_com_distance": 111.30591246649931,
    "moments_of_inertia": [
        6386.416030739769,
        103428.15881592652,
        106960.30108666696
    ]
}