{
    "time_duration": 4243.438294,
    "total_photons": 9298,
    "q1q3_com_distance": 48.70228402240264,
    "moments_of_inertia": [
        30871271.176620107,
        43896313.9569334,
        51966744.25608238
    ]
}