{
    "time_duration": 6600.647461,
    "total_photons": 1466,
    "q1q3_com_distance": 85.39035896351002,
    "moments_of_inertia": [
        18010071.91587156,
        11751016.626253454,
        11987183.793253718
    ]
}