{
    "time_duration": 5607.121002,
    "total_photons": 11496,
    "q1q3_com_distance": 19.57470268822896,
    "moments_of_inertia": [
        111588734.42110093,
        92331892.66670378,
        83667880.40487567
    ]
}