{
    "time_duration": 5894.513183,
    "total_photons": 2844,
    "q1q3_com_distance": 78.4125977939611,
    "moments_of_inertia": [
        12933217.571777398,
        16631341.232611507,
        19817698.569175225
    ]
}