{
    "time_duration": 8840.668457,
    "total_photons": 29138,
    "q1q3_com_distance": 61.67556154734307,
    "moments_of_inertia": [
        196963567.91190633,
        219374808.47627267,
        273304107.71762824
    ]
}