{
    "time_duration": 4524.916702,
    "total_photons": 104105,
    "q1q3_com_distance": 36.02713541699225,
    "moments_of_inertia": [
        234204464.76960784,
        166135924.54482934,
        147181475.99437255
    ]
}