{
    "time_duration": 5886.517517,
    "total_photons": 21684,
    "q1q3_com_distance": 49.0694180588606,
    "moments_of_inertia": [
        96965097.1738207,
        175549447.42812023,
        141071097.13807666
    ]
}