{
    "time_duration": 2518.569336,
    "total_photons": 113,
    "q1q3_com_distance": 18.158713182685304,
    "moments_of_inertia": [
        217894.15251694573,
        1203393.0999952077,
        985499.0553179367
    ]
}