{
    "time_duration": 4302.650757,
    "total_photons": 15557,
    "q1q3_com_distance": 25.619541103864446,
    "moments_of_inertia": [
        69055461.05067775,
        39509310.22667735,
        36724275.446118064
    ]
}