{
    "time_duration": 3182.88855,
    "total_photons": 1781,
    "q1q3_com_distance": 20.083293565526837,
    "moments_of_inertia": [
        5569633.537407834,
        13636539.000812732,
        9522004.867054226
    ]
}