{
    "time_duration": 3132.7635800000003,
    "total_photons": 2260,
    "q1q3_com_distance": 60.84000636818741,
    "moments_of_inertia": [
        3231651.146520326,
        5490879.595940621,
        5045004.463955954
    ]
}