{
    "time_duration": 1942.293335,
    "total_photons": 21,
    "q1q3_com_distance": 104.69264616910245,
    "moments_of_inertia": [
        45394.58958492818,
        339269.12240475294,
        313886.16115317645
    ]
}