{
    "time_duration": 1473.801391,
    "total_photons": 11,
    "q1q3_com_distance": 107.39545474553388,
    "moments_of_inertia": [
        25840.77325438583,
        186256.93193847014,
        160416.16724350787
    ]
}