{
    "time_duration": 4205.495849999999,
    "total_photons": 112,
    "q1q3_com_distance": 64.48560061050058,
    "moments_of_inertia": [
        2109513.687161219,
        1026612.8234085413,
        1504007.4618266684
    ]
}