{
    "time_duration": 7656.116394,
    "total_photons": 54516,
    "q1q3_com_distance": 95.40597537968004,
    "moments_of_inertia": [
        371090478.2139954,
        551981970.2122952,
        684033967.3659089
    ]
}