{
    "time_duration": 3203.671631,
    "total_photons": 155,
    "q1q3_com_distance": 89.75412132344168,
    "moments_of_inertia": [
        1110156.661757516,
        1491729.762947739,
        2235735.344621196
    ]
}