{
    "time_duration": 3303.145264,
    "total_photons": 2276,
    "q1q3_com_distance": 51.703946863699315,
    "moments_of_inertia": [
        5267789.82663936,
        12191167.136826951,
        8549095.668277625
    ]
}