{
    "time_duration": 6767.378906,
    "total_photons": 8460,
    "q1q3_com_distance": 69.42196985195763,
    "moments_of_inertia": [
        70069023.1218415,
        82066204.50104792,
        124047336.53101534
    ]
}