{
    "time_duration": 4897.4578249999995,
    "total_photons": 647,
    "q1q3_com_distance": 63.733920195824126,
    "moments_of_inertia": [
        3910827.035668299,
        3120789.7601589523,
        2562002.5198691916
    ]
}