{
    "time_duration": 5496.897187,
    "total_photons": 10360,
    "q1q3_com_distance": 71.88466431046318,
    "moments_of_inertia": [
        79598055.66634494,
        97126491.24942444,
        103839938.18581839
    ]
}