{
    "time_duration": 2574.959869,
    "total_photons": 639,
    "q1q3_com_distance": 40.50614069674518,
    "moments_of_inertia": [
        3044147.7564284117,
        2081594.28261988,
        997572.0831507661
    ]
}