{
    "time_duration": 9131.761475,
    "total_photons": 34829,
    "q1q3_com_distance": 51.8616185808931,
    "moments_of_inertia": [
        132050032.66393402,
        157442987.89451343,
        171661607.79510403
    ]
}