{
    "time_duration": 7776.3704689999995,
    "total_photons": 75999,
    "q1q3_com_distance": 53.657624194478096,
    "moments_of_inertia": [
        523985402.51187843,
        769529133.1968359,
        844546484.0601021
    ]
}