{
    "time_duration": 3294.115845,
    "total_photons": 322,
    "q1q3_com_distance": 63.3564287086203,
    "moments_of_inertia": [
        797594.4056032473,
        594983.8511886492,
        218265.55586027564
    ]
}