{
    "time_duration": 2853.069397,
    "total_photons": 104,
    "q1q3_com_distance": 20.51302141648388,
    "moments_of_inertia": [
        517309.0279612797,
        414316.6067463359,
        195483.3868981541
    ]
}