{
    "time_duration": 5707.991333,
    "total_photons": 578,
    "q1q3_com_distance": 58.4971606821768,
    "moments_of_inertia": [
        3020125.6559891775,
        9884881.663739055,
        8938117.034549283
    ]
}