{
    "time_duration": 5044.8768,
    "total_photons": 109159,
    "q1q3_com_distance": 37.228240761366635,
    "moments_of_inertia": [
        281684081.2733249,
        333874035.0044926,
        335654442.7206084
    ]
}