{
    "time_duration": 3847.566773,
    "total_photons": 240,
    "q1q3_com_distance": 40.637898038311825,
    "moments_of_inertia": [
        552823.5339447398,
        1573578.548869618,
        1134237.9229439755
    ]
}