{
    "time_duration": 2908.37738,
    "total_photons": 2545,
    "q1q3_com_distance": 11.67928848013327,
    "moments_of_inertia": [
        1876253.0814877339,
        11118960.048110956,
        9926470.879106998
    ]
}