{
    "time_duration": 2162.071167,
    "total_photons": 22,
    "q1q3_com_distance": 129.46521434346752,
    "moments_of_inertia": [
        92081.80720647523,
        145275.05854818216,
        204983.79005443375
    ]
}