{
    "time_duration": 5540.643128,
    "total_photons": 28349,
    "q1q3_com_distance": 30.40179077053607,
    "moments_of_inertia": [
        122731321.29269852,
        177481771.88027006,
        172372387.50635707
    ]
}