{
    "time_duration": 5061.000702,
    "total_photons": 60616,
    "q1q3_com_distance": 44.22373716136355,
    "moments_of_inertia": [
        156841799.53351685,
        216849141.3543124,
        222446020.84801495
    ]
}