{
    "time_duration": 5243.198181,
    "total_photons": 2422,
    "q1q3_com_distance": 46.240388586292724,
    "moments_of_inertia": [
        13423623.202132858,
        32454185.86338663,
        28195360.486788765
    ]
}