{
    "time_duration": 4057.1078789999997,
    "total_photons": 14537,
    "q1q3_com_distance": 42.38350186422653,
    "moments_of_inertia": [
        58564289.61203108,
        85584784.50794226,
        82190045.55066602
    ]
}