{
    "time_duration": 4654.893981,
    "total_photons": 371,
    "q1q3_com_distance": 50.59910225168215,
    "moments_of_inertia": [
        1208197.3373873488,
        1287070.3061821712,
        2010145.886151234
    ]
}