{
    "time_duration": 2274.4208980000003,
    "total_photons": 13,
    "q1q3_com_distance": 27.60247076551503,
    "moments_of_inertia": [
        31089.816222921625,
        181360.57173715145,
        160995.62379377303
    ]
}