{
    "time_duration": 2124.409729,
    "total_photons": 63,
    "q1q3_com_distance": 38.39877989801532,
    "moments_of_inertia": [
        114380.53617550262,
        150446.41536447158,
        202457.01728542225
    ]
}