{
    "time_duration": 4855.226502,
    "total_photons": 1366,
    "q1q3_com_distance": 66.02458499459861,
    "moments_of_inertia": [
        6609323.512933824,
        17626090.558603305,
        15725568.089464052
    ]
}