{
    "time_duration": 6436.540145999999,
    "total_photons": 36615,
    "q1q3_com_distance": 95.43801802001634,
    "moments_of_inertia": [
        272558950.9286374,
        195593004.52632254,
        186129782.48734704
    ]
}