{
    "time_duration": 3127.187729,
    "total_photons": 2121,
    "q1q3_com_distance": 79.60049175639308,
    "moments_of_inertia": [
        4106663.184701308,
        6183653.872111156,
        6584231.57516189
    ]
}