{
    "time_duration": 6899.3760680000005,
    "total_photons": 14468,
    "q1q3_com_distance": 75.77832072470001,
    "moments_of_inertia": [
        54710967.15593611,
        106175437.42803544,
        115706814.36174451
    ]
}