{
    "time_duration": 3273.756714,
    "total_photons": 380,
    "q1q3_com_distance": 27.015546013032395,
    "moments_of_inertia": [
        625245.2289602662,
        329933.74281325587,
        475338.793540164
    ]
}