{
    "time_duration": 4854.674133,
    "total_photons": 8921,
    "q1q3_com_distance": 24.010629740027145,
    "moments_of_inertia": [
        37489534.28203845,
        23297189.96382057,
        19232005.44788742
    ]
}