{
    "time_duration": 3287.420838,
    "total_photons": 78,
    "q1q3_com_distance": 90.78630370683626,
    "moments_of_inertia": [
        359834.43220601126,
        1088399.502759123,
        958288.2744451228
    ]
}