{
    "time_duration": 5058.114471,
    "total_photons": 334,
    "q1q3_com_distance": 112.12556561999506,
    "moments_of_inertia": [
        1983053.852159146,
        3510131.2935746387,
        2565086.9233787917
    ]
}