{
    "time_duration": 5370.79956,
    "total_photons": 1378,
    "q1q3_com_distance": 75.119163093116,
    "moments_of_inertia": [
        6363412.049761502,
        14621652.87024535,
        15515686.204453114
    ]
}