{
    "time_duration": 535.4987800000004,
    "total_photons": 4,
    "q1q3_com_distance": 136.17000000000007,
    "moments_of_inertia": [
        12765.68333891618,
        25804.48426108381,
        38570.16759999999
    ]
}