{
    "time_duration": 3241.35968,
    "total_photons": 8763,
    "q1q3_com_distance": 35.914339803369295,
    "moments_of_inertia": [
        29207937.365147263,
        46700428.54936316,
        39020064.565444686
    ]
}