{
    "time_duration": 4437.076537999999,
    "total_photons": 166,
    "q1q3_com_distance": 64.32768729454202,
    "moments_of_inertia": [
        903197.1450172323,
        2447944.7954911017,
        2236021.387937445
    ]
}