{
    "time_duration": 2673.6978759999997,
    "total_photons": 19,
    "q1q3_com_distance": 25.292091253986772,
    "moments_of_inertia": [
        233356.56000931424,
        115537.35031333909,
        135809.0437615571
    ]
}