{
    "time_duration": 4583.597748,
    "total_photons": 82354,
    "q1q3_com_distance": 53.11430216380077,
    "moments_of_inertia": [
        230510715.77459309,
        300284653.83482504,
        342487549.530228
    ]
}