{
    "time_duration": 1960.010132,
    "total_photons": 23,
    "q1q3_com_distance": 79.72695851397364,
    "moments_of_inertia": [
        84092.87164671646,
        217301.5767876813,
        242015.81831342788
    ]
}