{
    "time_duration": 7126.852173,
    "total_photons": 1702,
    "q1q3_com_distance": 56.40574316533849,
    "moments_of_inertia": [
        12887206.403884912,
        26371499.167488743,
        20683886.2845661
    ]
}