{
    "time_duration": 1295.9079590000001,
    "total_photons": 4,
    "q1q3_com_distance": 134.95667045389047,
    "moments_of_inertia": [
        31530.721874999985,
        20457.639721927357,
        11073.08215307262
    ]
}