{
    "time_duration": 4870.941529,
    "total_photons": 634,
    "q1q3_com_distance": 47.71809416055856,
    "moments_of_inertia": [
        3563838.1485203533,
        4463824.857558506,
        6249698.905369088
    ]
}