{
    "time_duration": 4740.372619,
    "total_photons": 25026,
    "q1q3_com_distance": 46.9505064270295,
    "moments_of_inertia": [
        91863781.94776645,
        112071921.53544116,
        138200800.32723022
    ]
}