{
    "time_duration": 5607.763557,
    "total_photons": 122578,
    "q1q3_com_distance": 45.41070747643681,
    "moments_of_inertia": [
        240937391.19293234,
        355584802.6396425,
        374236214.06971186
    ]
}