{
    "time_duration": 5667.616715,
    "total_photons": 51919,
    "q1q3_com_distance": 43.35400994000921,
    "moments_of_inertia": [
        120781670.15611461,
        85703551.49667004,
        105471981.24050225
    ]
}