{
    "time_duration": 3775.679932,
    "total_photons": 12,
    "q1q3_com_distance": 314.6516877261092,
    "moments_of_inertia": [
        40895.27900925762,
        343875.6099442486,
        361058.1488131605
    ]
}