{
    "time_duration": 3708.8076779999997,
    "total_photons": 437,
    "q1q3_com_distance": 51.30303810015422,
    "moments_of_inertia": [
        2668263.0506533748,
        1011201.4088190773,
        1930498.9843673622
    ]
}