{
    "time_duration": 7985.453064000001,
    "total_photons": 3371,
    "q1q3_com_distance": 107.77932132551373,
    "moments_of_inertia": [
        33965420.66233026,
        52918147.18492904,
        73760091.42948066
    ]
}