{
    "time_duration": 2243.824463,
    "total_photons": 65,
    "q1q3_com_distance": 32.88569682105854,
    "moments_of_inertia": [
        318674.49884461245,
        216910.52841222266,
        141258.7218016267
    ]
}