{
    "time_duration": 5058.38443,
    "total_photons": 39518,
    "q1q3_com_distance": 51.353030114077406,
    "moments_of_inertia": [
        201932349.92944452,
        232430955.8907269,
        271649138.2607218
    ]
}