{
    "time_duration": 2195.97937,
    "total_photons": 46,
    "q1q3_com_distance": 19.974048110402425,
    "moments_of_inertia": [
        190190.77522173902,
        112081.42248485841,
        78109.35273688052
    ]
}