{
    "time_duration": 4208.698731,
    "total_photons": 206,
    "q1q3_com_distance": 75.99232757568201,
    "moments_of_inertia": [
        1033105.9624235514,
        2818787.232104271,
        2516804.674743053
    ]
}