{
    "time_duration": 4868.2128299999995,
    "total_photons": 877,
    "q1q3_com_distance": 48.08169244711206,
    "moments_of_inertia": [
        4946491.3255441,
        5132049.685238561,
        7357030.410199776
    ]
}