{
    "time_duration": 5228.548614,
    "total_photons": 119477,
    "q1q3_com_distance": 27.362404651210184,
    "moments_of_inertia": [
        194471285.02074432,
        221317230.95291385,
        211848408.70153463
    ]
}