{
    "time_duration": 2826.22638,
    "total_photons": 89,
    "q1q3_com_distance": 82.89766830149098,
    "moments_of_inertia": [
        367532.24697352457,
        691575.2877923028,
        798329.2928296783
    ]
}