{
    "time_duration": 2498.621338,
    "total_photons": 10,
    "q1q3_com_distance": 93.40002712347929,
    "moments_of_inertia": [
        98003.24214999992,
        65871.70015356896,
        32131.541996430933
    ]
}