{
    "time_duration": 6697.669586,
    "total_photons": 53107,
    "q1q3_com_distance": 31.76268969691306,
    "moments_of_inertia": [
        360216470.8919174,
        416511479.1097575,
        518210420.83899766
    ]
}