{
    "time_duration": 2454.314087,
    "total_photons": 1864,
    "q1q3_com_distance": 43.3252360181965,
    "moments_of_inertia": [
        3159315.123131359,
        2433133.3436472514,
        1510992.0304087345
    ]
}