{
    "time_duration": 9841.651398,
    "total_photons": 9976,
    "q1q3_com_distance": 91.44107338050135,
    "moments_of_inertia": [
        73629620.5231324,
        107328654.90862532,
        121581184.52805191
    ]
}