{
    "time_duration": 2763.10315,
    "total_photons": 30,
    "q1q3_com_distance": 131.67046864236482,
    "moments_of_inertia": [
        128853.2562314379,
        323014.5002895336,
        388596.9767723621
    ]
}