{
    "time_duration": 3779.351013,
    "total_photons": 1973,
    "q1q3_com_distance": 62.49289567507739,
    "moments_of_inertia": [
        8080005.481968128,
        11025130.975445867,
        12426877.229351725
    ]
}