{
    "time_duration": 5138.594604,
    "total_photons": 26,
    "q1q3_com_distance": 87.86180265226828,
    "moments_of_inertia": [
        143073.35352283402,
        552295.0788991916,
        449999.097685667
    ]
}