{
    "time_duration": 6201.699646,
    "total_photons": 6196,
    "q1q3_com_distance": 48.36300416738441,
    "moments_of_inertia": [
        15220138.646491583,
        30121025.41800896,
        21667457.504639406
    ]
}