{
    "time_duration": 6370.143738000001,
    "total_photons": 1591,
    "q1q3_com_distance": 49.24735988108838,
    "moments_of_inertia": [
        9474659.005946022,
        10984064.936691303,
        15489965.631969085
    ]
}