{
    "time_duration": 5466.567505,
    "total_photons": 3746,
    "q1q3_com_distance": 61.282233340587716,
    "moments_of_inertia": [
        29564920.991540495,
        19062235.625807896,
        20905575.185125966
    ]
}