{
    "time_duration": 6372.479858000001,
    "total_photons": 5956,
    "q1q3_com_distance": 58.29160633645166,
    "moments_of_inertia": [
        56085083.74839817,
        60816704.25917097,
        96374481.83851027
    ]
}