{
    "time_duration": 6289.182648,
    "total_photons": 60952,
    "q1q3_com_distance": 42.808511494150466,
    "moments_of_inertia": [
        215470850.1490518,
        341886553.26746017,
        293029852.9794839
    ]
}