{
    "time_duration": 5392.847565,
    "total_photons": 10656,
    "q1q3_com_distance": 66.87677859886873,
    "moments_of_inertia": [
        38458281.526573576,
        68415911.86920334,
        74445007.7521203
    ]
}