{
    "time_duration": 7596.557632999999,
    "total_photons": 47318,
    "q1q3_com_distance": 48.85692543277645,
    "moments_of_inertia": [
        365231507.38906527,
        405808167.72881824,
        588665643.1701353
    ]
}