{
    "time_duration": 5706.906677,
    "total_photons": 1796,
    "q1q3_com_distance": 50.578879304554924,
    "moments_of_inertia": [
        10116775.386250801,
        21139745.315176584,
        16107024.144008707
    ]
}