{
    "time_duration": 2233.0946050000002,
    "total_photons": 78,
    "q1q3_com_distance": 36.88973737030363,
    "moments_of_inertia": [
        192022.67099542572,
        125760.42147446678,
        87973.81030190276
    ]
}