{
    "time_duration": 7121.1561280000005,
    "total_photons": 44424,
    "q1q3_com_distance": 46.15579318391098,
    "moments_of_inertia": [
        351791370.3229401,
        371882804.38369554,
        478894852.0768834
    ]
}