{
    "time_duration": 5533.222962,
    "total_photons": 263,
    "q1q3_com_distance": 87.51711216758301,
    "moments_of_inertia": [
        1572698.7152944766,
        3203164.6184271188,
        3697537.3108152864
    ]
}