{
    "time_duration": 6601.255677,
    "total_photons": 3511,
    "q1q3_com_distance": 49.01657032359427,
    "moments_of_inertia": [
        19960237.88178231,
        23779387.122352198,
        32539664.731962495
    ]
}