{
    "time_duration": 8634.629723,
    "total_photons": 38278,
    "q1q3_com_distance": 26.055117779985355,
    "moments_of_inertia": [
        119691844.67800924,
        110261723.61965226,
        110062772.68693611
    ]
}