{
    "time_duration": 3447.4378349999997,
    "total_photons": 2736,
    "q1q3_com_distance": 45.67403032281359,
    "moments_of_inertia": [
        6017025.994326637,
        14723434.28489922,
        9733392.98780141
    ]
}