{
    "time_duration": 3216.803688,
    "total_photons": 120712,
    "q1q3_com_distance": 6.668281000792492,
    "moments_of_inertia": [
        43222013.96096546,
        65530201.73181115,
        68681851.78675602
    ]
}