{
    "time_duration": 3298.775848,
    "total_photons": 2563,
    "q1q3_com_distance": 57.30335280162814,
    "moments_of_inertia": [
        7560734.365376577,
        21656869.479575716,
        19139746.525171313
    ]
}