{
    "time_duration": 3074.3803780000003,
    "total_photons": 23599,
    "q1q3_com_distance": 11.501469412528612,
    "moments_of_inertia": [
        7031845.868683394,
        17736429.75239142,
        17007474.06739701
    ]
}