{
    "time_duration": 5220.150574,
    "total_photons": 28375,
    "q1q3_com_distance": 41.294083480963494,
    "moments_of_inertia": [
        82127888.58421622,
        99354863.87690958,
        103400088.03478116
    ]
}