{
    "time_duration": 3230.493652,
    "total_photons": 26,
    "q1q3_com_distance": 17.919227046923222,
    "moments_of_inertia": [
        88071.08187979003,
        180718.68949140562,
        244389.42572880472
    ]
}