{
    "time_duration": 1871.016083,
    "total_photons": 897,
    "q1q3_com_distance": 54.66537016574555,
    "moments_of_inertia": [
        2205724.2521146443,
        942672.5116007203,
        1565277.7428349152
    ]
}