{
    "time_duration": 4300.396545,
    "total_photons": 6042,
    "q1q3_com_distance": 31.642660066929672,
    "moments_of_inertia": [
        15874732.850203201,
        37232642.595622726,
        26663904.761920165
    ]
}