{
    "time_duration": 4600.838272,
    "total_photons": 38578,
    "q1q3_com_distance": 15.182273508047867,
    "moments_of_inertia": [
        88987110.44840132,
        125444470.164469,
        127752271.22559743
    ]
}