{
    "time_duration": 4389.861541,
    "total_photons": 13416,
    "q1q3_com_distance": 31.202682997094378,
    "moments_of_inertia": [
        24998156.806028984,
        73494026.21877168,
        61291266.70417689
    ]
}