{
    "time_duration": 5843.1600180000005,
    "total_photons": 46431,
    "q1q3_com_distance": 36.977332442482734,
    "moments_of_inertia": [
        194295666.54897806,
        176469639.9809736,
        172698708.91945806
    ]
}