{
    "time_duration": 5998.432938,
    "total_photons": 30159,
    "q1q3_com_distance": 37.55689662068534,
    "moments_of_inertia": [
        94180491.6146505,
        78301145.4652874,
        47087935.40362128
    ]
}