{
    "time_duration": 6021.252777,
    "total_photons": 3089,
    "q1q3_com_distance": 88.60949626537561,
    "moments_of_inertia": [
        17449866.99077861,
        28927262.49059687,
        36145537.43030765
    ]
}