{
    "time_duration": 4973.913574,
    "total_photons": 269,
    "q1q3_com_distance": 74.48716264593676,
    "moments_of_inertia": [
        1385793.5691575655,
        3547608.278621329,
        3073390.1636144156
    ]
}