{
    "time_duration": 3726.056656,
    "total_photons": 8579,
    "q1q3_com_distance": 41.31941443347753,
    "moments_of_inertia": [
        37712332.891814195,
        31347013.094740987,
        32540703.029814996
    ]
}