{
    "time_duration": 2026.8632199999997,
    "total_photons": 85,
    "q1q3_com_distance": 16.349484247796415,
    "moments_of_inertia": [
        103255.88267491903,
        531883.4551014021,
        590104.5531130909
    ]
}