{
    "time_duration": 3187.249145,
    "total_photons": 68,
    "q1q3_com_distance": 49.623449031396625,
    "moments_of_inertia": [
        366948.4221902909,
        176241.2174274716,
        225778.71381459077
    ]
}