{
    "time_duration": 5646.5145569999995,
    "total_photons": 8156,
    "q1q3_com_distance": 65.35723560814799,
    "moments_of_inertia": [
        36017512.521898985,
        45792544.69628269,
        57394026.38554876
    ]
}