{
    "time_duration": 4131.783264000001,
    "total_photons": 10951,
    "q1q3_com_distance": 52.37546343691233,
    "moments_of_inertia": [
        18103265.210212804,
        30183222.53820715,
        33640574.39961658
    ]
}