{
    "time_duration": 4258.011643,
    "total_photons": 15953,
    "q1q3_com_distance": 45.944855851468695,
    "moments_of_inertia": [
        35540930.59871309,
        43608062.14751797,
        42325950.1745789
    ]
}