{
    "time_duration": 5274.352402,
    "total_photons": 81589,
    "q1q3_com_distance": 47.564811755540184,
    "moments_of_inertia": [
        263264997.86198336,
        349252152.7356786,
        413989725.97317755
    ]
}