{
    "time_duration": 7204.454834,
    "total_photons": 3530,
    "q1q3_com_distance": 39.50196197524186,
    "moments_of_inertia": [
        19452625.53929071,
        41048378.9447021,
        31992191.146098856
    ]
}