{
    "time_duration": 5259.873138,
    "total_photons": 17003,
    "q1q3_com_distance": 24.839893194734515,
    "moments_of_inertia": [
        31797178.701685466,
        77995480.91625533,
        62353718.44293376
    ]
}