{
    "time_duration": 6848.267654,
    "total_photons": 26551,
    "q1q3_com_distance": 54.139152440611014,
    "moments_of_inertia": [
        152285604.81992787,
        137476458.94933227,
        122044244.52970287
    ]
}