{
    "time_duration": 7711.588674,
    "total_photons": 276509,
    "q1q3_com_distance": 68.14232547087403,
    "moments_of_inertia": [
        1138616219.9287171,
        1495059291.2343466,
        1489829518.6889954
    ]
}