{
    "time_duration": 6712.01651,
    "total_photons": 9543,
    "q1q3_com_distance": 46.03012057085672,
    "moments_of_inertia": [
        65505028.636344336,
        41857589.437764876,
        49766967.68337007
    ]
}