{
    "time_duration": 1324.05658,
    "total_photons": 62,
    "q1q3_com_distance": 62.634389001146,
    "moments_of_inertia": [
        138475.0513186328,
        339036.17778156966,
        247267.07145463603
    ]
}