{
    "time_duration": 6444.233642,
    "total_photons": 60196,
    "q1q3_com_distance": 64.79427635646549,
    "moments_of_inertia": [
        332059498.3584268,
        474060926.87055373,
        573639473.7053055
    ]
}