{
    "time_duration": 3576.771255,
    "total_photons": 36218,
    "q1q3_com_distance": 28.98941810854991,
    "moments_of_inertia": [
        74581312.25869927,
        82166980.66398874,
        90308300.05255605
    ]
}