{
    "time_duration": 4107.457885,
    "total_photons": 1322,
    "q1q3_com_distance": 29.96499949282117,
    "moments_of_inertia": [
        3353550.4572142595,
        10833460.004167253,
        9000861.669494884
    ]
}