{
    "time_duration": 5232.287262,
    "total_photons": 75419,
    "q1q3_com_distance": 31.86474632738806,
    "moments_of_inertia": [
        123424574.93501997,
        139520937.2632248,
        138176496.25580025
    ]
}