{
    "time_duration": 8335.504348,
    "total_photons": 33565,
    "q1q3_com_distance": 72.64319576438831,
    "moments_of_inertia": [
        170812068.02390015,
        254639604.61228636,
        275326883.6176101
    ]
}