{
    "time_duration": 5039.407225999999,
    "total_photons": 498,
    "q1q3_com_distance": 78.40158649398859,
    "moments_of_inertia": [
        4776068.1722278595,
        2833992.8308477276,
        3551608.7152705947
    ]
}