{
    "time_duration": 3232.0485759999997,
    "total_photons": 193211,
    "q1q3_com_distance": 2.7004503590344284,
    "moments_of_inertia": [
        32978971.928207863,
        33514706.44370943,
        996904.458521537
    ]
}