{
    "time_duration": 7278.843597,
    "total_photons": 7801,
    "q1q3_com_distance": 95.67814518971763,
    "moments_of_inertia": [
        31204897.929505758,
        50884458.56492964,
        56978631.20439539
    ]
}