{
    "time_duration": 5881.721878,
    "total_photons": 24498,
    "q1q3_com_distance": 47.75897566367518,
    "moments_of_inertia": [
        83496209.5148707,
        84063153.14957765,
        91945255.26238033
    ]
}