{
    "time_duration": 2567.9847419999996,
    "total_photons": 24,
    "q1q3_com_distance": 138.84206434130672,
    "moments_of_inertia": [
        194445.63864876615,
        328368.6744680833,
        404996.3134581505
    ]
}