{
    "time_duration": 5292.255005,
    "total_photons": 491,
    "q1q3_com_distance": 85.08877492138303,
    "moments_of_inertia": [
        8086146.462464816,
        4018587.9136047726,
        4956269.9420477245
    ]
}