{
    "time_duration": 3617.3440550000005,
    "total_photons": 953,
    "q1q3_com_distance": 32.20850094153102,
    "moments_of_inertia": [
        4518903.740912198,
        5087165.716131279,
        1372664.1874350214
    ]
}