{
    "time_duration": 4399.313874,
    "total_photons": 38987,
    "q1q3_com_distance": 55.749686976372104,
    "moments_of_inertia": [
        184007473.42926663,
        210840321.16393533,
        220579618.97477123
    ]
}