{
    "time_duration": 7128.111572,
    "total_photons": 742,
    "q1q3_com_distance": 64.12338654946988,
    "moments_of_inertia": [
        3356516.7760833576,
        12168047.535546973,
        11514373.738807693
    ]
}