{
    "time_duration": 4834.029313,
    "total_photons": 6172,
    "q1q3_com_distance": 80.92000355718625,
    "moments_of_inertia": [
        17676680.737940527,
        22818407.671733316,
        24476637.919398226
    ]
}