{
    "time_duration": 2277.54364,
    "total_photons": 89,
    "q1q3_com_distance": 77.14220352100004,
    "moments_of_inertia": [
        313703.37132451683,
        593720.422963129,
        478585.6341707812
    ]
}