{
    "time_duration": 4424.046692,
    "total_photons": 111,
    "q1q3_com_distance": 63.068629773284044,
    "moments_of_inertia": [
        400019.426961705,
        1019049.5597468184,
        824358.553114898
    ]
}