{
    "time_duration": 2838.8633120000004,
    "total_photons": 12297,
    "q1q3_com_distance": 61.42691823113987,
    "moments_of_inertia": [
        24760744.584510762,
        39702998.69435955,
        46552126.908828884
    ]
}