{
    "time_duration": 3022.939163,
    "total_photons": 6360,
    "q1q3_com_distance": 28.093895426047464,
    "moments_of_inertia": [
        12542428.302134063,
        8523949.065000767,
        6086018.678850466
    ]
}