{
    "time_duration": 2737.500733,
    "total_photons": 16,
    "q1q3_com_distance": 49.66853254325105,
    "moments_of_inertia": [
        93064.26151875008,
        75173.78738958028,
        17890.474129169885
    ]
}