{
    "time_duration": 3260.067261,
    "total_photons": 142,
    "q1q3_com_distance": 61.08737347434246,
    "moments_of_inertia": [
        1107297.3566761778,
        2056074.4044243458,
        2671984.834551588
    ]
}