{
    "time_duration": 5383.464356,
    "total_photons": 199,
    "q1q3_com_distance": 71.11995964059602,
    "moments_of_inertia": [
        1739675.9213735964,
        4034575.837801698,
        3043326.367184503
    ]
}