{
    "time_duration": 3697.212402,
    "total_photons": 706,
    "q1q3_com_distance": 21.115685216361218,
    "moments_of_inertia": [
        1866826.475450039,
        5835194.357314747,
        4397083.856835789
    ]
}