{
    "time_duration": 5835.090515,
    "total_photons": 4033,
    "q1q3_com_distance": 87.4192104878258,
    "moments_of_inertia": [
        19374985.45912189,
        27787362.615271453,
        33893984.73228268
    ]
}