{
    "time_duration": 2127.010254,
    "total_photons": 39,
    "q1q3_com_distance": 94.94558243541428,
    "moments_of_inertia": [
        259842.76147843976,
        137614.9021628498,
        161082.45655358263
    ]
}