{
    "time_duration": 7198.7358699999995,
    "total_photons": 13908,
    "q1q3_com_distance": 58.49064987409169,
    "moments_of_inertia": [
        107360373.20601937,
        118809636.57888457,
        168507137.51167843
    ]
}