{
    "time_duration": 2340.6317440000003,
    "total_photons": 640,
    "q1q3_com_distance": 49.95889300887138,
    "moments_of_inertia": [
        909643.146853479,
        1592616.8772369353,
        1932930.5621464574
    ]
}