{
    "time_duration": 4035.714592,
    "total_photons": 58148,
    "q1q3_com_distance": 44.66515912509937,
    "moments_of_inertia": [
        96368148.59025624,
        129921567.11344647,
        151053839.7244131
    ]
}