{
    "time_duration": 3472.5218510000004,
    "total_photons": 2333,
    "q1q3_com_distance": 13.080637622046536,
    "moments_of_inertia": [
        16655858.827877931,
        7785593.475588946,
        10252386.501891192
    ]
}