{
    "time_duration": 3633.810181,
    "total_photons": 371,
    "q1q3_com_distance": 33.633389850988046,
    "moments_of_inertia": [
        1016909.5972460452,
        3179491.5481711617,
        2690807.2923919596
    ]
}