{
    "time_duration": 2504.71457,
    "total_photons": 3572,
    "q1q3_com_distance": 35.69584410380103,
    "moments_of_inertia": [
        11523963.446253728,
        14700170.729570264,
        21073909.878022306
    ]
}