{
    "time_duration": 4624.047608,
    "total_photons": 412,
    "q1q3_com_distance": 59.48555562633853,
    "moments_of_inertia": [
        4898314.704902174,
        3746548.8842696743,
        2910426.660986889
    ]
}