{
    "time_duration": 4053.2145990000004,
    "total_photons": 1707,
    "q1q3_com_distance": 76.48471780416119,
    "moments_of_inertia": [
        5923452.466888307,
        15474531.411158312,
        12699433.596420163
    ]
}