{
    "time_duration": 4589.466431,
    "total_photons": 1420,
    "q1q3_com_distance": 28.332839051288108,
    "moments_of_inertia": [
        6747685.320002168,
        5556718.129455476,
        2782045.8717129147
    ]
}