{
    "time_duration": 3583.1077880000003,
    "total_photons": 25,
    "q1q3_com_distance": 111.3553400034273,
    "moments_of_inertia": [
        90671.8556312504,
        195869.4286996308,
        286313.1828371187
    ]
}