{
    "time_duration": 4399.684692,
    "total_photons": 22084,
    "q1q3_com_distance": 54.02536664208724,
    "moments_of_inertia": [
        53761327.81597847,
        70903111.23253548,
        73980046.11261204
    ]
}