{
    "time_duration": 3137.19635,
    "total_photons": 488,
    "q1q3_com_distance": 50.48920610742444,
    "moments_of_inertia": [
        689941.6579419819,
        1162972.3763996891,
        1414815.56825177
    ]
}