{
    "time_duration": 7772.804298,
    "total_photons": 142225,
    "q1q3_com_distance": 62.80002820538057,
    "moments_of_inertia": [
        651682397.0085161,
        820228691.165776,
        836550280.6997869
    ]
}