{
    "time_duration": 4149.066407,
    "total_photons": 71,
    "q1q3_com_distance": 84.53112081058556,
    "moments_of_inertia": [
        366725.2525926811,
        661716.4411611813,
        789740.0147757159
    ]
}