{
    "time_duration": 3412.546509,
    "total_photons": 38,
    "q1q3_com_distance": 46.649361088872425,
    "moments_of_inertia": [
        167130.17468548228,
        468890.9607511233,
        400745.82504760474
    ]
}