{
    "time_duration": 4646.508545000001,
    "total_photons": 27122,
    "q1q3_com_distance": 33.36285833571778,
    "moments_of_inertia": [
        65000882.91443691,
        74492676.03073663,
        82385725.83211789
    ]
}