{
    "time_duration": 4169.413742,
    "total_photons": 69720,
    "q1q3_com_distance": 32.46277952875803,
    "moments_of_inertia": [
        136522640.89135447,
        151768675.86044973,
        166237281.53467423
    ]
}