{
    "time_duration": 1995.056152,
    "total_photons": 8,
    "q1q3_com_distance": 60.711169483053084,
    "moments_of_inertia": [
        83785.6110878844,
        51377.33973715681,
        39921.59432495877
    ]
}