{
    "time_duration": 2974.3651740000005,
    "total_photons": 675,
    "q1q3_com_distance": 25.6558362091747,
    "moments_of_inertia": [
        1939338.0953650223,
        6466110.655737448,
        6502419.625506719
    ]
}