{
    "time_duration": 8058.919799999999,
    "total_photons": 21475,
    "q1q3_com_distance": 46.38075786061074,
    "moments_of_inertia": [
        162261342.37014192,
        178133755.80291697,
        226726912.2296231
    ]
}