{
    "time_duration": 6176.83841,
    "total_photons": 5639,
    "q1q3_com_distance": 59.62328525750173,
    "moments_of_inertia": [
        28848112.586460754,
        53124785.80915528,
        43970828.12300482
    ]
}