{
    "time_duration": 5038.1138,
    "total_photons": 7679,
    "q1q3_com_distance": 53.351879645064166,
    "moments_of_inertia": [
        36974323.441652335,
        40375071.382086426,
        54632449.72574916
    ]
}