{
    "time_duration": 2963.291015,
    "total_photons": 88,
    "q1q3_com_distance": 50.39648462135104,
    "moments_of_inertia": [
        278634.47469318175,
        188981.55358696115,
        89652.92110622086
    ]
}