{
    "time_duration": 2626.482422,
    "total_photons": 22,
    "q1q3_com_distance": 68.36007497070197,
    "moments_of_inertia": [
        68829.01473440611,
        251335.16694030576,
        182506.19430710646
    ]
}