{
    "time_duration": 3743.8372799999997,
    "total_photons": 91,
    "q1q3_com_distance": 97.11005822911858,
    "moments_of_inertia": [
        438855.3753207951,
        780812.0054115347,
        593348.1871489887
    ]
}