{
    "time_duration": 3047.489197,
    "total_photons": 197,
    "q1q3_com_distance": 74.59383862156709,
    "moments_of_inertia": [
        897885.550860545,
        1254242.0730262934,
        1363139.0326045293
    ]
}