{
    "time_duration": 5958.377808,
    "total_photons": 8055,
    "q1q3_com_distance": 51.02986900250771,
    "moments_of_inertia": [
        42321038.8854663,
        70506148.25867169,
        58729669.3773745
    ]
}