{
    "time_duration": 7659.541107,
    "total_photons": 22797,
    "q1q3_com_distance": 43.01625758859355,
    "moments_of_inertia": [
        107154936.2530734,
        125170711.43779778,
        158085423.52655113
    ]
}