{
    "time_duration": 3314.2352220000002,
    "total_photons": 142236,
    "q1q3_com_distance": 18.601328431619944,
    "moments_of_inertia": [
        128134117.54895319,
        86958081.02562185,
        65688964.45219406
    ]
}