{
    "time_duration": 8142.395111,
    "total_photons": 111276,
    "q1q3_com_distance": 52.18812867235155,
    "moments_of_inertia": [
        734732930.9311554,
        883089109.2483064,
        988753627.7425739
    ]
}