{
    "time_duration": 5876.934997,
    "total_photons": 9351,
    "q1q3_com_distance": 80.73141350784542,
    "moments_of_inertia": [
        74543806.36064869,
        131057218.21054961,
        173384773.89233863
    ]
}