{
    "time_duration": 7988.117981000001,
    "total_photons": 55970,
    "q1q3_com_distance": 64.93740374359963,
    "moments_of_inertia": [
        356562698.18238133,
        393912144.96177626,
        544648671.0907811
    ]
}