{
    "time_duration": 4256.901779,
    "total_photons": 18037,
    "q1q3_com_distance": 49.891884991881305,
    "moments_of_inertia": [
        68043502.7033576,
        90827086.80640368,
        99919206.63821691
    ]
}