{
    "time_duration": 5422.668152,
    "total_photons": 12981,
    "q1q3_com_distance": 72.64750694682449,
    "moments_of_inertia": [
        45662791.84349127,
        62067624.00363497,
        54019987.2598505
    ]
}