{
    "time_duration": 8260.693055,
    "total_photons": 48932,
    "q1q3_com_distance": 48.21993339196183,
    "moments_of_inertia": [
        384889907.0868202,
        417814050.7558191,
        607707288.7004706
    ]
}