{
    "time_duration": 5298.365295,
    "total_photons": 556,
    "q1q3_com_distance": 89.1378444387382,
    "moments_of_inertia": [
        3162412.851891949,
        3797445.302530097,
        4252108.534903853
    ]
}