{
    "time_duration": 5447.777115,
    "total_photons": 75649,
    "q1q3_com_distance": 35.09658323930457,
    "moments_of_inertia": [
        117237500.02982596,
        138911480.055866,
        162835269.75559142
    ]
}