{
    "time_duration": 6929.504822,
    "total_photons": 8128,
    "q1q3_com_distance": 85.55953470128874,
    "moments_of_inertia": [
        36440008.482506275,
        85160649.83921377,
        78959329.18749583
    ]
}