{
    "time_duration": 5129.749756,
    "total_photons": 17282,
    "q1q3_com_distance": 11.056918105195574,
    "moments_of_inertia": [
        68601153.34580564,
        98729038.38554345,
        118902723.569776
    ]
}