{
    "time_duration": 4032.8648069999995,
    "total_photons": 5262,
    "q1q3_com_distance": 42.31877252480921,
    "moments_of_inertia": [
        16010925.874955185,
        31318084.755995095,
        26680432.70084541
    ]
}