{
    "time_duration": 5699.960891999999,
    "total_photons": 11028,
    "q1q3_com_distance": 36.92575333189535,
    "moments_of_inertia": [
        40019372.85319936,
        24864989.28634532,
        27647905.387153696
    ]
}