{
    "time_duration": 2941.3349310000003,
    "total_photons": 5998,
    "q1q3_com_distance": 52.35845652173948,
    "moments_of_inertia": [
        5585926.37883535,
        24004365.31368507,
        21769874.52295914
    ]
}