{
    "time_duration": 8708.839081,
    "total_photons": 46363,
    "q1q3_com_distance": 98.8627284822645,
    "moments_of_inertia": [
        267217790.0166546,
        486776592.80819863,
        421377132.6251244
    ]
}