{
    "time_duration": 4365.063766,
    "total_photons": 49767,
    "q1q3_com_distance": 29.963612369827445,
    "moments_of_inertia": [
        59039089.19148604,
        69699661.64209281,
        77929174.82964113
    ]
}