{
    "time_duration": 7388.949707,
    "total_photons": 5291,
    "q1q3_com_distance": 56.59632616568541,
    "moments_of_inertia": [
        48982589.20689495,
        39635571.367935695,
        28239197.02330488
    ]
}