{
    "time_duration": 3953.035858,
    "total_photons": 34640,
    "q1q3_com_distance": 55.93367688353312,
    "moments_of_inertia": [
        80849952.34903908,
        146932722.1660267,
        183151645.16755837
    ]
}