{
    "time_duration": 4045.4046630000003,
    "total_photons": 40,
    "q1q3_com_distance": 43.290141025411174,
    "moments_of_inertia": [
        146875.88035883877,
        420540.5744250189,
        337978.33901614294
    ]
}