{
    "time_duration": 5205.643311,
    "total_photons": 10484,
    "q1q3_com_distance": 55.09256825326943,
    "moments_of_inertia": [
        71546859.76164234,
        37434282.449260496,
        50081073.177453205
    ]
}