{
    "time_duration": 2500.873657,
    "total_photons": 228,
    "q1q3_com_distance": 11.085389303819381,
    "moments_of_inertia": [
        224945.17575772887,
        917690.7525048953,
        855226.4826093061
    ]
}