{
    "time_duration": 4624.284912,
    "total_photons": 841,
    "q1q3_com_distance": 59.03541666972461,
    "moments_of_inertia": [
        8370172.571098683,
        3663838.8926528534,
        5502151.968929555
    ]
}