{
    "time_duration": 3610.7458499999993,
    "total_photons": 92,
    "q1q3_com_distance": 72.01533839062371,
    "moments_of_inertia": [
        517995.5332355717,
        218747.42671480196,
        356758.9252735397
    ]
}