{
    "time_duration": 1879.143189,
    "total_photons": 6,
    "q1q3_com_distance": 115.92386822824712,
    "moments_of_inertia": [
        18314.92554951946,
        54171.6397773898,
        71128.56177309075
    ]
}