{
    "time_duration": 5128.225769,
    "total_photons": 1617,
    "q1q3_com_distance": 48.36069312685266,
    "moments_of_inertia": [
        23535652.158638753,
        16779060.455962997,
        12061483.221938485
    ]
}