{
    "time_duration": 4463.027313,
    "total_photons": 38303,
    "q1q3_com_distance": 46.426161640630596,
    "moments_of_inertia": [
        70853504.57886681,
        87086337.9151294,
        91332330.0415622
    ]
}