{
    "time_duration": 5915.448334,
    "total_photons": 17520,
    "q1q3_com_distance": 49.44843510149656,
    "moments_of_inertia": [
        87655456.33369395,
        178897163.77766111,
        152494182.56741607
    ]
}