{
    "time_duration": 8705.226532,
    "total_photons": 26075,
    "q1q3_com_distance": 57.75397136638908,
    "moments_of_inertia": [
        198020069.58725205,
        274751792.6112518,
        356733116.219847
    ]
}