{
    "time_duration": 4373.753159,
    "total_photons": 9664,
    "q1q3_com_distance": 53.862937630564055,
    "moments_of_inertia": [
        32054366.303518496,
        43597622.03244675,
        50500879.28332322
    ]
}