{
    "time_duration": 4984.0376129999995,
    "total_photons": 53961,
    "q1q3_com_distance": 29.558953871129553,
    "moments_of_inertia": [
        104073721.8492296,
        139610970.63961044,
        156690142.7739609
    ]
}