{
    "time_duration": 5874.561768,
    "total_photons": 55908,
    "q1q3_com_distance": 59.90480630772701,
    "moments_of_inertia": [
        369214019.32588154,
        401218143.93857604,
        440304113.0911349
    ]
}