{
    "time_duration": 3830.6255189999997,
    "total_photons": 7185,
    "q1q3_com_distance": 69.6009812916433,
    "moments_of_inertia": [
        24128030.85807157,
        39740377.19317222,
        35117100.48884857
    ]
}