{
    "time_duration": 6493.790344,
    "total_photons": 25243,
    "q1q3_com_distance": 66.36175662677522,
    "moments_of_inertia": [
        126624064.04493885,
        209507244.13586524,
        189412388.5298432
    ]
}