{
    "time_duration": 3401.442108,
    "total_photons": 1075,
    "q1q3_com_distance": 61.29928822693684,
    "moments_of_inertia": [
        4919824.398833221,
        5651251.638264659,
        6943891.098749178
    ]
}