{
    "time_duration": 5573.116715,
    "total_photons": 30458,
    "q1q3_com_distance": 38.015577956335285,
    "moments_of_inertia": [
        96076967.6464059,
        62126159.56665701,
        67361732.44683686
    ]
}