{
    "time_duration": 3169.680481,
    "total_photons": 2579,
    "q1q3_com_distance": 63.15137546544572,
    "moments_of_inertia": [
        8410198.096272407,
        13603429.53448385,
        13960680.085474223
    ]
}