{
    "time_duration": 4778.838814,
    "total_photons": 133703,
    "q1q3_com_distance": 27.987978980686446,
    "moments_of_inertia": [
        198225432.29228204,
        229125572.65836805,
        225132131.69087967
    ]
}