{
    "time_duration": 4377.925354,
    "total_photons": 262,
    "q1q3_com_distance": 82.75686443582039,
    "moments_of_inertia": [
        1162825.5356331463,
        2232146.365038315,
        2512971.0191285363
    ]
}