{
    "time_duration": 9021.528748,
    "total_photons": 40987,
    "q1q3_com_distance": 31.253716172451238,
    "moments_of_inertia": [
        262478598.88401031,
        293109275.3011258,
        324825607.26376754
    ]
}