{
    "time_duration": 1561.4091789999998,
    "total_photons": 53,
    "q1q3_com_distance": 49.82793523162399,
    "moments_of_inertia": [
        50921.05793619502,
        138540.5824616602,
        130473.08570780506
    ]
}