{
    "time_duration": 2415.4375,
    "total_photons": 9,
    "q1q3_com_distance": 22.41285754501927,
    "moments_of_inertia": [
        1646.0395738152656,
        64882.47722271077,
        63236.496403473924
    ]
}