{
    "time_duration": 3590.0071409999996,
    "total_photons": 538,
    "q1q3_com_distance": 18.86569397236652,
    "moments_of_inertia": [
        1407465.5061229598,
        4490445.930556577,
        3580097.750031611
    ]
}