{
    "time_duration": 2120.080994,
    "total_photons": 35,
    "q1q3_com_distance": 64.37718088359038,
    "moments_of_inertia": [
        71921.0952688613,
        152221.1266363218,
        194664.50297481657
    ]
}