{
    "time_duration": 7081.175232,
    "total_photons": 78533,
    "q1q3_com_distance": 42.89519996633527,
    "moments_of_inertia": [
        506744446.56025183,
        572441692.5154414,
        618069751.1227354
    ]
}