{
    "time_duration": 3359.613922,
    "total_photons": 7635,
    "q1q3_com_distance": 34.07104867441299,
    "moments_of_inertia": [
        24157427.648628246,
        14432076.080777835,
        11028421.022263646
    ]
}