{
    "time_duration": 4651.135865,
    "total_photons": 38,
    "q1q3_com_distance": 66.23055030724075,
    "moments_of_inertia": [
        94974.69693384576,
        527148.111386188,
        454134.6385062812
    ]
}