{
    "time_duration": 7112.193115,
    "total_photons": 411,
    "q1q3_com_distance": 79.45768912277416,
    "moments_of_inertia": [
        2758700.353555522,
        5633456.765733299,
        5253076.035902424
    ]
}