{
    "time_duration": 5400.526368,
    "total_photons": 327,
    "q1q3_com_distance": 53.91502743152088,
    "moments_of_inertia": [
        1397706.9734764304,
        740402.1976759842,
        887682.3271338242
    ]
}