{
    "time_duration": 8173.883086999999,
    "total_photons": 42100,
    "q1q3_com_distance": 58.070060133398144,
    "moments_of_inertia": [
        142307366.670881,
        221687210.2341907,
        193310641.91076997
    ]
}