{
    "time_duration": 7702.3950190000005,
    "total_photons": 4400,
    "q1q3_com_distance": 46.46780971717706,
    "moments_of_inertia": [
        24468656.80675637,
        51932999.75835992,
        42136075.89075177
    ]
}