{
    "time_duration": 2610.804932,
    "total_photons": 21,
    "q1q3_com_distance": 103.72584814093145,
    "moments_of_inertia": [
        100886.96602565012,
        200023.85852002673,
        271463.5186733707
    ]
}