{
    "time_duration": 4374.615814,
    "total_photons": 35333,
    "q1q3_com_distance": 58.7894967515437,
    "moments_of_inertia": [
        145224780.02758533,
        167316345.11666444,
        105574726.9234088
    ]
}