{
    "time_duration": 7455.993469,
    "total_photons": 2098,
    "q1q3_com_distance": 89.11303464234251,
    "moments_of_inertia": [
        10211772.878702702,
        12730578.28200176,
        14311787.285807384
    ]
}