{
    "time_duration": 7297.714936,
    "total_photons": 16631,
    "q1q3_com_distance": 71.1199361605419,
    "moments_of_inertia": [
        62374522.02464761,
        116472257.00951307,
        110280647.52594393
    ]
}