{
    "time_duration": 4732.346541999999,
    "total_photons": 107202,
    "q1q3_com_distance": 28.79343389968467,
    "moments_of_inertia": [
        184346432.7390202,
        174870687.7397863,
        145429523.46312195
    ]
}