{
    "time_duration": 7051.912339,
    "total_photons": 112403,
    "q1q3_com_distance": 47.19037080271273,
    "moments_of_inertia": [
        427402341.70844555,
        483278963.10136455,
        544331018.3327175
    ]
}