{
    "time_duration": 9504.586135,
    "total_photons": 72530,
    "q1q3_com_distance": 72.71824707745115,
    "moments_of_inertia": [
        980537833.7137337,
        592487747.3162069,
        659167467.7279583
    ]
}