{
    "time_duration": 2698.78711,
    "total_photons": 8,
    "q1q3_com_distance": 206.28780156616145,
    "moments_of_inertia": [
        22552.75013314039,
        68039.95524988926,
        64511.622341970266
    ]
}