{
    "time_duration": 2025.387085,
    "total_photons": 29,
    "q1q3_com_distance": 45.58510461354184,
    "moments_of_inertia": [
        51185.88319510064,
        301325.86993993126,
        289690.64654772653
    ]
}