{
    "time_duration": 4172.3282469999995,
    "total_photons": 1435,
    "q1q3_com_distance": 15.791488965670794,
    "moments_of_inertia": [
        3326445.6210190663,
        8679024.427153904,
        6382350.977850164
    ]
}