{
    "time_duration": 6008.552246,
    "total_photons": 1145,
    "q1q3_com_distance": 96.33530440598207,
    "moments_of_inertia": [
        16441035.158525903,
        10129726.000180969,
        9195346.207157912
    ]
}