{
    "time_duration": 9477.887207,
    "total_photons": 40123,
    "q1q3_com_distance": 30.047349057002933,
    "moments_of_inertia": [
        359883377.69674444,
        288921032.4855894,
        276636405.38178104
    ]
}