{
    "time_duration": 2977.971985,
    "total_photons": 321,
    "q1q3_com_distance": 37.791392947700785,
    "moments_of_inertia": [
        1770834.2110811826,
        1322192.0499613595,
        878337.216245933
    ]
}