{
    "time_duration": 6370.734146000001,
    "total_photons": 24548,
    "q1q3_com_distance": 62.25799412187913,
    "moments_of_inertia": [
        95880630.40721595,
        78848386.96145387,
        65092626.446637675
    ]
}