{
    "time_duration": 3377.5056149999996,
    "total_photons": 103,
    "q1q3_com_distance": 41.11901381766451,
    "moments_of_inertia": [
        647591.5702575351,
        782157.7680404487,
        362053.34576803725
    ]
}