{
    "time_duration": 2170.753418,
    "total_photons": 7,
    "q1q3_com_distance": 105.38722693002204,
    "moments_of_inertia": [
        34612.884914860246,
        105934.88570049332,
        129267.80789893221
    ]
}