{
    "time_duration": 4648.814788,
    "total_photons": 39827,
    "q1q3_com_distance": 28.530386297829295,
    "moments_of_inertia": [
        122701765.4577848,
        250258049.6826601,
        204707328.05808958
    ]
}