{
    "time_duration": 5784.810729999999,
    "total_photons": 2285,
    "q1q3_com_distance": 75.6686224950431,
    "moments_of_inertia": [
        9549748.668416575,
        20119589.609855976,
        22141516.40072509
    ]
}