{
    "time_duration": 4492.741211,
    "total_photons": 428,
    "q1q3_com_distance": 89.71598063996505,
    "moments_of_inertia": [
        2089087.0721502244,
        3788772.4698525765,
        3467288.1836210308
    ]
}