{
    "time_duration": 3104.473632,
    "total_photons": 6,
    "q1q3_com_distance": 171.33657125669345,
    "moments_of_inertia": [
        23218.885151228744,
        62757.46418529501,
        44420.56403014288
    ]
}