{
    "time_duration": 1594.5277099999998,
    "total_photons": 13,
    "q1q3_com_distance": 67.94228930782995,
    "moments_of_inertia": [
        105208.0839810427,
        46378.136417714166,
        78277.71966278166
    ]
}