{
    "time_duration": 4497.508178,
    "total_photons": 6425,
    "q1q3_com_distance": 9.61390501435378,
    "moments_of_inertia": [
        30829909.915816437,
        39994813.61614277,
        38812072.869827285
    ]
}