{
    "time_duration": 3571.5008550000002,
    "total_photons": 609,
    "q1q3_com_distance": 52.02615810345033,
    "moments_of_inertia": [
        1252418.8715917966,
        1935885.6458036865,
        2577881.1446150276
    ]
}