{
    "time_duration": 3824.5184019999997,
    "total_photons": 510,
    "q1q3_com_distance": 59.487363476703614,
    "moments_of_inertia": [
        784204.9598650646,
        1216061.2922909986,
        1638693.9163023708
    ]
}