{
    "time_duration": 3854.952331,
    "total_photons": 11365,
    "q1q3_com_distance": 51.61598607445955,
    "moments_of_inertia": [
        41521806.26765518,
        58703801.67116853,
        70084362.65363613
    ]
}