{
    "time_duration": 7048.772064,
    "total_photons": 36368,
    "q1q3_com_distance": 45.01005593381451,
    "moments_of_inertia": [
        173491797.3951625,
        208537769.89082116,
        224189622.87791294
    ]
}