{
    "time_duration": 4735.469902,
    "total_photons": 44739,
    "q1q3_com_distance": 20.031312341241307,
    "moments_of_inertia": [
        38704212.363694996,
        48446133.31941888,
        44598145.281683415
    ]
}