{
    "time_duration": 1393.518555,
    "total_photons": 8,
    "q1q3_com_distance": 62.47882461282381,
    "moments_of_inertia": [
        4245.014350450314,
        24481.57059954968,
        28726.584949999982
    ]
}