{
    "time_duration": 7155.365081,
    "total_photons": 69194,
    "q1q3_com_distance": 52.2120174137382,
    "moments_of_inertia": [
        560022776.0330732,
        576872937.1428858,
        692550198.0707512
    ]
}