{
    "time_duration": 5341.733215,
    "total_photons": 1379,
    "q1q3_com_distance": 93.89902848375806,
    "moments_of_inertia": [
        13081564.509341884,
        8287171.183781442,
        6987258.203090169
    ]
}