{
    "time_duration": 3615.63324,
    "total_photons": 585,
    "q1q3_com_distance": 34.4725453681364,
    "moments_of_inertia": [
        3797121.0030970257,
        1956129.1418437485,
        2396050.5569135854
    ]
}