{
    "time_duration": 3789.8951410000004,
    "total_photons": 188,
    "q1q3_com_distance": 65.52701034527274,
    "moments_of_inertia": [
        859134.2620441006,
        2849882.572639425,
        2638282.823615411
    ]
}