{
    "time_duration": 2850.3516849999996,
    "total_photons": 49,
    "q1q3_com_distance": 69.44254592233544,
    "moments_of_inertia": [
        485262.191367941,
        303131.46670018515,
        287700.10818493576
    ]
}