{
    "time_duration": 5855.739624000001,
    "total_photons": 3805,
    "q1q3_com_distance": 81.46337428204528,
    "moments_of_inertia": [
        22012238.27555702,
        36227326.29678225,
        46175598.79791663
    ]
}