{
    "time_duration": 6630.222595,
    "total_photons": 25329,
    "q1q3_com_distance": 11.783748403404692,
    "moments_of_inertia": [
        181907965.9982746,
        249306844.3785416,
        203787214.6116197
    ]
}