{
    "time_duration": 2054.732666,
    "total_photons": 7,
    "q1q3_com_distance": 38.70884685701718,
    "moments_of_inertia": [
        4927.163739030882,
        59637.3329034115,
        54718.11061470046
    ]
}