{
    "time_duration": 3171.5592659999998,
    "total_photons": 1060,
    "q1q3_com_distance": 29.377694701678834,
    "moments_of_inertia": [
        499775.70292189386,
        586447.6046524238,
        199524.35913021216
    ]
}