{
    "time_duration": 3244.523438,
    "total_photons": 177,
    "q1q3_com_distance": 34.15092107891823,
    "moments_of_inertia": [
        481180.94343222387,
        1471672.4934338897,
        1103747.5750050726
    ]
}