{
    "time_duration": 6278.966614,
    "total_photons": 4000,
    "q1q3_com_distance": 67.38931427949898,
    "moments_of_inertia": [
        48903748.40966896,
        29221148.121020496,
        30907385.088441387
    ]
}