{
    "time_duration": 4668.263275,
    "total_photons": 15899,
    "q1q3_com_distance": 29.65764873642809,
    "moments_of_inertia": [
        68411429.19442897,
        86701728.31649917,
        111053900.63155359
    ]
}