{
    "time_duration": 4870.057769,
    "total_photons": 3063,
    "q1q3_com_distance": 17.47991699028961,
    "moments_of_inertia": [
        9927389.116563782,
        25192316.07708781,
        18286808.3733272
    ]
}