{
    "time_duration": 5146.681823,
    "total_photons": 1899,
    "q1q3_com_distance": 67.1710381737499,
    "moments_of_inertia": [
        15223532.324943768,
        28646864.10049516,
        20784811.61480983
    ]
}