{
    "time_duration": 4447.3091970000005,
    "total_photons": 50420,
    "q1q3_com_distance": 17.949158325160546,
    "moments_of_inertia": [
        64999290.150542215,
        53902908.935756385,
        39107044.80086261
    ]
}