{
    "time_duration": 6349.199409999999,
    "total_photons": 22608,
    "q1q3_com_distance": 33.44653986368174,
    "moments_of_inertia": [
        128663856.2493028,
        137549823.45097026,
        165214951.1367876
    ]
}