{
    "time_duration": 3657.97528,
    "total_photons": 227,
    "q1q3_com_distance": 68.56731683948063,
    "moments_of_inertia": [
        789567.6839514279,
        1439327.9690978178,
        1178815.942596572
    ]
}