{
    "time_duration": 4684.555176,
    "total_photons": 23183,
    "q1q3_com_distance": 41.487262477324684,
    "moments_of_inertia": [
        99774606.66880828,
        117437774.25392254,
        154799883.6925892
    ]
}