{
    "time_duration": 6146.849945,
    "total_photons": 34723,
    "q1q3_com_distance": 48.751425995004524,
    "moments_of_inertia": [
        139681121.34511453,
        195720741.9378505,
        210799090.36023796
    ]
}