{
    "time_duration": 3906.625183,
    "total_photons": 45580,
    "q1q3_com_distance": 42.0631957235232,
    "moments_of_inertia": [
        73340387.38238862,
        92270805.35160907,
        106836858.94007248
    ]
}