{
    "time_duration": 7155.464142000001,
    "total_photons": 14043,
    "q1q3_com_distance": 73.72646233544555,
    "moments_of_inertia": [
        64140817.30993408,
        135826102.40068814,
        129484599.16462207
    ]
}