{
    "time_duration": 6417.522216,
    "total_photons": 27576,
    "q1q3_com_distance": 69.46529725319209,
    "moments_of_inertia": [
        179248806.60870188,
        201736622.95741242,
        283698991.4695819
    ]
}