{
    "time_duration": 5254.952117999999,
    "total_photons": 6371,
    "q1q3_com_distance": 37.600284714876096,
    "moments_of_inertia": [
        20252945.28567607,
        36181490.74600125,
        30264304.205076247
    ]
}