{
    "time_duration": 6775.870849,
    "total_photons": 8967,
    "q1q3_com_distance": 86.94084613386362,
    "moments_of_inertia": [
        70455693.76812878,
        74089593.4462585,
        112746708.93535087
    ]
}