{
    "time_duration": 5169.621338,
    "total_photons": 153,
    "q1q3_com_distance": 86.88736793333986,
    "moments_of_inertia": [
        521836.43553987844,
        1519647.8957699914,
        1246143.5790378412
    ]
}