{
    "time_duration": 7172.309174,
    "total_photons": 17416,
    "q1q3_com_distance": 33.12597359965976,
    "moments_of_inertia": [
        100864229.69178197,
        117625878.10717176,
        123372359.49846634
    ]
}