{
    "time_duration": 4040.4146119999996,
    "total_photons": 164,
    "q1q3_com_distance": 72.97241405264764,
    "moments_of_inertia": [
        728244.9552383488,
        2325746.221790443,
        2304133.646129742
    ]
}