{
    "time_duration": 7319.513061,
    "total_photons": 2367,
    "q1q3_com_distance": 58.560406922268946,
    "moments_of_inertia": [
        19753090.130532824,
        40802495.08049236,
        31455231.411614757
    ]
}