{
    "time_duration": 5148.1587979999995,
    "total_photons": 28685,
    "q1q3_com_distance": 42.313078370685915,
    "moments_of_inertia": [
        77954332.82599866,
        98284229.2177685,
        103618776.43773061
    ]
}