{
    "time_duration": 3024.0314940000003,
    "total_photons": 61,
    "q1q3_com_distance": 99.4781429047759,
    "moments_of_inertia": [
        746416.5277734974,
        563649.6418730494,
        410379.1373436183
    ]
}