{
    "time_duration": 5851.504669,
    "total_photons": 4289,
    "q1q3_com_distance": 56.211762762044124,
    "moments_of_inertia": [
        39153000.51503085,
        41539778.00443629,
        64143524.33131141
    ]
}