{
    "time_duration": 3619.942016,
    "total_photons": 37,
    "q1q3_com_distance": 137.99770564441795,
    "moments_of_inertia": [
        225040.10342700628,
        530454.7406364823,
        370987.03957975504
    ]
}