{
    "time_duration": 5790.206909,
    "total_photons": 847,
    "q1q3_com_distance": 69.03731298833758,
    "moments_of_inertia": [
        3640561.1206750227,
        10333440.503534527,
        10526798.918019023
    ]
}