{
    "time_duration": 4198.225098,
    "total_photons": 436,
    "q1q3_com_distance": 86.28986799908677,
    "moments_of_inertia": [
        5799111.236102034,
        2484729.0187308714,
        3708954.1328996657
    ]
}