{
    "time_duration": 4366.155334,
    "total_photons": 676,
    "q1q3_com_distance": 74.89247276465152,
    "moments_of_inertia": [
        5641458.922227221,
        2524173.370398397,
        3752036.5828714264
    ]
}