{
    "time_duration": 5605.459137,
    "total_photons": 45302,
    "q1q3_com_distance": 44.3504818143153,
    "moments_of_inertia": [
        188185987.7023543,
        238689191.42636397,
        264274339.56977817
    ]
}