{
    "time_duration": 1966.9238280000002,
    "total_photons": 11,
    "q1q3_com_distance": 46.09421462854329,
    "moments_of_inertia": [
        35787.13911321925,
        162146.91578835243,
        126360.01902570103
    ]
}