{
    "time_duration": 2069.147324,
    "total_photons": 4338,
    "q1q3_com_distance": 15.358981759991375,
    "moments_of_inertia": [
        2590202.0673462776,
        2451402.856367997,
        421055.6178274877
    ]
}