{
    "time_duration": 3531.70752,
    "total_photons": 1503,
    "q1q3_com_distance": 20.435176195080224,
    "moments_of_inertia": [
        3467690.3085243627,
        9198074.011559224,
        7035393.24452772
    ]
}