{
    "time_duration": 1667.0851440000001,
    "total_photons": 12,
    "q1q3_com_distance": 43.628231558119424,
    "moments_of_inertia": [
        24067.61817693711,
        29081.08015637909,
        41844.02216668374
    ]
}