{
    "time_duration": 6173.6339720000005,
    "total_photons": 25064,
    "q1q3_com_distance": 55.32305589880857,
    "moments_of_inertia": [
        141124518.12178946,
        165896215.4566161,
        155379358.46703732
    ]
}