{
    "time_duration": 4714.085571,
    "total_photons": 220,
    "q1q3_com_distance": 52.54143753943894,
    "moments_of_inertia": [
        1965329.7474298603,
        4939993.671476173,
        4036138.646842155
    ]
}