{
    "time_duration": 8503.947113,
    "total_photons": 74079,
    "q1q3_com_distance": 55.36548434704495,
    "moments_of_inertia": [
        601359469.3064333,
        844563860.3799729,
        892338128.1742088
    ]
}