{
    "time_duration": 2571.944825,
    "total_photons": 6569,
    "q1q3_com_distance": 54.41914830176236,
    "moments_of_inertia": [
        17994012.901661906,
        21805858.693453096,
        29992318.886176962
    ]
}