{
    "time_duration": 3051.4819340000004,
    "total_photons": 155,
    "q1q3_com_distance": 54.882742894165574,
    "moments_of_inertia": [
        507581.4762715865,
        1623221.1280764658,
        1391544.6220003348
    ]
}