{
    "time_duration": 5743.640838,
    "total_photons": 3176,
    "q1q3_com_distance": 69.27292017118599,
    "moments_of_inertia": [
        9142957.74756259,
        19793068.84943453,
        15456797.849441681
    ]
}