{
    "time_duration": 3627.183838,
    "total_photons": 33,
    "q1q3_com_distance": 124.25172594025379,
    "moments_of_inertia": [
        327723.71121159534,
        673594.8461284989,
        899787.0518599063
    ]
}