{
    "time_duration": 7755.474120999999,
    "total_photons": 11636,
    "q1q3_com_distance": 54.44534813703954,
    "moments_of_inertia": [
        75379070.17729017,
        131636382.76116265,
        97062804.10861297
    ]
}