{
    "time_duration": 3791.5071719999996,
    "total_photons": 6230,
    "q1q3_com_distance": 12.808734999722654,
    "moments_of_inertia": [
        49705056.91930447,
        25490844.551641937,
        28011491.09312329
    ]
}