{
    "time_duration": 4199.548156,
    "total_photons": 708,
    "q1q3_com_distance": 88.74931858122785,
    "moments_of_inertia": [
        3874779.778393469,
        9449094.211786091,
        6316891.521076377
    ]
}