{
    "time_duration": 2430.1812740000005,
    "total_photons": 72,
    "q1q3_com_distance": 88.86436727909359,
    "moments_of_inertia": [
        398299.67071941996,
        636943.4387701275,
        839445.0395243414
    ]
}