{
    "time_duration": 6266.13768,
    "total_photons": 41441,
    "q1q3_com_distance": 54.9116276973374,
    "moments_of_inertia": [
        198044231.4896892,
        179039807.05484876,
        247620931.8708135
    ]
}