{
    "time_duration": 2598.3524780000002,
    "total_photons": 3996,
    "q1q3_com_distance": 25.17489677618107,
    "moments_of_inertia": [
        11397580.831783414,
        16229042.465889739,
        22145613.659583066
    ]
}