{
    "time_duration": 2905.103333,
    "total_photons": 399,
    "q1q3_com_distance": 104.99354869176466,
    "moments_of_inertia": [
        1460867.796358448,
        2613906.4311393513,
        2423894.303647066
    ]
}