{
    "time_duration": 2034.0424799999998,
    "total_photons": 71,
    "q1q3_com_distance": 20.802476526357026,
    "moments_of_inertia": [
        79604.1873015044,
        291407.47699628316,
        212374.99162333956
    ]
}