{
    "time_duration": 7076.4919279999995,
    "total_photons": 32896,
    "q1q3_com_distance": 50.06232876888783,
    "moments_of_inertia": [
        211904070.54842117,
        322807106.06436837,
        347454947.32096565
    ]
}