{
    "time_duration": 3497.634338,
    "total_photons": 8905,
    "q1q3_com_distance": 55.616967508024636,
    "moments_of_inertia": [
        19619590.94949652,
        33215566.45344731,
        40215258.92490116
    ]
}