{
    "time_duration": 3867.8624569999997,
    "total_photons": 11295,
    "q1q3_com_distance": 46.86802264793732,
    "moments_of_inertia": [
        58896424.463903524,
        31304717.6323729,
        44747108.40698577
    ]
}