{
    "time_duration": 3902.3034049999997,
    "total_photons": 549,
    "q1q3_com_distance": 91.31647325057195,
    "moments_of_inertia": [
        2382324.013768662,
        3227723.5896695564,
        3890073.2068160605
    ]
}