{
    "time_duration": 6155.209075000001,
    "total_photons": 22907,
    "q1q3_com_distance": 61.03532886613793,
    "moments_of_inertia": [
        176411739.57826078,
        202214467.6779584,
        217624702.23232594
    ]
}