{
    "time_duration": 6750.513664,
    "total_photons": 21072,
    "q1q3_com_distance": 66.66252567321158,
    "moments_of_inertia": [
        95500512.0838174,
        110421662.2170314,
        145255340.36553633
    ]
}