{
    "time_duration": 4355.689392,
    "total_photons": 1724,
    "q1q3_com_distance": 65.91795826165269,
    "moments_of_inertia": [
        4056793.6850738414,
        9460176.600306189,
        7265385.295430544
    ]
}