{
    "time_duration": 4686.483047,
    "total_photons": 56601,
    "q1q3_com_distance": 62.97511739755727,
    "moments_of_inertia": [
        176177931.996409,
        279166691.1904716,
        290641429.73984754
    ]
}