{
    "time_duration": 4267.9766850000005,
    "total_photons": 190,
    "q1q3_com_distance": 45.10574822766052,
    "moments_of_inertia": [
        1729014.695442502,
        4362831.70497389,
        3547579.2771046604
    ]
}