{
    "time_duration": 1687.0938720000001,
    "total_photons": 7,
    "q1q3_com_distance": 8.510000000000218,
    "moments_of_inertia": [
        4926.076800490795,
        19706.817314285723,
        14780.74051379494
    ]
}