{
    "time_duration": 5000.986298000001,
    "total_photons": 3664,
    "q1q3_com_distance": 88.68864748332052,
    "moments_of_inertia": [
        14617185.32495476,
        28892420.139989074,
        25952021.177918732
    ]
}