{
    "time_duration": 6316.689576,
    "total_photons": 11120,
    "q1q3_com_distance": 55.788859651738015,
    "moments_of_inertia": [
        84980318.64700583,
        91847048.49324349,
        101739555.78874595
    ]
}