{
    "time_duration": 3999.3608400000003,
    "total_photons": 174,
    "q1q3_com_distance": 80.867665341783,
    "moments_of_inertia": [
        1003387.6601075081,
        2050325.1714505078,
        1597577.1212316395
    ]
}