{
    "time_duration": 4948.983139,
    "total_photons": 12179,
    "q1q3_com_distance": 48.07660483503163,
    "moments_of_inertia": [
        55318287.29362829,
        66885149.80728069,
        63842073.41458524
    ]
}