{
    "time_duration": 715.5161749999999,
    "total_photons": 8,
    "q1q3_com_distance": 25.5300000000002,
    "moments_of_inertia": [
        1695.8103652467216,
        23932.46813475328,
        25628.27850000001
    ]
}