{
    "time_duration": 6939.51149,
    "total_photons": 45071,
    "q1q3_com_distance": 79.59213489104704,
    "moments_of_inertia": [
        259329187.16405985,
        386311994.6536849,
        443407916.70278096
    ]
}