{
    "time_duration": 2895.281494,
    "total_photons": 45,
    "q1q3_com_distance": 58.06463033719307,
    "moments_of_inertia": [
        127160.42331548693,
        507473.2221509016,
        380912.8434313893
    ]
}