{
    "time_duration": 8250.723938000001,
    "total_photons": 560667,
    "q1q3_com_distance": 50.0816167159674,
    "moments_of_inertia": [
        2721299261.1218677,
        3035029396.2363696,
        2894417879.068202
    ]
}