{
    "time_duration": 2970.7434080000003,
    "total_photons": 1244,
    "q1q3_com_distance": 42.43261696368066,
    "moments_of_inertia": [
        9247756.048279058,
        5333435.101994699,
        4295077.324678018
    ]
}