{
    "time_duration": 5681.0792839999995,
    "total_photons": 265,
    "q1q3_com_distance": 71.46252263738128,
    "moments_of_inertia": [
        2691226.911364981,
        3948185.5973919276,
        5439785.0009381855
    ]
}