{
    "time_duration": 5300.3399660000005,
    "total_photons": 324,
    "q1q3_com_distance": 57.62107779677841,
    "moments_of_inertia": [
        5414924.070480371,
        2389214.4399073045,
        3842106.3572462765
    ]
}