{
    "time_duration": 7877.023468,
    "total_photons": 21125,
    "q1q3_com_distance": 63.223999917634316,
    "moments_of_inertia": [
        114514961.2181931,
        167051649.40677822,
        171083541.26790065
    ]
}