{
    "time_duration": 4643.866326,
    "total_photons": 121338,
    "q1q3_com_distance": 22.362854357882885,
    "moments_of_inertia": [
        144875986.1203091,
        110860611.24585815,
        99661225.15121767
    ]
}