{
    "time_duration": 4431.050628999999,
    "total_photons": 19981,
    "q1q3_com_distance": 16.114536962796805,
    "moments_of_inertia": [
        92378911.56332901,
        102585505.10892981,
        141267893.7082396
    ]
}