{
    "time_duration": 6858.818816999999,
    "total_photons": 8863,
    "q1q3_com_distance": 63.212698695244974,
    "moments_of_inertia": [
        73952946.4179509,
        86600300.86869144,
        126089773.41918753
    ]
}