{
    "time_duration": 5712.248352,
    "total_photons": 4220,
    "q1q3_com_distance": 89.18082245352703,
    "moments_of_inertia": [
        17494467.093546305,
        23918400.766719673,
        27989496.8646427
    ]
}