{
    "time_duration": 3988.9625399999995,
    "total_photons": 9184,
    "q1q3_com_distance": 62.028093978282506,
    "moments_of_inertia": [
        35741766.90346787,
        40136333.33544112,
        46433582.77624414
    ]
}