{
    "time_duration": 3646.1891480000004,
    "total_photons": 418,
    "q1q3_com_distance": 22.589016601245394,
    "moments_of_inertia": [
        3513684.4445261033,
        1546346.7557856566,
        2399534.971764794
    ]
}