{
    "time_duration": 3457.28479,
    "total_photons": 42,
    "q1q3_com_distance": 77.29520091375349,
    "moments_of_inertia": [
        332619.7628344594,
        584397.5689501293,
        830742.7475535062
    ]
}