{
    "time_duration": 4504.202896,
    "total_photons": 34009,
    "q1q3_com_distance": 54.61641613783109,
    "moments_of_inertia": [
        177198406.77601042,
        124959197.05416688,
        142783179.33724558
    ]
}