{
    "time_duration": 4247.706818000001,
    "total_photons": 35353,
    "q1q3_com_distance": 31.063781871186322,
    "moments_of_inertia": [
        130394354.86046629,
        174875954.4155109,
        211498944.25252694
    ]
}