{
    "time_duration": 3230.9905400000002,
    "total_photons": 273,
    "q1q3_com_distance": 47.40623021469035,
    "moments_of_inertia": [
        2188066.89182831,
        1026728.2271417481,
        1667657.141104665
    ]
}