{
    "time_duration": 6034.693352,
    "total_photons": 7264,
    "q1q3_com_distance": 88.6555653443777,
    "moments_of_inertia": [
        39526797.12142191,
        64214101.10509721,
        81589786.81456518
    ]
}