{
    "time_duration": 6887.280945,
    "total_photons": 34686,
    "q1q3_com_distance": 71.59224832388375,
    "moments_of_inertia": [
        206428936.94640863,
        321065438.0776817,
        409460270.0140069
    ]
}