{
    "time_duration": 8140.9777220000005,
    "total_photons": 74841,
    "q1q3_com_distance": 70.2053476607925,
    "moments_of_inertia": [
        359564646.3534124,
        534256654.7124313,
        643623832.8662204
    ]
}