{
    "time_duration": 5431.315917999999,
    "total_photons": 15032,
    "q1q3_com_distance": 59.38412158984109,
    "moments_of_inertia": [
        71236475.83796832,
        88669725.49597204,
        110084400.30952851
    ]
}