{
    "time_duration": 3431.213959,
    "total_photons": 4512,
    "q1q3_com_distance": 70.63287609803109,
    "moments_of_inertia": [
        15213809.53208835,
        22126095.780644033,
        23739358.018468436
    ]
}