{
    "time_duration": 7128.819657,
    "total_photons": 17429,
    "q1q3_com_distance": 72.82618496432154,
    "moments_of_inertia": [
        106364390.15681824,
        139452394.94355416,
        172559358.96482486
    ]
}