{
    "time_duration": 6396.991302,
    "total_photons": 22092,
    "q1q3_com_distance": 60.5798792615012,
    "moments_of_inertia": [
        85234174.32696074,
        132429679.73125088,
        149594561.6331799
    ]
}