{
    "time_duration": 7570.492416,
    "total_photons": 57163,
    "q1q3_com_distance": 70.5723327756805,
    "moments_of_inertia": [
        204148341.9890173,
        294015613.525659,
        248729467.6566052
    ]
}