{
    "time_duration": 8720.173081,
    "total_photons": 140361,
    "q1q3_com_distance": 57.00175790253788,
    "moments_of_inertia": [
        774775365.0417435,
        1188744036.8848863,
        1322000184.5255017
    ]
}