{
    "time_duration": 4151.319824,
    "total_photons": 373,
    "q1q3_com_distance": 25.699515345583094,
    "moments_of_inertia": [
        3339842.5726049673,
        1643033.0187390188,
        1876482.6494721028
    ]
}