{
    "time_duration": 9313.849487000001,
    "total_photons": 60083,
    "q1q3_com_distance": 63.698445784371046,
    "moments_of_inertia": [
        464212629.8387807,
        524885768.66381365,
        582845752.6410195
    ]
}