{
    "time_duration": 7095.113526,
    "total_photons": 21790,
    "q1q3_com_distance": 68.65370328719501,
    "moments_of_inertia": [
        175462426.47250915,
        257529454.97638053,
        350626112.1228005
    ]
}