{
    "time_duration": 3678.0314940000003,
    "total_photons": 125,
    "q1q3_com_distance": 44.99061760095472,
    "moments_of_inertia": [
        380331.6838758794,
        1163672.304158992,
        879609.0582883292
    ]
}