{
    "time_duration": 2141.722534,
    "total_photons": 52,
    "q1q3_com_distance": 17.519748265598484,
    "moments_of_inertia": [
        42026.21662751614,
        321780.17150648317,
        298339.74635446223
    ]
}