{
    "time_duration": 4066.9416199999996,
    "total_photons": 24021,
    "q1q3_com_distance": 57.383982166754436,
    "moments_of_inertia": [
        115486917.73505028,
        146675348.26960954,
        157687760.42461997
    ]
}