{
    "time_duration": 4427.903435,
    "total_photons": 32177,
    "q1q3_com_distance": 25.04706035416513,
    "moments_of_inertia": [
        46280275.22611869,
        43998108.88436635,
        34199655.82336086
    ]
}