{
    "time_duration": 3547.23236,
    "total_photons": 13724,
    "q1q3_com_distance": 12.0278493257151,
    "moments_of_inertia": [
        27501989.02203499,
        17931107.386106066,
        18168453.65842858
    ]
}