{
    "time_duration": 5891.509002,
    "total_photons": 3711,
    "q1q3_com_distance": 52.23797660027904,
    "moments_of_inertia": [
        28101324.88490578,
        16713681.988415997,
        19875176.96863054
    ]
}