{
    "time_duration": 4227.845139,
    "total_photons": 20061,
    "q1q3_com_distance": 38.66236933636999,
    "moments_of_inertia": [
        29132560.53820975,
        22694477.650409695,
        10242301.667156601
    ]
}