{
    "time_duration": 8667.329895,
    "total_photons": 951,
    "q1q3_com_distance": 66.0832735607981,
    "moments_of_inertia": [
        4757502.924324622,
        15761821.999628013,
        15403888.824392267
    ]
}