{
    "time_duration": 6866.073197,
    "total_photons": 131948,
    "q1q3_com_distance": 26.450946047437775,
    "moments_of_inertia": [
        257143491.8791474,
        190626365.94500506,
        179439643.61737105
    ]
}