{
    "time_duration": 4730.490479,
    "total_photons": 192,
    "q1q3_com_distance": 78.15321230074474,
    "moments_of_inertia": [
        964439.5295896763,
        3312326.6558735627,
        3101139.3316367627
    ]
}