{
    "time_duration": 5287.394867,
    "total_photons": 68267,
    "q1q3_com_distance": 43.3995484782972,
    "moments_of_inertia": [
        228795000.94459704,
        276529110.3227353,
        295465710.32832026
    ]
}