{
    "time_duration": 1214.639038,
    "total_photons": 4,
    "q1q3_com_distance": 34.039999999999964,
    "moments_of_inertia": [
        696.9904284123113,
        32075.54739784739,
        31378.557273740305
    ]
}