{
    "time_duration": 2851.0218510000004,
    "total_photons": 46,
    "q1q3_com_distance": 83.59227968488861,
    "moments_of_inertia": [
        508432.32387192256,
        211469.75484611414,
        362260.0970732677
    ]
}