{
    "time_duration": 6700.972350999999,
    "total_photons": 7553,
    "q1q3_com_distance": 50.799494903353775,
    "moments_of_inertia": [
        39298456.37403761,
        82840148.22499406,
        69787116.10959041
    ]
}