{
    "time_duration": 6619.7084350000005,
    "total_photons": 30944,
    "q1q3_com_distance": 50.3900150804007,
    "moments_of_inertia": [
        222690037.0727605,
        229445120.3566946,
        282452518.7742197
    ]
}