{
    "time_duration": 4175.4230959999995,
    "total_photons": 124,
    "q1q3_com_distance": 44.76970586532157,
    "moments_of_inertia": [
        330169.1980258125,
        1126982.8622337605,
        885310.5506613945
    ]
}