{
    "time_duration": 3593.4311529999995,
    "total_photons": 74,
    "q1q3_com_distance": 76.49046975923804,
    "moments_of_inertia": [
        447837.775993504,
        1260437.493456165,
        998956.294069248
    ]
}