{
    "time_duration": 2669.434448,
    "total_photons": 173,
    "q1q3_com_distance": 27.569802058890016,
    "moments_of_inertia": [
        499015.0787054361,
        1414566.3795954452,
        1117645.538265592
    ]
}