{
    "time_duration": 3847.897796,
    "total_photons": 401,
    "q1q3_com_distance": 62.0893739804865,
    "moments_of_inertia": [
        1708132.6244317947,
        732751.486780007,
        1189235.8117976699
    ]
}