{
    "time_duration": 3170.530884,
    "total_photons": 264,
    "q1q3_com_distance": 59.408123057699356,
    "moments_of_inertia": [
        385553.8261586494,
        1009343.855935513,
        931754.1387293225
    ]
}