{
    "time_duration": 4708.586364000001,
    "total_photons": 15555,
    "q1q3_com_distance": 46.38304494115237,
    "moments_of_inertia": [
        74610081.11794955,
        65785452.05837507,
        69034748.12813275
    ]
}