{
    "time_duration": 5144.5702519999995,
    "total_photons": 2247,
    "q1q3_com_distance": 44.918190451956264,
    "moments_of_inertia": [
        37047483.28649538,
        16736168.940513758,
        27513944.40119305
    ]
}