{
    "time_duration": 2096.429688,
    "total_photons": 32,
    "q1q3_com_distance": 83.82073305945872,
    "moments_of_inertia": [
        180072.13199630438,
        149588.66146612004,
        86279.35292507535
    ]
}