{
    "time_duration": 1795.6685790000001,
    "total_photons": 11,
    "q1q3_com_distance": 57.51935307162068,
    "moments_of_inertia": [
        20873.702392270076,
        95215.34426084903,
        100678.24374688088
    ]
}