{
    "time_duration": 3302.2481080000002,
    "total_photons": 2489,
    "q1q3_com_distance": 35.46478454968925,
    "moments_of_inertia": [
        6126153.179133583,
        19932599.821737893,
        16084688.518705383
    ]
}