{
    "time_duration": 4541.349655,
    "total_photons": 31938,
    "q1q3_com_distance": 45.58014810400871,
    "moments_of_inertia": [
        121311225.5767802,
        77686784.66971432,
        70981642.42981789
    ]
}