{
    "time_duration": 3826.254349,
    "total_photons": 27125,
    "q1q3_com_distance": 39.86003223166708,
    "moments_of_inertia": [
        23834115.780345492,
        36009449.0216602,
        47402173.17321649
    ]
}