{
    "time_duration": 4611.124023,
    "total_photons": 6840,
    "q1q3_com_distance": 47.7233169356518,
    "moments_of_inertia": [
        19316019.275662325,
        28327210.38527981,
        29018667.141960327
    ]
}