{
    "time_duration": 6591.315064,
    "total_photons": 479,
    "q1q3_com_distance": 51.24839269857622,
    "moments_of_inertia": [
        2981011.880595223,
        7321172.481702851,
        6515708.292909451
    ]
}