{
    "time_duration": 7003.1862980000005,
    "total_photons": 227328,
    "q1q3_com_distance": 58.970897472198416,
    "moments_of_inertia": [
        858755691.8464414,
        734674085.9213066,
        668493438.0779551
    ]
}