{
    "time_duration": 2685.543945,
    "total_photons": 1334,
    "q1q3_com_distance": 31.896438392330303,
    "moments_of_inertia": [
        1115532.8947381927,
        1473670.7009452716,
        1786021.9511306284
    ]
}