{
    "time_duration": 4653.77713,
    "total_photons": 8271,
    "q1q3_com_distance": 15.147159785609098,
    "moments_of_inertia": [
        42881953.92529891,
        59008855.29016263,
        68271478.74739724
    ]
}