{
    "time_duration": 6813.70996,
    "total_photons": 66715,
    "q1q3_com_distance": 29.99818604614517,
    "moments_of_inertia": [
        463805096.5427354,
        517416397.5729438,
        674150480.8482312
    ]
}