{
    "time_duration": 5467.912735000001,
    "total_photons": 45756,
    "q1q3_com_distance": 47.962636149474065,
    "moments_of_inertia": [
        186085918.73323828,
        205789347.49411398,
        230824071.83468258
    ]
}