{
    "time_duration": 3986.725952,
    "total_photons": 6325,
    "q1q3_com_distance": 20.796699044343566,
    "moments_of_inertia": [
        36550013.60661051,
        23824569.193269014,
        18075309.47907466
    ]
}