{
    "time_duration": 6880.244614,
    "total_photons": 24343,
    "q1q3_com_distance": 54.21704626976907,
    "moments_of_inertia": [
        131217350.96166638,
        173498667.3827366,
        229006471.78684786
    ]
}