{
    "time_duration": 4467.711669,
    "total_photons": 558,
    "q1q3_com_distance": 67.32052741920488,
    "moments_of_inertia": [
        2366367.133197533,
        7021734.552202679,
        7447134.309663934
    ]
}