{
    "time_duration": 3037.073242,
    "total_photons": 175,
    "q1q3_com_distance": 26.71289282884056,
    "moments_of_inertia": [
        346391.77449361014,
        729771.0169115369,
        530053.4045674242
    ]
}