{
    "time_duration": 8213.600387999999,
    "total_photons": 160752,
    "q1q3_com_distance": 21.926246262419323,
    "moments_of_inertia": [
        1025899443.096798,
        1336242196.4760394,
        1565217317.159154
    ]
}