{
    "time_duration": 4552.765991,
    "total_photons": 38209,
    "q1q3_com_distance": 63.72194463771085,
    "moments_of_inertia": [
        132523704.45765415,
        179308717.62409195,
        209430533.77064112
    ]
}