{
    "time_duration": 2148.226807,
    "total_photons": 118,
    "q1q3_com_distance": 13.782546668401826,
    "moments_of_inertia": [
        86935.01266610599,
        560279.5554723308,
        495826.76791918994
    ]
}