{
    "time_duration": 6148.986145,
    "total_photons": 3089,
    "q1q3_com_distance": 44.209700102504286,
    "moments_of_inertia": [
        17188826.85110983,
        33686949.14959658,
        26816236.626005407
    ]
}