{
    "time_duration": 3380.33728,
    "total_photons": 19615,
    "q1q3_com_distance": 36.301147815745914,
    "moments_of_inertia": [
        26603012.78039089,
        35266580.52319931,
        32795463.695418924
    ]
}