{
    "time_duration": 2654.9870610000003,
    "total_photons": 124,
    "q1q3_com_distance": 58.71060088337915,
    "moments_of_inertia": [
        363701.02303984965,
        986782.9692715456,
        712618.9443498951
    ]
}