{
    "time_duration": 4953.029297,
    "total_photons": 36285,
    "q1q3_com_distance": 54.76052990495579,
    "moments_of_inertia": [
        51832197.57896148,
        78248967.03499557,
        73211738.56824632
    ]
}