{
    "time_duration": 4225.848679,
    "total_photons": 2396,
    "q1q3_com_distance": 79.41240801876599,
    "moments_of_inertia": [
        10379376.64506712,
        12427467.917799179,
        14085590.316796605
    ]
}