{
    "time_duration": 4110.303894000001,
    "total_photons": 129,
    "q1q3_com_distance": 96.02218824228336,
    "moments_of_inertia": [
        1323463.092080076,
        1605765.4315100943,
        2459661.9175726203
    ]
}