{
    "time_duration": 2886.9784849999996,
    "total_photons": 86,
    "q1q3_com_distance": 33.942056864214386,
    "moments_of_inertia": [
        161316.82078741543,
        523225.8542241959,
        384970.86862327316
    ]
}