{
    "time_duration": 7817.7932279999995,
    "total_photons": 51123,
    "q1q3_com_distance": 57.82804688704957,
    "moments_of_inertia": [
        378947953.5876308,
        567402240.3293481,
        757465261.2681866
    ]
}