{
    "time_duration": 4397.009826,
    "total_photons": 42661,
    "q1q3_com_distance": 54.069985416849725,
    "moments_of_inertia": [
        147116353.36142588,
        214572883.75097308,
        223033307.72950357
    ]
}