{
    "time_duration": 4266.576759,
    "total_photons": 25101,
    "q1q3_com_distance": 3.63737453752301,
    "moments_of_inertia": [
        11687962.9704181,
        10536387.318342144,
        4432941.865336915
    ]
}