{
    "time_duration": 2194.122742,
    "total_photons": 19,
    "q1q3_com_distance": 143.37928225514307,
    "moments_of_inertia": [
        212425.3916975058,
        158542.84105227282,
        135657.00847127396
    ]
}