{
    "time_duration": 4246.714783,
    "total_photons": 6671,
    "q1q3_com_distance": 43.736645502994705,
    "moments_of_inertia": [
        19231858.363107033,
        25474601.515973657,
        29404575.92529122
    ]
}