{
    "time_duration": 5078.996337,
    "total_photons": 351,
    "q1q3_com_distance": 41.278193906246294,
    "moments_of_inertia": [
        3834273.355897487,
        1800123.589330923,
        2869745.8607921023
    ]
}