{
    "time_duration": 4502.42247,
    "total_photons": 2022,
    "q1q3_com_distance": 9.86901875751788,
    "moments_of_inertia": [
        8496627.032249622,
        10129472.866551723,
        11270084.682424467
    ]
}