{
    "time_duration": 5097.211914,
    "total_photons": 69,
    "q1q3_com_distance": 152.16712746182452,
    "moments_of_inertia": [
        520898.21619000705,
        1167208.1282163216,
        1507969.9167357017
    ]
}