{
    "time_duration": 5139.506988,
    "total_photons": 896,
    "q1q3_com_distance": 68.2814555541573,
    "moments_of_inertia": [
        6974803.015149003,
        11033863.237744607,
        14857693.00675373
    ]
}