{
    "time_duration": 5452.6392829999995,
    "total_photons": 1108,
    "q1q3_com_distance": 47.59846623350123,
    "moments_of_inertia": [
        8081675.7783111455,
        11135867.980578462,
        14569722.163503557
    ]
}