{
    "time_duration": 5801.400543,
    "total_photons": 6555,
    "q1q3_com_distance": 50.913784088616644,
    "moments_of_inertia": [
        32486497.059129797,
        40058705.533233844,
        39364355.90900246
    ]
}