{
    "time_duration": 2313.768067,
    "total_photons": 221,
    "q1q3_com_distance": 69.87031471970835,
    "moments_of_inertia": [
        368653.8503234377,
        569623.2425456189,
        681670.2919092231
    ]
}