{
    "time_duration": 2071.6126400000003,
    "total_photons": 455,
    "q1q3_com_distance": 28.909095165087773,
    "moments_of_inertia": [
        1385224.1129191103,
        2058331.5580552618,
        2795155.751513538
    ]
}