{
    "time_duration": 7100.670440000001,
    "total_photons": 1886,
    "q1q3_com_distance": 96.26182915817263,
    "moments_of_inertia": [
        10556861.00236502,
        17309166.17316294,
        22036977.23276196
    ]
}