{
    "time_duration": 4246.809082,
    "total_photons": 52,
    "q1q3_com_distance": 107.26210980308132,
    "moments_of_inertia": [
        608407.0631040336,
        386522.61456973257,
        337212.29536854115
    ]
}