{
    "time_duration": 4018.846618,
    "total_photons": 2158,
    "q1q3_com_distance": 54.937344459749234,
    "moments_of_inertia": [
        8985620.481246732,
        5258806.460670076,
        6556940.996146006
    ]
}