{
    "time_duration": 3782.139755,
    "total_photons": 7026,
    "q1q3_com_distance": 50.324747993030506,
    "moments_of_inertia": [
        12233075.462555772,
        20271974.105781,
        23425173.048879124
    ]
}