{
    "time_duration": 1552.3795160000002,
    "total_photons": 4,
    "q1q3_com_distance": 129.36815141293468,
    "moments_of_inertia": [
        466.18099616004474,
        31690.307446745388,
        31224.12750709457
    ]
}