{
    "time_duration": 4471.486573,
    "total_photons": 113,
    "q1q3_com_distance": 92.89024524000597,
    "moments_of_inertia": [
        672112.5851843229,
        1507047.1549338317,
        1098170.4881791912
    ]
}