{
    "time_duration": 3290.965789,
    "total_photons": 753,
    "q1q3_com_distance": 39.446230425507444,
    "moments_of_inertia": [
        3594449.9470445346,
        1750441.415480079,
        2660209.0758897327
    ]
}