{
    "time_duration": 4276.653443,
    "total_photons": 87,
    "q1q3_com_distance": 73.19343588331489,
    "moments_of_inertia": [
        477758.9022497651,
        1741357.0427410668,
        1545773.1727471007
    ]
}