{
    "time_duration": 1985.710571,
    "total_photons": 57,
    "q1q3_com_distance": 51.186439330306854,
    "moments_of_inertia": [
        73347.22958265728,
        358473.7764503114,
        285126.7930828203
    ]
}