{
    "time_duration": 2470.482208,
    "total_photons": 419,
    "q1q3_com_distance": 26.025696258708873,
    "moments_of_inertia": [
        265357.1590825354,
        192326.7458082466,
        228687.78024430154
    ]
}