{
    "time_duration": 2084.640503,
    "total_photons": 13,
    "q1q3_com_distance": 60.06684992341627,
    "moments_of_inertia": [
        58385.08133599846,
        227751.29560051323,
        169485.7862942575
    ]
}