{
    "time_duration": 3184.2725600000003,
    "total_photons": 17387,
    "q1q3_com_distance": 8.054972888980178,
    "moments_of_inertia": [
        8164499.982567375,
        6806719.074343396,
        5071355.539141728
    ]
}