{
    "time_duration": 2422.522094,
    "total_photons": 70,
    "q1q3_com_distance": 66.44556619733142,
    "moments_of_inertia": [
        495255.87699030334,
        252123.39756834836,
        284239.0948613481
    ]
}