{
    "time_duration": 3716.369629,
    "total_photons": 2667,
    "q1q3_com_distance": 41.73384001486074,
    "moments_of_inertia": [
        6708800.108233896,
        13265160.29168527,
        12294105.179354308
    ]
}