{
    "time_duration": 6414.40802,
    "total_photons": 130,
    "q1q3_com_distance": 84.48177885167335,
    "moments_of_inertia": [
        514958.6615478189,
        1101079.164078847,
        1006600.7508317945
    ]
}