{
    "time_duration": 631.065552,
    "total_photons": 4,
    "q1q3_com_distance": 134.95498656959657,
    "moments_of_inertia": [
        3883.0661538355635,
        34370.18931610546,
        37276.98673005898
    ]
}