{
    "time_duration": 1825.094635,
    "total_photons": 200,
    "q1q3_com_distance": 8.825941674405055,
    "moments_of_inertia": [
        204261.70155765064,
        173252.52401469092,
        76534.36876665773
    ]
}