{
    "time_duration": 5841.206131000001,
    "total_photons": 1867,
    "q1q3_com_distance": 58.47292342849236,
    "moments_of_inertia": [
        10700480.443649845,
        15123082.622822477,
        20208956.71501219
    ]
}