{
    "time_duration": 4299.055786,
    "total_photons": 187,
    "q1q3_com_distance": 64.41260056462879,
    "moments_of_inertia": [
        981960.8398201552,
        2237909.4892659923,
        1961543.139268931
    ]
}