{
    "time_duration": 4750.175201,
    "total_photons": 1523,
    "q1q3_com_distance": 76.24059089916027,
    "moments_of_inertia": [
        5354415.365953239,
        7198228.334562101,
        8239067.070220843
    ]
}