{
    "time_duration": 837.062264,
    "total_photons": 2520,
    "q1q3_com_distance": 1.972158730158526,
    "moments_of_inertia": [
        407712.6331731744,
        407712.6331731744,
        0.0
    ]
}