{
    "time_duration": 3673.668426,
    "total_photons": 2500,
    "q1q3_com_distance": 20.513039275487436,
    "moments_of_inertia": [
        11783697.971893221,
        13778092.362269422,
        16395256.839414323
    ]
}