{
    "time_duration": 3872.953888,
    "total_photons": 5163,
    "q1q3_com_distance": 17.201680484992966,
    "moments_of_inertia": [
        5237118.39972665,
        3916903.2556447047,
        2444970.524441006
    ]
}