{
    "time_duration": 4961.519837,
    "total_photons": 1566,
    "q1q3_com_distance": 76.17927490191106,
    "moments_of_inertia": [
        8850164.495547254,
        14531367.432995323,
        13360829.782045554
    ]
}