{
    "time_duration": 2834.6210929999997,
    "total_photons": 370,
    "q1q3_com_distance": 67.33887295170521,
    "moments_of_inertia": [
        1067933.4246821476,
        2325454.914742746,
        1598101.2009718656
    ]
}