{
    "time_duration": 5089.001098000001,
    "total_photons": 5398,
    "q1q3_com_distance": 44.672018162581836,
    "moments_of_inertia": [
        35490260.73416985,
        42538954.9171021,
        39918613.503114164
    ]
}