{
    "time_duration": 2362.774384,
    "total_photons": 630,
    "q1q3_com_distance": 40.88754558558097,
    "moments_of_inertia": [
        1149929.6027872255,
        2517147.907145404,
        2120567.287281653
    ]
}