{
    "time_duration": 2670.632172,
    "total_photons": 735,
    "q1q3_com_distance": 39.04697857882728,
    "moments_of_inertia": [
        2402626.88849391,
        1392007.7987825817,
        1627920.5505069103
    ]
}