{
    "time_duration": 3623.8833619999996,
    "total_photons": 2469,
    "q1q3_com_distance": 19.689446954773594,
    "moments_of_inertia": [
        10697399.127663324,
        11601227.656364769,
        15116271.514084488
    ]
}