{
    "time_duration": 5376.381805,
    "total_photons": 3048,
    "q1q3_com_distance": 34.730134753773434,
    "moments_of_inertia": [
        7132177.941266421,
        8514406.263022207,
        8328453.591148783
    ]
}