{
    "time_duration": 6468.137619,
    "total_photons": 7762,
    "q1q3_com_distance": 60.241647185514275,
    "moments_of_inertia": [
        46894758.03844614,
        52702127.9063911,
        56024946.10308256
    ]
}