{
    "time_duration": 5939.685791,
    "total_photons": 104,
    "q1q3_com_distance": 86.51330464598607,
    "moments_of_inertia": [
        384089.4688498771,
        1114641.8467679226,
        975932.3591398919
    ]
}