{
    "time_duration": 2190.378906,
    "total_photons": 11,
    "q1q3_com_distance": 51.063333333333276,
    "moments_of_inertia": [
        79988.94880000009,
        42346.20291333596,
        37642.74588666406
    ]
}