{
    "time_duration": 3400.180526,
    "total_photons": 5823,
    "q1q3_com_distance": 32.86801859889564,
    "moments_of_inertia": [
        9980353.188593477,
        11851676.03300541,
        11912152.956750328
    ]
}