{
    "time_duration": 4451.896393,
    "total_photons": 799,
    "q1q3_com_distance": 52.151621006589245,
    "moments_of_inertia": [
        6006581.249883229,
        3535721.70117627,
        4611102.0215112185
    ]
}