{
    "time_duration": 6346.485366,
    "total_photons": 14706,
    "q1q3_com_distance": 35.22044898150404,
    "moments_of_inertia": [
        117511531.9612218,
        92864522.87333566,
        82835828.07325174
    ]
}