{
    "time_duration": 2077.876907,
    "total_photons": 721,
    "q1q3_com_distance": 40.73367792914633,
    "moments_of_inertia": [
        1972020.1172381677,
        1582851.2535403105,
        1267457.0489202724
    ]
}