{
    "time_duration": 4215.119751,
    "total_photons": 32,
    "q1q3_com_distance": 117.30158695910713,
    "moments_of_inertia": [
        442566.11153903115,
        695342.2488669279,
        1030521.82361279
    ]
}