{
    "time_duration": 2992.27124,
    "total_photons": 91,
    "q1q3_com_distance": 77.53706623091664,
    "moments_of_inertia": [
        643651.9920226678,
        878428.1917169334,
        1078355.6441593016
    ]
}