{
    "time_duration": 2477.366455,
    "total_photons": 794,
    "q1q3_com_distance": 56.08135207328205,
    "moments_of_inertia": [
        1523128.7526997663,
        2182076.3042701557,
        2882461.801828562
    ]
}