{
    "time_duration": 764.8095090000002,
    "total_photons": 14,
    "q1q3_com_distance": 50.87328995897563,
    "moments_of_inertia": [
        8912.530878160593,
        43776.13526428566,
        34863.604386125095
    ]
}