{
    "time_duration": 3059.550842,
    "total_photons": 343,
    "q1q3_com_distance": 74.48360445356975,
    "moments_of_inertia": [
        1877237.9128343554,
        880469.2714523245,
        1444300.583545389
    ]
}