{
    "time_duration": 2692.721191,
    "total_photons": 561,
    "q1q3_com_distance": 46.71696036858363,
    "moments_of_inertia": [
        2280526.1618121,
        3965669.927476129,
        3610878.8009320972
    ]
}