{
    "time_duration": 3154.302536,
    "total_photons": 1966,
    "q1q3_com_distance": 38.71825755672725,
    "moments_of_inertia": [
        3279407.179963599,
        4392521.451374381,
        4284640.253894379
    ]
}