{
    "time_duration": 3099.4323430000004,
    "total_photons": 511,
    "q1q3_com_distance": 36.26141112774135,
    "moments_of_inertia": [
        1952107.3748006509,
        933819.4758850166,
        1348720.062351514
    ]
}