{
    "time_duration": 1023.6626900000001,
    "total_photons": 39,
    "q1q3_com_distance": 54.48960476090823,
    "moments_of_inertia": [
        43242.444218765115,
        69645.8444840192,
        100298.30078439509
    ]
}