{
    "time_duration": 5834.816376,
    "total_photons": 3017,
    "q1q3_com_distance": 88.21643963206098,
    "moments_of_inertia": [
        24484026.583813835,
        38834517.80582073,
        51888958.21245242
    ]
}