{
    "time_duration": 1385.976197,
    "total_photons": 12,
    "q1q3_com_distance": 89.971113635927,
    "moments_of_inertia": [
        13273.161358086043,
        59034.43549166667,
        45761.27413358063
    ]
}