{
    "time_duration": 3331.7510979999997,
    "total_photons": 28,
    "q1q3_com_distance": 113.90932902434068,
    "moments_of_inertia": [
        174126.74503006128,
        340559.4092946537,
        394803.1077824273
    ]
}