{
    "time_duration": 2125.849365,
    "total_photons": 37,
    "q1q3_com_distance": 11.073343929912163,
    "moments_of_inertia": [
        62725.8342074051,
        215311.6586509171,
        152585.85745519158
    ]
}