{
    "time_duration": 6753.874553,
    "total_photons": 9111,
    "q1q3_com_distance": 31.24593842055828,
    "moments_of_inertia": [
        16215675.844237499,
        19011493.680320106,
        22057912.604350016
    ]
}