{
    "time_duration": 3821.086639,
    "total_photons": 3947,
    "q1q3_com_distance": 11.290560138065183,
    "moments_of_inertia": [
        5367965.6535805,
        4207224.640795474,
        2454746.3185313432
    ]
}