{
    "time_duration": 1384.020752,
    "total_photons": 4,
    "q1q3_com_distance": 51.06000000000017,
    "moments_of_inertia": [
        3693.425100000013,
        3693.425100000013,
        0.0
    ]
}