{
    "time_duration": 5217.628662,
    "total_photons": 1083,
    "q1q3_com_distance": 89.71015879679761,
    "moments_of_inertia": [
        7428487.177135469,
        12159733.861617722,
        15402970.12891107
    ]
}