{
    "time_duration": 2036.7885739999997,
    "total_photons": 4,
    "q1q3_com_distance": 34.05000000000018,
    "moments_of_inertia": [
        6279.520045869169,
        87909.68439071417,
        82510.61386341666
    ]
}