{
    "time_duration": 732.7932129999999,
    "total_photons": 4,
    "q1q3_com_distance": 219.24365349993602,
    "moments_of_inertia": [
        54256.273759950185,
        83389.76045710605,
        137192.93543294384
    ]
}