{
    "time_duration": 3023.475006,
    "total_photons": 1798,
    "q1q3_com_distance": 42.753348545492216,
    "moments_of_inertia": [
        4342485.307480639,
        9747956.060440376,
        6693979.322507126
    ]
}