{
    "time_duration": 2835.741592,
    "total_photons": 1684,
    "q1q3_com_distance": 49.21980201854976,
    "moments_of_inertia": [
        4374024.144617459,
        6095749.657059006,
        6295553.017955723
    ]
}