{
    "time_duration": 2892.61029,
    "total_photons": 782,
    "q1q3_com_distance": 36.90520150871855,
    "moments_of_inertia": [
        1590168.349519466,
        4890126.461314762,
        3903721.220495187
    ]
}