{
    "time_duration": 5572.1537020000005,
    "total_photons": 9808,
    "q1q3_com_distance": 58.04021285146308,
    "moments_of_inertia": [
        64198028.28304705,
        72190782.90967743,
        85788569.31009111
    ]
}