{
    "time_duration": 6336.366172999999,
    "total_photons": 14162,
    "q1q3_com_distance": 55.69478875602703,
    "moments_of_inertia": [
        66492543.487213075,
        89578263.79227273,
        98583126.25272961
    ]
}