{
    "time_duration": 4211.12767,
    "total_photons": 3968,
    "q1q3_com_distance": 36.83102902763342,
    "moments_of_inertia": [
        13201414.133907942,
        14633038.037897449,
        17275181.07954452
    ]
}