{
    "time_duration": 5662.186707000001,
    "total_photons": 4370,
    "q1q3_com_distance": 56.01937877085545,
    "moments_of_inertia": [
        35305453.8833511,
        42180480.86478964,
        45311799.03366985
    ]
}