{
    "time_duration": 4266.1325990000005,
    "total_photons": 924,
    "q1q3_com_distance": 46.07465485131617,
    "moments_of_inertia": [
        2759983.1835522903,
        4581122.50160801,
        4790145.894641856
    ]
}