{
    "time_duration": 4233.338134,
    "total_photons": 155,
    "q1q3_com_distance": 101.88665679634515,
    "moments_of_inertia": [
        1918268.5300988737,
        982571.7785739624,
        1296734.0510561967
    ]
}