{
    "time_duration": 2121.0287470000003,
    "total_photons": 48,
    "q1q3_com_distance": 35.87290098389045,
    "moments_of_inertia": [
        44296.822299600055,
        252225.49959736888,
        247191.16081969766
    ]
}