{
    "time_duration": 4457.568817,
    "total_photons": 3797,
    "q1q3_com_distance": 82.08384566344797,
    "moments_of_inertia": [
        26934405.29845331,
        20170462.926964786,
        16433318.017564943
    ]
}