{
    "time_duration": 3830.672791,
    "total_photons": 2307,
    "q1q3_com_distance": 37.06536819102847,
    "moments_of_inertia": [
        4071198.210748866,
        12144984.382633349,
        9936489.596706904
    ]
}