{
    "time_duration": 4174.126464999999,
    "total_photons": 1699,
    "q1q3_com_distance": 86.41931431949617,
    "moments_of_inertia": [
        10831373.326711822,
        15519088.376990605,
        16561853.10025991
    ]
}