{
    "time_duration": 1427.997681,
    "total_photons": 8,
    "q1q3_com_distance": 192.90085354917443,
    "moments_of_inertia": [
        34192.884052034075,
        94978.12923550574,
        116548.57086246031
    ]
}