{
    "time_duration": 2651.369812,
    "total_photons": 196,
    "q1q3_com_distance": 32.79432457044417,
    "moments_of_inertia": [
        1589980.458004919,
        680424.6011207149,
        1122706.2575784477
    ]
}