{
    "time_duration": 2232.9967349999997,
    "total_photons": 311,
    "q1q3_com_distance": 37.26297904971419,
    "moments_of_inertia": [
        1122485.7901489974,
        617801.9303162313,
        753498.2133611379
    ]
}