{
    "time_duration": 3738.846619,
    "total_photons": 461,
    "q1q3_com_distance": 82.63456092514697,
    "moments_of_inertia": [
        5012304.213788338,
        2650021.592231588,
        3395667.3461622964
    ]
}