{
    "time_duration": 2899.432404,
    "total_photons": 3114,
    "q1q3_com_distance": 38.00383779310973,
    "moments_of_inertia": [
        4501618.007265486,
        5935254.7529478045,
        6590405.143705351
    ]
}