{
    "time_duration": 2162.2187649999996,
    "total_photons": 1021,
    "q1q3_com_distance": 35.02768101664029,
    "moments_of_inertia": [
        1196161.3649139148,
        2054932.0082290773,
        2172471.641197847
    ]
}