{
    "time_duration": 6799.56897,
    "total_photons": 12023,
    "q1q3_com_distance": 64.08058194380642,
    "moments_of_inertia": [
        57770685.97369921,
        68705204.426784,
        90041417.95620973
    ]
}