{
    "time_duration": 5623.237183,
    "total_photons": 793,
    "q1q3_com_distance": 68.34333599007091,
    "moments_of_inertia": [
        6155013.256821178,
        4171728.853168484,
        3846511.816372008
    ]
}