{
    "time_duration": 3125.9487309999995,
    "total_photons": 29,
    "q1q3_com_distance": 51.02067382500346,
    "moments_of_inertia": [
        169101.54181730014,
        532128.0919803955,
        415600.56704368425
    ]
}