{
    "time_duration": 4942.878967000001,
    "total_photons": 1502,
    "q1q3_com_distance": 55.59541530814263,
    "moments_of_inertia": [
        5478038.901696652,
        7583255.894052156,
        8898334.64243986
    ]
}