{
    "time_duration": 2916.596558,
    "total_photons": 969,
    "q1q3_com_distance": 31.86909525971606,
    "moments_of_inertia": [
        3892227.518841469,
        4722472.456689739,
        6041631.151586645
    ]
}