{
    "time_duration": 3654.4227909999995,
    "total_photons": 113,
    "q1q3_com_distance": 90.71552078960337,
    "moments_of_inertia": [
        262204.76331871236,
        823340.6204942499,
        734478.8945976564
    ]
}