{
    "time_duration": 3163.030975,
    "total_photons": 159,
    "q1q3_com_distance": 64.26790188587535,
    "moments_of_inertia": [
        609040.935799649,
        999643.7346631888,
        1225752.7769686093
    ]
}