{
    "time_duration": 807.612793,
    "total_photons": 8,
    "q1q3_com_distance": 64.41534463930165,
    "moments_of_inertia": [
        13275.017373693605,
        37371.2688138064,
        50646.28618750004
    ]
}