{
    "time_duration": 5271.703772999999,
    "total_photons": 15566,
    "q1q3_com_distance": 59.25025178909977,
    "moments_of_inertia": [
        41743010.149365395,
        51233454.61256345,
        54289740.07263469
    ]
}