{
    "time_duration": 4260.294035999999,
    "total_photons": 826,
    "q1q3_com_distance": 58.76393109816389,
    "moments_of_inertia": [
        4622330.19303185,
        4082707.2611086774,
        6013386.958895079
    ]
}