{
    "time_duration": 3251.072937,
    "total_photons": 108,
    "q1q3_com_distance": 86.43391923689566,
    "moments_of_inertia": [
        692657.6428275767,
        1179132.2344842667,
        1477122.3345288974
    ]
}