{
    "time_duration": 2979.007233,
    "total_photons": 1809,
    "q1q3_com_distance": 16.18930821625381,
    "moments_of_inertia": [
        9181041.647977142,
        9568410.70931494,
        12230525.215702962
    ]
}