{
    "time_duration": 1930.285644,
    "total_photons": 84,
    "q1q3_com_distance": 36.295691045016866,
    "moments_of_inertia": [
        465995.6394349104,
        345373.6973069528,
        374568.26692956506
    ]
}