{
    "time_duration": 4357.891602,
    "total_photons": 137,
    "q1q3_com_distance": 66.16649958536257,
    "moments_of_inertia": [
        1013212.1994990152,
        2199379.9876766177,
        2326734.954780573
    ]
}