{
    "time_duration": 6870.40329,
    "total_photons": 5499,
    "q1q3_com_distance": 71.84499977452657,
    "moments_of_inertia": [
        36859712.78904823,
        59497964.86485655,
        77215209.64925113
    ]
}