{
    "time_duration": 2711.559875,
    "total_photons": 102,
    "q1q3_com_distance": 40.44533656860704,
    "moments_of_inertia": [
        1274959.9979586657,
        757898.5314627704,
        598337.4768569926
    ]
}