{
    "time_duration": 6438.686401999999,
    "total_photons": 7934,
    "q1q3_com_distance": 107.68708129751961,
    "moments_of_inertia": [
        61152584.042849496,
        97653075.95013236,
        127439671.73750685
    ]
}