{
    "time_duration": 3393.3560939999998,
    "total_photons": 6082,
    "q1q3_com_distance": 42.848847328422984,
    "moments_of_inertia": [
        21668629.493665636,
        27344919.008580945,
        25286277.15529512
    ]
}