{
    "time_duration": 862.572265,
    "total_photons": 5,
    "q1q3_com_distance": 70.1769443977151,
    "moments_of_inertia": [
        7503.387844422963,
        31720.852945351802,
        27919.67377022522
    ]
}