{
    "time_duration": 4240.365906,
    "total_photons": 28,
    "q1q3_com_distance": 137.72249282005998,
    "moments_of_inertia": [
        123658.95272592013,
        378582.41539460217,
        324067.5993723353
    ]
}