{
    "time_duration": 3272.617371,
    "total_photons": 728,
    "q1q3_com_distance": 58.588192558610196,
    "moments_of_inertia": [
        4143245.0563257183,
        5749353.785145506,
        5150906.7796263015
    ]
}