{
    "time_duration": 3174.8448489999996,
    "total_photons": 41,
    "q1q3_com_distance": 77.55128659796743,
    "moments_of_inertia": [
        168047.83067798277,
        422518.01436926855,
        298371.84930396866
    ]
}