{
    "time_duration": 5072.7674560000005,
    "total_photons": 181,
    "q1q3_com_distance": 74.06086132486061,
    "moments_of_inertia": [
        1634121.4295879062,
        2195530.516388586,
        3133660.0021362146
    ]
}