{
    "time_duration": 2469.755738,
    "total_photons": 10,
    "q1q3_com_distance": 114.81008961662626,
    "moments_of_inertia": [
        43466.492086639904,
        113263.36400121526,
        88729.69625214495
    ]
}