{
    "time_duration": 2921.470825,
    "total_photons": 179,
    "q1q3_com_distance": 29.139975631466765,
    "moments_of_inertia": [
        316748.9125196646,
        898965.2558622399,
        694737.458614743
    ]
}