{
    "time_duration": 3608.4422000000004,
    "total_photons": 3556,
    "q1q3_com_distance": 26.361422836607375,
    "moments_of_inertia": [
        12979781.801659726,
        17935546.117560573,
        21665373.974750657
    ]
}