{
    "time_duration": 3821.040955,
    "total_photons": 4375,
    "q1q3_com_distance": 52.67905208045141,
    "moments_of_inertia": [
        8626044.359581703,
        16412151.230770154,
        19467381.597128846
    ]
}