{
    "time_duration": 5677.714417,
    "total_photons": 22845,
    "q1q3_com_distance": 75.17994210918656,
    "moments_of_inertia": [
        51317283.563425414,
        78126490.00079806,
        75783761.35831423
    ]
}