{
    "time_duration": 3693.854996,
    "total_photons": 3440,
    "q1q3_com_distance": 32.17896701353878,
    "moments_of_inertia": [
        12848399.003498765,
        6266306.337017197,
        9456413.825799339
    ]
}