{
    "time_duration": 4346.946013999999,
    "total_photons": 1601,
    "q1q3_com_distance": 42.4927041737177,
    "moments_of_inertia": [
        13533815.653891368,
        12964318.654338645,
        17385208.7222497
    ]
}