{
    "time_duration": 7058.039245,
    "total_photons": 10539,
    "q1q3_com_distance": 87.84835439947763,
    "moments_of_inertia": [
        100455509.81594741,
        135881772.4261363,
        189106636.63005713
    ]
}