{
    "time_duration": 3199.1091389999997,
    "total_photons": 12893,
    "q1q3_com_distance": 15.879873362584117,
    "moments_of_inertia": [
        10178563.389934385,
        10765452.243978089,
        5935431.483718242
    ]
}