{
    "time_duration": 4940.273407,
    "total_photons": 7521,
    "q1q3_com_distance": 62.15446659349703,
    "moments_of_inertia": [
        32172460.060549557,
        37503643.30357158,
        47612586.64171909
    ]
}