{
    "time_duration": 1218.046753,
    "total_photons": 6,
    "q1q3_com_distance": 71.39961449475767,
    "moments_of_inertia": [
        4933.9708116082365,
        36308.47698181565,
        31374.511139909504
    ]
}