{
    "time_duration": 1167.0808710000001,
    "total_photons": 16,
    "q1q3_com_distance": 32.4683740353594,
    "moments_of_inertia": [
        45570.36993151315,
        81873.34801312054,
        108508.13014286639
    ]
}