{
    "time_duration": 2269.19812,
    "total_photons": 247,
    "q1q3_com_distance": 56.64139972171377,
    "moments_of_inertia": [
        1330409.1414151127,
        1407676.5283236688,
        1435301.5084393555
    ]
}