{
    "time_duration": 3013.225342,
    "total_photons": 26,
    "q1q3_com_distance": 168.36740957240664,
    "moments_of_inertia": [
        279916.3859984904,
        653316.6603718817,
        430817.75637578254
    ]
}