{
    "time_duration": 3308.0819699999997,
    "total_photons": 969,
    "q1q3_com_distance": 57.16522584654204,
    "moments_of_inertia": [
        4525282.589400875,
        6750567.815708827,
        7951229.007644063
    ]
}