{
    "time_duration": 4087.3510429999997,
    "total_photons": 958,
    "q1q3_com_distance": 53.48373969450987,
    "moments_of_inertia": [
        2735640.9182529435,
        3236290.7289023576,
        3006783.8956025313
    ]
}