{
    "time_duration": 1032.88501,
    "total_photons": 15,
    "q1q3_com_distance": 42.38571383732978,
    "moments_of_inertia": [
        39534.74366666675,
        12426.796635537374,
        27107.947031129348
    ]
}