{
    "time_duration": 3419.9035649999996,
    "total_photons": 179,
    "q1q3_com_distance": 52.19939909308369,
    "moments_of_inertia": [
        949985.7819788051,
        2413626.6261027376,
        1997910.0717508618
    ]
}