{
    "time_duration": 5999.707642,
    "total_photons": 1197,
    "q1q3_com_distance": 59.2398708294385,
    "moments_of_inertia": [
        11165234.483052546,
        13271304.727178633,
        19741835.675603464
    ]
}