{
    "time_duration": 3186.413971,
    "total_photons": 2445,
    "q1q3_com_distance": 57.37205829915489,
    "moments_of_inertia": [
        6326441.814557518,
        9379724.3064647,
        8602807.952085504
    ]
}