{
    "time_duration": 1689.376037,
    "total_photons": 240,
    "q1q3_com_distance": 57.52580567159966,
    "moments_of_inertia": [
        551377.6921618381,
        1092457.8818132707,
        1149905.8131673918
    ]
}