{
    "time_duration": 2725.0625,
    "total_photons": 55,
    "q1q3_com_distance": 104.72090278498455,
    "moments_of_inertia": [
        434022.8878811663,
        808461.2476839492,
        699467.3580130653
    ]
}