{
    "time_duration": 2337.781982,
    "total_photons": 60,
    "q1q3_com_distance": 50.90088589929748,
    "moments_of_inertia": [
        320725.1726586566,
        189469.61904402994,
        212076.08851064704
    ]
}