{
    "time_duration": 2649.066223,
    "total_photons": 55,
    "q1q3_com_distance": 54.58009058498625,
    "moments_of_inertia": [
        559180.1858513047,
        353787.9734951177,
        257875.09346084978
    ]
}