{
    "time_duration": 6166.574401,
    "total_photons": 1519,
    "q1q3_com_distance": 64.12734761526941,
    "moments_of_inertia": [
        8162603.486476183,
        14564286.951423042,
        12409269.85557071
    ]
}