{
    "time_duration": 5068.070694,
    "total_photons": 7335,
    "q1q3_com_distance": 53.18408251987507,
    "moments_of_inertia": [
        28283719.77571472,
        26011517.623604238,
        22055853.747610305
    ]
}