{
    "time_duration": 3605.2499390000003,
    "total_photons": 4331,
    "q1q3_com_distance": 46.76260176291986,
    "moments_of_inertia": [
        8672318.627357118,
        11276068.921518844,
        10159315.835454945
    ]
}