{
    "time_duration": 2871.0140069999998,
    "total_photons": 795,
    "q1q3_com_distance": 63.60823018592126,
    "moments_of_inertia": [
        1485069.7777804458,
        3449696.356549867,
        2900155.6394991195
    ]
}