{
    "time_duration": 5739.7638400000005,
    "total_photons": 8787,
    "q1q3_com_distance": 52.706308473720185,
    "moments_of_inertia": [
        43724118.02903718,
        54176964.09148505,
        56129630.45696102
    ]
}