{
    "time_duration": 4888.577469,
    "total_photons": 3512,
    "q1q3_com_distance": 46.127533014850854,
    "moments_of_inertia": [
        14386257.914707832,
        16553506.927813426,
        17877593.729638107
    ]
}