{
    "time_duration": 4634.088959,
    "total_photons": 450,
    "q1q3_com_distance": 56.780594578247964,
    "moments_of_inertia": [
        4016701.8855326087,
        5324775.911970662,
        8104934.020335394
    ]
}