{
    "time_duration": 5093.282623,
    "total_photons": 4440,
    "q1q3_com_distance": 69.14496070871401,
    "moments_of_inertia": [
        24794687.320570238,
        37110169.82107271,
        31568503.511636313
    ]
}