{
    "time_duration": 2637.660156,
    "total_photons": 54,
    "q1q3_com_distance": 59.01989402579697,
    "moments_of_inertia": [
        274163.7513999461,
        231384.1408146336,
        203680.7801224569
    ]
}