{
    "time_duration": 5048.142731000001,
    "total_photons": 380,
    "q1q3_com_distance": 91.02635906975466,
    "moments_of_inertia": [
        1954298.3887235331,
        3242878.130170507,
        3924145.9554985934
    ]
}