{
    "time_duration": 4849.225769,
    "total_photons": 265,
    "q1q3_com_distance": 74.86094739229165,
    "moments_of_inertia": [
        1160027.8233639624,
        2822251.184599999,
        2522946.156322828
    ]
}