{
    "time_duration": 4146.336182,
    "total_photons": 18,
    "q1q3_com_distance": 180.08126122392662,
    "moments_of_inertia": [
        165079.24572866154,
        308227.8465059434,
        385305.8882098397
    ]
}