{
    "time_duration": 5748.8299099999995,
    "total_photons": 1688,
    "q1q3_com_distance": 94.95458861548433,
    "moments_of_inertia": [
        14601684.773319878,
        24050115.922793604,
        31972605.36552204
    ]
}