{
    "time_duration": 2484.019546,
    "total_photons": 895,
    "q1q3_com_distance": 42.84815012576863,
    "moments_of_inertia": [
        2729628.6054393793,
        1827994.2424348753,
        1765584.9748265282
    ]
}