{
    "time_duration": 3829.660034,
    "total_photons": 1430,
    "q1q3_com_distance": 50.13246025084179,
    "moments_of_inertia": [
        6016447.962015409,
        8237581.284642955,
        10066503.531672692
    ]
}