{
    "time_duration": 4473.149048,
    "total_photons": 1052,
    "q1q3_com_distance": 39.83736475206816,
    "moments_of_inertia": [
        4753254.42497655,
        2551125.7765759025,
        3129441.4668009654
    ]
}