{
    "time_duration": 3075.997528,
    "total_photons": 3836,
    "q1q3_com_distance": 7.6413010490809,
    "moments_of_inertia": [
        3183730.557988332,
        4973965.736710037,
        4850412.610830636
    ]
}