{
    "time_duration": 2726.132446,
    "total_photons": 71,
    "q1q3_com_distance": 36.16059308107826,
    "moments_of_inertia": [
        195093.1063485858,
        607920.2767881899,
        497948.40787730896
    ]
}