{
    "time_duration": 3756.963379,
    "total_photons": 202,
    "q1q3_com_distance": 60.99554104060242,
    "moments_of_inertia": [
        441788.7660832219,
        934186.8839641134,
        764543.8424427618
    ]
}