{
    "time_duration": 3089.427902,
    "total_photons": 1205,
    "q1q3_com_distance": 54.82891365158165,
    "moments_of_inertia": [
        4402928.308004843,
        5871950.041036409,
        5263865.128405062
    ]
}