{
    "time_duration": 3975.402282,
    "total_photons": 614,
    "q1q3_com_distance": 53.712323731877454,
    "moments_of_inertia": [
        2359169.338574948,
        1182083.0299275974,
        1689732.0565476194
    ]
}