{
    "time_duration": 1759.692383,
    "total_photons": 9,
    "q1q3_com_distance": 79.01718830243327,
    "moments_of_inertia": [
        39288.4890709192,
        103422.33971724307,
        129914.43827850433
    ]
}