{
    "time_duration": 2657.009705,
    "total_photons": 51,
    "q1q3_com_distance": 89.15565658213593,
    "moments_of_inertia": [
        204036.73682629387,
        508649.8278892587,
        625617.6878805255
    ]
}