{
    "time_duration": 4400.916077,
    "total_photons": 255,
    "q1q3_com_distance": 100.66160147906008,
    "moments_of_inertia": [
        1258094.3175706456,
        1878185.4953931444,
        2161811.5002346393
    ]
}