{
    "time_duration": 5233.764374,
    "total_photons": 3054,
    "q1q3_com_distance": 55.465339148087764,
    "moments_of_inertia": [
        23678250.571096636,
        14021759.32306833,
        16697810.272500152
    ]
}