{
    "time_duration": 5002.2803349999995,
    "total_photons": 2976,
    "q1q3_com_distance": 56.482325293260054,
    "moments_of_inertia": [
        17799569.291826542,
        31964887.148534745,
        27261375.396711987
    ]
}