{
    "time_duration": 2859.688903,
    "total_photons": 1748,
    "q1q3_com_distance": 30.421347242043527,
    "moments_of_inertia": [
        4557961.650843816,
        8774476.326049916,
        9461512.448494148
    ]
}