{
    "time_duration": 1078.3126219999997,
    "total_photons": 6,
    "q1q3_com_distance": 164.05054525968512,
    "moments_of_inertia": [
        3119.431860749173,
        41677.04986666668,
        38557.618005917524
    ]
}