{
    "time_duration": 1485.5745849999998,
    "total_photons": 19,
    "q1q3_com_distance": 45.31424945864175,
    "moments_of_inertia": [
        56847.39116322101,
        198857.3516922005,
        216307.65979721022
    ]
}