{
    "time_duration": 4623.047211,
    "total_photons": 500,
    "q1q3_com_distance": 69.8553304351329,
    "moments_of_inertia": [
        1744730.243747216,
        3872369.710278435,
        2740695.0922779436
    ]
}