{
    "time_duration": 1989.705932,
    "total_photons": 32,
    "q1q3_com_distance": 15.888995258118097,
    "moments_of_inertia": [
        21681.908990152733,
        43312.71894090167,
        54078.484412695616
    ]
}