{
    "time_duration": 3737.902603,
    "total_photons": 9384,
    "q1q3_com_distance": 43.99138341698339,
    "moments_of_inertia": [
        19735303.41166301,
        29690462.766470235,
        24808881.458912544
    ]
}