{
    "time_duration": 5219.989106,
    "total_photons": 7255,
    "q1q3_com_distance": 54.114591096336945,
    "moments_of_inertia": [
        29592148.987934798,
        39013585.27400621,
        41847598.094838336
    ]
}