{
    "time_duration": 2539.406189,
    "total_photons": 2244,
    "q1q3_com_distance": 9.969103054188478,
    "moments_of_inertia": [
        859830.1900291106,
        1605386.6556352947,
        1671877.773980078
    ]
}