{
    "time_duration": 3186.2389829999997,
    "total_photons": 4444,
    "q1q3_com_distance": 42.54295288010557,
    "moments_of_inertia": [
        28069061.666677967,
        25066146.13979855,
        20185490.010651056
    ]
}