{
    "time_duration": 3969.9702140000004,
    "total_photons": 223,
    "q1q3_com_distance": 41.524282320801944,
    "moments_of_inertia": [
        1109807.892303187,
        2463128.788164642,
        1951657.088199439
    ]
}