{
    "time_duration": 7098.9309840000005,
    "total_photons": 26355,
    "q1q3_com_distance": 32.336445981800516,
    "moments_of_inertia": [
        80752740.89863619,
        77514358.65328057,
        66611943.878529765
    ]
}