{
    "time_duration": 3527.1731259999997,
    "total_photons": 9556,
    "q1q3_com_distance": 43.408673871920534,
    "moments_of_inertia": [
        13550576.794296034,
        24926748.209528685,
        19900051.361770775
    ]
}