{
    "time_duration": 2486.880874,
    "total_photons": 1038,
    "q1q3_com_distance": 12.457667026537763,
    "moments_of_inertia": [
        170098.75850579469,
        821701.141863879,
        903906.6719091308
    ]
}