{
    "time_duration": 2781.161804,
    "total_photons": 104,
    "q1q3_com_distance": 35.4712452675177,
    "moments_of_inertia": [
        638789.1959402435,
        394879.1942437444,
        288289.99374678184
    ]
}