{
    "time_duration": 5397.476578,
    "total_photons": 5555,
    "q1q3_com_distance": 38.95455505483422,
    "moments_of_inertia": [
        30342676.87956544,
        34646628.94250345,
        44177393.13945278
    ]
}