{
    "time_duration": 3245.931336,
    "total_photons": 742,
    "q1q3_com_distance": 59.369233263450674,
    "moments_of_inertia": [
        2777462.5640321225,
        3800845.2568445182,
        4567751.189061092
    ]
}