{
    "time_duration": 4808.559547,
    "total_photons": 5694,
    "q1q3_com_distance": 37.01218232250233,
    "moments_of_inertia": [
        12829587.098638868,
        17925653.52449893,
        16859761.30807247
    ]
}