{
    "time_duration": 6314.031601000001,
    "total_photons": 11122,
    "q1q3_com_distance": 84.26026694907738,
    "moments_of_inertia": [
        72882811.58632503,
        108933608.46151972,
        127746288.38388482
    ]
}