{
    "time_duration": 3003.598633,
    "total_photons": 500,
    "q1q3_com_distance": 40.10681243184501,
    "moments_of_inertia": [
        592675.4319177938,
        298003.8895710957,
        429604.2454591091
    ]
}