{
    "time_duration": 3134.065094,
    "total_photons": 2030,
    "q1q3_com_distance": 51.44527399975008,
    "moments_of_inertia": [
        7122718.977777989,
        10533279.417254407,
        12209611.873111056
    ]
}