{
    "time_duration": 2531.082337,
    "total_photons": 45,
    "q1q3_com_distance": 36.11490042007492,
    "moments_of_inertia": [
        166815.5307504707,
        87150.45995633514,
        93273.85288430545
    ]
}