{
    "time_duration": 2156.63501,
    "total_photons": 15,
    "q1q3_com_distance": 84.12612131496375,
    "moments_of_inertia": [
        49122.72907690244,
        117101.36400546055,
        131115.64318430386
    ]
}