{
    "time_duration": 1431.169434,
    "total_photons": 4,
    "q1q3_com_distance": 330.3696853526364,
    "moments_of_inertia": [
        10550.57436756375,
        79455.75441363956,
        89791.18751879683
    ]
}