{
    "time_duration": 1626.9569700000002,
    "total_photons": 30,
    "q1q3_com_distance": 46.70478316310338,
    "moments_of_inertia": [
        18861.007148614764,
        120189.32765257831,
        101328.3463454735
    ]
}