{
    "time_duration": 6137.057739,
    "total_photons": 461,
    "q1q3_com_distance": 45.34695976191699,
    "moments_of_inertia": [
        2382262.367212179,
        5649890.429044563,
        4999710.925980129
    ]
}