{
    "time_duration": 1937.7357330000002,
    "total_photons": 827,
    "q1q3_com_distance": 38.28754647181219,
    "moments_of_inertia": [
        910848.3007030662,
        499450.0384856809,
        620686.5385597381
    ]
}