{
    "time_duration": 4510.294495,
    "total_photons": 222,
    "q1q3_com_distance": 89.88899594001089,
    "moments_of_inertia": [
        1100870.3259951714,
        1758908.8752200648,
        2162806.8222063836
    ]
}