{
    "time_duration": 2887.191162,
    "total_photons": 8,
    "q1q3_com_distance": 289.66106137173495,
    "moments_of_inertia": [
        9552.962695460563,
        165890.1646394342,
        162780.52644010523
    ]
}