{
    "time_duration": 6428.161026,
    "total_photons": 5985,
    "q1q3_com_distance": 51.12226063424476,
    "moments_of_inertia": [
        30964337.065425903,
        36020434.11155988,
        42804726.91657099
    ]
}