{
    "time_duration": 2720.156113,
    "total_photons": 2133,
    "q1q3_com_distance": 20.55706427736736,
    "moments_of_inertia": [
        1998246.5193966166,
        1823621.7476648348,
        677417.4515349016
    ]
}