{
    "time_duration": 5534.632141,
    "total_photons": 727,
    "q1q3_com_distance": 48.571866813447784,
    "moments_of_inertia": [
        2785880.577072516,
        2508281.1681824485,
        1728480.4118289505
    ]
}