{
    "time_duration": 3136.784301,
    "total_photons": 37,
    "q1q3_com_distance": 107.45710568563328,
    "moments_of_inertia": [
        385515.30041879683,
        1088501.353911183,
        818210.6706970476
    ]
}