{
    "time_duration": 4084.420807,
    "total_photons": 266,
    "q1q3_com_distance": 76.43458846702431,
    "moments_of_inertia": [
        4079345.749929646,
        2321665.6402920294,
        2577188.282282079
    ]
}