{
    "time_duration": 2066.375,
    "total_photons": 12,
    "q1q3_com_distance": 90.0594939779008,
    "moments_of_inertia": [
        22167.413403453436,
        69858.20300899463,
        92025.61243755204
    ]
}