{
    "time_duration": 3663.558166,
    "total_photons": 664,
    "q1q3_com_distance": 22.17658835751542,
    "moments_of_inertia": [
        486772.8543397037,
        1213263.7784639783,
        885437.95852975
    ]
}