{
    "time_duration": 4587.775268,
    "total_photons": 79,
    "q1q3_com_distance": 72.63626888820791,
    "moments_of_inertia": [
        529571.5742570257,
        1537258.2775146984,
        1170286.423625745
    ]
}