{
    "time_duration": 2471.531616,
    "total_photons": 197,
    "q1q3_com_distance": 80.52357851872924,
    "moments_of_inertia": [
        503912.1453022741,
        643252.13633429,
        749138.5855654669
    ]
}