{
    "time_duration": 1919.933411,
    "total_photons": 36,
    "q1q3_com_distance": 55.90351193720821,
    "moments_of_inertia": [
        22231.507471025237,
        78181.31736666667,
        55949.809895641425
    ]
}