{
    "time_duration": 4826.29184,
    "total_photons": 332,
    "q1q3_com_distance": 103.17623841913112,
    "moments_of_inertia": [
        1260608.9186621602,
        2673636.098394934,
        2390936.9130405006
    ]
}