{
    "time_duration": 1706.443115,
    "total_photons": 13,
    "q1q3_com_distance": 97.3674123844544,
    "moments_of_inertia": [
        38273.78748035383,
        111811.12709171869,
        95810.39152023503
    ]
}