{
    "time_duration": 1771.8207400000001,
    "total_photons": 116,
    "q1q3_com_distance": 33.435012082201695,
    "moments_of_inertia": [
        185362.78960893909,
        304409.5581579209,
        358302.0512296926
    ]
}