{
    "time_duration": 3196.859223,
    "total_photons": 2084,
    "q1q3_com_distance": 58.263518040693356,
    "moments_of_inertia": [
        9892298.288912727,
        14789520.594856013,
        16249222.498753242
    ]
}