{
    "time_duration": 2344.454834,
    "total_photons": 9,
    "q1q3_com_distance": 152.15033515864786,
    "moments_of_inertia": [
        89889.70156932568,
        59908.50226965467,
        39996.296249908475
    ]
}