{
    "time_duration": 1572.9750060000001,
    "total_photons": 107,
    "q1q3_com_distance": 64.6231610590777,
    "moments_of_inertia": [
        234716.8302205624,
        571721.6774194897,
        470003.097260883
    ]
}