{
    "time_duration": 5947.479859,
    "total_photons": 531,
    "q1q3_com_distance": 92.634589327396,
    "moments_of_inertia": [
        4806312.028872811,
        7643261.154759401,
        10445514.05472409
    ]
}