{
    "time_duration": 149.24865699999987,
    "total_photons": 4,
    "q1q3_com_distance": 17.37000000000012,
    "moments_of_inertia": [
        814.6146000000053,
        814.6146000000053,
        0.0
    ]
}