{
    "time_duration": 3604.092896,
    "total_photons": 362,
    "q1q3_com_distance": 75.98568398857262,
    "moments_of_inertia": [
        1119742.934322448,
        2704739.236029486,
        2370888.0599127086
    ]
}