{
    "time_duration": 5534.889572,
    "total_photons": 10399,
    "q1q3_com_distance": 40.80313460249165,
    "moments_of_inertia": [
        83354137.2811212,
        57581588.16471402,
        60109930.11564212
    ]
}