{
    "time_duration": 2346.9732059999997,
    "total_photons": 341,
    "q1q3_com_distance": 81.15514881192217,
    "moments_of_inertia": [
        893507.6882184647,
        1656661.173355755,
        1925265.7095800326
    ]
}