{
    "time_duration": 3731.79663,
    "total_photons": 759,
    "q1q3_com_distance": 56.90008613318625,
    "moments_of_inertia": [
        3404441.344126697,
        4582472.110467489,
        5283918.065028477
    ]
}