{
    "time_duration": 5447.652924,
    "total_photons": 2678,
    "q1q3_com_distance": 74.14261165628932,
    "moments_of_inertia": [
        5762616.697952581,
        10379206.375927966,
        12567135.999192659
    ]
}