{
    "time_duration": 2227.952529,
    "total_photons": 1762,
    "q1q3_com_distance": 40.130034641924844,
    "moments_of_inertia": [
        2790332.8917746386,
        4099986.8270295225,
        4751439.165237724
    ]
}