{
    "time_duration": 3655.7356560000003,
    "total_photons": 4834,
    "q1q3_com_distance": 37.58804977510382,
    "moments_of_inertia": [
        21507929.297792718,
        25001791.748504847,
        34646888.84491859
    ]
}