{
    "time_duration": 4306.11731,
    "total_photons": 935,
    "q1q3_com_distance": 13.305092668382239,
    "moments_of_inertia": [
        3748070.340092123,
        5336610.31313458,
        5554573.732861857
    ]
}