{
    "time_duration": 4563.777092,
    "total_photons": 10097,
    "q1q3_com_distance": 12.153195811345167,
    "moments_of_inertia": [
        8956034.66415646,
        12211131.489662785,
        12919517.407697534
    ]
}