{
    "time_duration": 6868.376496000001,
    "total_photons": 3069,
    "q1q3_com_distance": 82.28024098576645,
    "moments_of_inertia": [
        21585528.422198135,
        22591357.67249995,
        27853641.379257225
    ]
}