{
    "time_duration": 2364.2191159999998,
    "total_photons": 10,
    "q1q3_com_distance": 40.81991316883343,
    "moments_of_inertia": [
        23527.39716169343,
        87105.38649855116,
        100300.14281975535
    ]
}