{
    "time_duration": 3839.3393549999996,
    "total_photons": 1425,
    "q1q3_com_distance": 27.026458331064802,
    "moments_of_inertia": [
        6270846.402222401,
        2661178.3002605094,
        4672013.57760944
    ]
}