{
    "time_duration": 4492.679505,
    "total_photons": 143,
    "q1q3_com_distance": 103.75424949017071,
    "moments_of_inertia": [
        918841.1548129853,
        1157720.6069341828,
        1367156.160434648
    ]
}