{
    "time_duration": 8187.223937999999,
    "total_photons": 3705,
    "q1q3_com_distance": 79.46939259010209,
    "moments_of_inertia": [
        34023631.76817634,
        53470400.224061586,
        73646129.15145007
    ]
}