{
    "time_duration": 3379.3714599999994,
    "total_photons": 52,
    "q1q3_com_distance": 107.34830709192832,
    "moments_of_inertia": [
        241168.6103074638,
        463668.5585733497,
        477927.3507768795
    ]
}