{
    "time_duration": 2908.82547,
    "total_photons": 11265,
    "q1q3_com_distance": 11.005214819274672,
    "moments_of_inertia": [
        3884570.8312697904,
        4205732.570102278,
        1029839.1581665666
    ]
}