{
    "time_duration": 1757.3763119999999,
    "total_photons": 96,
    "q1q3_com_distance": 50.82243782995037,
    "moments_of_inertia": [
        353019.22713250597,
        402885.14439677034,
        503836.56211864005
    ]
}