{
    "time_duration": 2675.92569,
    "total_photons": 3719,
    "q1q3_com_distance": 13.248496257560545,
    "moments_of_inertia": [
        1952416.1689602449,
        3668246.602352116,
        3280863.2021700963
    ]
}