{
    "time_duration": 4517.997864,
    "total_photons": 62,
    "q1q3_com_distance": 94.40105905333108,
    "moments_of_inertia": [
        189449.45654780004,
        459216.78050214844,
        427344.45191779383
    ]
}