{
    "time_duration": 6091.486145,
    "total_photons": 339,
    "q1q3_com_distance": 67.64276563911282,
    "moments_of_inertia": [
        2186141.3687843783,
        4218606.894165565,
        3402874.8696187916
    ]
}