{
    "time_duration": 5812.655838,
    "total_photons": 623,
    "q1q3_com_distance": 73.74446108012697,
    "moments_of_inertia": [
        5418928.674084924,
        7863619.843827838,
        11289562.785552425
    ]
}