{
    "time_duration": 975.8693850000002,
    "total_photons": 10,
    "q1q3_com_distance": 85.26266246787694,
    "moments_of_inertia": [
        17748.85629711698,
        82241.3599544415,
        75590.56170844156
    ]
}