{
    "time_duration": 2316.027771,
    "total_photons": 311,
    "q1q3_com_distance": 36.02592751665447,
    "moments_of_inertia": [
        1639517.7210368472,
        1038675.509999083,
        798663.737176288
    ]
}