{
    "time_duration": 2129.444702,
    "total_photons": 8,
    "q1q3_com_distance": 175.04459531787862,
    "moments_of_inertia": [
        80190.01015325144,
        217804.48077275752,
        253608.66792399107
    ]
}