{
    "time_duration": 4435.9569089999995,
    "total_photons": 291,
    "q1q3_com_distance": 70.08290230101291,
    "moments_of_inertia": [
        2630397.8266944755,
        3688135.487628232,
        5216571.11105461
    ]
}