{
    "time_duration": 4483.658874000001,
    "total_photons": 810,
    "q1q3_com_distance": 79.08892039249535,
    "moments_of_inertia": [
        7984980.44742088,
        4395163.850177543,
        5034733.7935660165
    ]
}