{
    "time_duration": 1623.959229,
    "total_photons": 43,
    "q1q3_com_distance": 60.35876347390809,
    "moments_of_inertia": [
        139268.81018545618,
        489850.4089181301,
        427841.9115382745
    ]
}