{
    "time_duration": 2367.6685180000004,
    "total_photons": 211,
    "q1q3_com_distance": 20.318752044760526,
    "moments_of_inertia": [
        2007404.5372964968,
        880639.7827710557,
        1348669.3101656244
    ]
}