{
    "time_duration": 2241.6392210000004,
    "total_photons": 298,
    "q1q3_com_distance": 63.08137522674831,
    "moments_of_inertia": [
        829281.4424706791,
        1620401.9123790017,
        1491834.4799751518
    ]
}