{
    "time_duration": 2824.650451,
    "total_photons": 1800,
    "q1q3_com_distance": 26.411746987960377,
    "moments_of_inertia": [
        6408632.971569859,
        9990492.704269867,
        10614805.95443006
    ]
}