{
    "time_duration": 5070.579758000001,
    "total_photons": 4951,
    "q1q3_com_distance": 68.65082817753094,
    "moments_of_inertia": [
        20606062.79411327,
        33298923.82407905,
        28778053.73550543
    ]
}