{
    "time_duration": 1821.107788,
    "total_photons": 472,
    "q1q3_com_distance": 50.25342372780167,
    "moments_of_inertia": [
        1414003.463228588,
        2072813.247360063,
        2365529.4976410116
    ]
}