{
    "time_duration": 3300.58435,
    "total_photons": 84,
    "q1q3_com_distance": 68.69672165219848,
    "moments_of_inertia": [
        1010631.4575206706,
        449130.0376906035,
        676442.2634553917
    ]
}