{
    "time_duration": 3315.732117,
    "total_photons": 80,
    "q1q3_com_distance": 78.39242557957976,
    "moments_of_inertia": [
        827852.7716530832,
        1110327.1750755452,
        1687367.833796371
    ]
}