{
    "time_duration": 4474.5502320000005,
    "total_photons": 153,
    "q1q3_com_distance": 57.28922178061416,
    "moments_of_inertia": [
        856590.0798547862,
        1887555.964391204,
        1425456.8096964953
    ]
}