{
    "time_duration": 3316.691253,
    "total_photons": 1632,
    "q1q3_com_distance": 58.47359865773376,
    "moments_of_inertia": [
        9008755.28130197,
        10123986.976920929,
        13545543.179515323
    ]
}