{
    "time_duration": 4708.493164,
    "total_photons": 5204,
    "q1q3_com_distance": 20.70207247848268,
    "moments_of_inertia": [
        10376939.898720833,
        15361443.256270457,
        16758483.969598973
    ]
}