{
    "time_duration": 2350.1883550000002,
    "total_photons": 11,
    "q1q3_com_distance": 49.867565499920694,
    "moments_of_inertia": [
        71670.89249090914,
        39919.1952728863,
        31751.69721802278
    ]
}