{
    "time_duration": 2991.0952300000004,
    "total_photons": 1175,
    "q1q3_com_distance": 71.0603360963596,
    "moments_of_inertia": [
        2468723.744345909,
        3612864.2439923463,
        3813027.6984440433
    ]
}