{
    "time_duration": 2868.105674,
    "total_photons": 4053,
    "q1q3_com_distance": 10.513248277919361,
    "moments_of_inertia": [
        4028361.661325048,
        3617922.8454325455,
        2248447.597159712
    ]
}