{
    "time_duration": 6654.811554,
    "total_photons": 372,
    "q1q3_com_distance": 75.60093208996057,
    "moments_of_inertia": [
        2362416.549539969,
        3772019.1620003064,
        4921581.273201122
    ]
}