{
    "time_duration": 2159.012543,
    "total_photons": 1194,
    "q1q3_com_distance": 50.229814606729796,
    "moments_of_inertia": [
        1553047.441818612,
        2586875.763102484,
        2768097.7891815817
    ]
}