{
    "time_duration": 4269.827621,
    "total_photons": 3296,
    "q1q3_com_distance": 35.34012450507031,
    "moments_of_inertia": [
        12265104.94697499,
        13493682.399350481,
        14795012.985952206
    ]
}