{
    "time_duration": 2907.154297,
    "total_photons": 158,
    "q1q3_com_distance": 84.82003485984286,
    "moments_of_inertia": [
        416567.7492389328,
        924718.2143753894,
        728257.8002654257
    ]
}