{
    "time_duration": 4336.162445,
    "total_photons": 1975,
    "q1q3_com_distance": 62.60255094096182,
    "moments_of_inertia": [
        7925737.207100496,
        6533255.631963421,
        5737571.573698002
    ]
}