{
    "time_duration": 5792.5036470000005,
    "total_photons": 2807,
    "q1q3_com_distance": 56.08558545095431,
    "moments_of_inertia": [
        16362948.742619999,
        10001300.371560724,
        11398050.069990564
    ]
}