{
    "time_duration": 4710.235474,
    "total_photons": 75,
    "q1q3_com_distance": 71.31870424418297,
    "moments_of_inertia": [
        561796.1833179714,
        1230442.779449591,
        1051910.3064431048
    ]
}