{
    "time_duration": 3990.673401,
    "total_photons": 158,
    "q1q3_com_distance": 92.4495186240169,
    "moments_of_inertia": [
        1435233.0936342853,
        2019475.3545963506,
        2750735.340084553
    ]
}