{
    "time_duration": 2894.0074459999996,
    "total_photons": 556,
    "q1q3_com_distance": 56.57796018212987,
    "moments_of_inertia": [
        474666.1011948101,
        1207318.96168905,
        927748.8791675819
    ]
}