{
    "time_duration": 6773.9708550000005,
    "total_photons": 3025,
    "q1q3_com_distance": 30.905722229626438,
    "moments_of_inertia": [
        24764606.357223723,
        37013971.00657909,
        28221047.73350657
    ]
}