{
    "time_duration": 8658.934952,
    "total_photons": 14538,
    "q1q3_com_distance": 29.79568361409497,
    "moments_of_inertia": [
        94677051.52421713,
        101562418.12577966,
        131199177.6703888
    ]
}