{
    "time_duration": 4212.709838,
    "total_photons": 4105,
    "q1q3_com_distance": 64.23452240783848,
    "moments_of_inertia": [
        13435795.57692906,
        20417438.7110527,
        23136532.375279486
    ]
}