{
    "time_duration": 2636.253906,
    "total_photons": 135,
    "q1q3_com_distance": 117.47648295138302,
    "moments_of_inertia": [
        1240796.3329384343,
        950877.1213119394,
        586219.7932133349
    ]
}