{
    "time_duration": 2275.338684,
    "total_photons": 244,
    "q1q3_com_distance": 26.238364247250765,
    "moments_of_inertia": [
        1670879.2003743197,
        642885.6815813213,
        1186858.4495755057
    ]
}