{
    "time_duration": 5573.850281,
    "total_photons": 294,
    "q1q3_com_distance": 59.21853655913793,
    "moments_of_inertia": [
        1481692.9110300685,
        1976909.023773553,
        2457664.093167802
    ]
}