{
    "time_duration": 967.0181269999998,
    "total_photons": 52,
    "q1q3_com_distance": 16.412218370296983,
    "moments_of_inertia": [
        22980.280111538446,
        8092.317791973643,
        14887.962319564796
    ]
}