{
    "time_duration": 5124.276672,
    "total_photons": 1254,
    "q1q3_com_distance": 40.83083708798454,
    "moments_of_inertia": [
        5328001.201421944,
        9198949.827977797,
        7255408.071343489
    ]
}