{
    "time_duration": 2880.239136,
    "total_photons": 46,
    "q1q3_com_distance": 85.25023090959287,
    "moments_of_inertia": [
        286629.4824633993,
        791293.6926762749,
        634870.4325864132
    ]
}