{
    "time_duration": 4103.9852900000005,
    "total_photons": 1418,
    "q1q3_com_distance": 68.07017186286657,
    "moments_of_inertia": [
        5963956.437282359,
        9000641.015555052,
        9569663.262480792
    ]
}