{
    "time_duration": 5477.376099,
    "total_photons": 26,
    "q1q3_com_distance": 60.052563166422466,
    "moments_of_inertia": [
        233195.51111174462,
        418031.12998271605,
        582790.1624286161
    ]
}