{
    "time_duration": 4332.712921,
    "total_photons": 5505,
    "q1q3_com_distance": 53.6874376707777,
    "moments_of_inertia": [
        20470347.24681978,
        25691783.174991917,
        32180779.870743573
    ]
}