{
    "time_duration": 4989.465271,
    "total_photons": 231,
    "q1q3_com_distance": 102.89180365608092,
    "moments_of_inertia": [
        1581270.0506377725,
        2396402.753334461,
        2972783.5897559095
    ]
}