{
    "time_duration": 6555.650879000001,
    "total_photons": 10547,
    "q1q3_com_distance": 18.006464628697156,
    "moments_of_inertia": [
        93905563.9209795,
        98257825.690212,
        130949757.69262536
    ]
}