{
    "time_duration": 3551.8564450000003,
    "total_photons": 120,
    "q1q3_com_distance": 85.86342254417768,
    "moments_of_inertia": [
        880265.9134393644,
        1523315.5588506768,
        1217237.7216116246
    ]
}