{
    "time_duration": 2360.609619,
    "total_photons": 29,
    "q1q3_com_distance": 74.15935650222369,
    "moments_of_inertia": [
        86251.56077748304,
        462073.5395931404,
        430092.0174776522
    ]
}