{
    "time_duration": 3271.081298,
    "total_photons": 210,
    "q1q3_com_distance": 42.80660148323698,
    "moments_of_inertia": [
        927036.7850003052,
        2269460.1806661836,
        1809886.52214113
    ]
}