{
    "time_duration": 1941.519409,
    "total_photons": 6,
    "q1q3_com_distance": 126.27069671938936,
    "moments_of_inertia": [
        20560.482885174308,
        65229.81379870248,
        83874.6164494565
    ]
}