{
    "time_duration": 4225.95047,
    "total_photons": 606,
    "q1q3_com_distance": 61.084480234290545,
    "moments_of_inertia": [
        3561368.1099781035,
        4888628.097102147,
        6334173.0040230565
    ]
}