{
    "time_duration": 7727.704436999999,
    "total_photons": 1830,
    "q1q3_com_distance": 83.31321332472129,
    "moments_of_inertia": [
        10207510.783474829,
        12518933.403612092,
        13771185.841548383
    ]
}