{
    "time_duration": 5753.224967,
    "total_photons": 19799,
    "q1q3_com_distance": 33.18001374464561,
    "moments_of_inertia": [
        44797085.72123827,
        55950399.07624029,
        57400244.331418805
    ]
}