{
    "time_duration": 8395.188141,
    "total_photons": 1117,
    "q1q3_com_distance": 76.21014989496763,
    "moments_of_inertia": [
        5091985.051522702,
        11186862.027590966,
        10851255.488795709
    ]
}