{
    "time_duration": 3019.360397,
    "total_photons": 1400,
    "q1q3_com_distance": 54.258937421897556,
    "moments_of_inertia": [
        5504690.667565405,
        3576884.943639981,
        3831973.6438217703
    ]
}