{
    "time_duration": 1954.181549,
    "total_photons": 148,
    "q1q3_com_distance": 90.6753385763264,
    "moments_of_inertia": [
        376732.745605845,
        706541.141595666,
        593532.8469214612
    ]
}