{
    "time_duration": 1696.690521,
    "total_photons": 155,
    "q1q3_com_distance": 30.89262573154072,
    "moments_of_inertia": [
        166385.44629119695,
        118525.35584832467,
        91578.60915854266
    ]
}