{
    "time_duration": 1227.052979,
    "total_photons": 10,
    "q1q3_com_distance": 127.26418541321404,
    "moments_of_inertia": [
        55246.68631163395,
        87728.3073438804,
        125275.85276448578
    ]
}