{
    "time_duration": 271.75561500000003,
    "total_photons": 4,
    "q1q3_com_distance": 135.591973951263,
    "moments_of_inertia": [
        1526.7326717236901,
        25379.722599999986,
        23852.989928276314
    ]
}