{
    "time_duration": 2853.9748229999996,
    "total_photons": 159,
    "q1q3_com_distance": 78.65997392893054,
    "moments_of_inertia": [
        645227.4483288319,
        487426.44492912776,
        399274.77977600374
    ]
}