{
    "time_duration": 2609.4136959999996,
    "total_photons": 5666,
    "q1q3_com_distance": 10.81178681409275,
    "moments_of_inertia": [
        8954221.347441228,
        8319495.1454385985,
        3144221.1407850124
    ]
}