{
    "time_duration": 3494.398926,
    "total_photons": 102,
    "q1q3_com_distance": 31.56747602288776,
    "moments_of_inertia": [
        781648.9219940011,
        1876831.610371186,
        1342769.6788524606
    ]
}