{
    "time_duration": 7285.566116,
    "total_photons": 4097,
    "q1q3_com_distance": 54.17396523239231,
    "moments_of_inertia": [
        28562012.696484875,
        32819981.38734775,
        39205792.39518998
    ]
}