{
    "time_duration": 638.58313,
    "total_photons": 6,
    "q1q3_com_distance": 88.88294394876893,
    "moments_of_inertia": [
        10000.514835808819,
        42586.07258838795,
        32585.587009136645
    ]
}