{
    "time_duration": 3920.2177730000003,
    "total_photons": 1440,
    "q1q3_com_distance": 32.68469485961924,
    "moments_of_inertia": [
        4491403.81992327,
        2897931.1489974847,
        2934117.4290317344
    ]
}