{
    "time_duration": 4999.639755,
    "total_photons": 4222,
    "q1q3_com_distance": 30.506286919286477,
    "moments_of_inertia": [
        8408394.330556788,
        5372634.077620226,
        6014823.896288965
    ]
}