{
    "time_duration": 2484.403687,
    "total_photons": 69,
    "q1q3_com_distance": 41.8331654662347,
    "moments_of_inertia": [
        92302.58297372336,
        356521.22412873816,
        284370.39126275573
    ]
}