{
    "time_duration": 3564.4666749999997,
    "total_photons": 19,
    "q1q3_com_distance": 72.99145051305692,
    "moments_of_inertia": [
        115160.32786323331,
        188099.63785699045,
        233120.689900829
    ]
}