{
    "time_duration": 4351.282012,
    "total_photons": 3349,
    "q1q3_com_distance": 54.906499992947744,
    "moments_of_inertia": [
        13398752.217220342,
        16994020.62666814,
        18418450.69606481
    ]
}