{
    "time_duration": 2939.416076,
    "total_photons": 875,
    "q1q3_com_distance": 29.094863563488854,
    "moments_of_inertia": [
        1754765.9808623397,
        905716.3759595563,
        1085414.3590821093
    ]
}