{
    "time_duration": 3707.158928,
    "total_photons": 13607,
    "q1q3_com_distance": 24.52841252688444,
    "moments_of_inertia": [
        8026588.454372886,
        7643181.707438124,
        5642099.905164169
    ]
}