{
    "time_duration": 4614.877747,
    "total_photons": 399,
    "q1q3_com_distance": 59.21750348452754,
    "moments_of_inertia": [
        3647118.5286054704,
        2097414.1337631093,
        2346140.948413377
    ]
}