{
    "time_duration": 5555.895936,
    "total_photons": 2365,
    "q1q3_com_distance": 94.51370655034157,
    "moments_of_inertia": [
        7128249.432043584,
        13198966.19042543,
        11113563.963630963
    ]
}