{
    "time_duration": 2766.970825,
    "total_photons": 76,
    "q1q3_com_distance": 70.24808365403065,
    "moments_of_inertia": [
        364562.71992853854,
        1048029.6834174101,
        868545.293596157
    ]
}