{
    "time_duration": 1527.774414,
    "total_photons": 9,
    "q1q3_com_distance": 62.64700312066006,
    "moments_of_inertia": [
        54797.34953333328,
        41158.549487791555,
        13638.800045541782
    ]
}