{
    "time_duration": 2113.477172,
    "total_photons": 9,
    "q1q3_com_distance": 93.07827842138518,
    "moments_of_inertia": [
        27287.25046439335,
        108144.4797306222,
        80857.33202720672
    ]
}