{
    "time_duration": 3485.424301,
    "total_photons": 1805,
    "q1q3_com_distance": 51.36965665096235,
    "moments_of_inertia": [
        10701385.431571238,
        9624014.638132734,
        9282502.724994995
    ]
}