{
    "time_duration": 3724.6725460000002,
    "total_photons": 132,
    "q1q3_com_distance": 40.384899793278166,
    "moments_of_inertia": [
        354882.19943554734,
        259366.8622138419,
        249046.2975551561
    ]
}