{
    "time_duration": 1947.7754519999999,
    "total_photons": 49,
    "q1q3_com_distance": 71.80655440780653,
    "moments_of_inertia": [
        218699.86624295963,
        314399.8819822992,
        413093.1263053533
    ]
}