{
    "time_duration": 1316.7777710000003,
    "total_photons": 4,
    "q1q3_com_distance": 112.43033620869417,
    "moments_of_inertia": [
        3400.915657718215,
        22887.604900955634,
        25190.69119132617
    ]
}