{
    "time_duration": 3254.980683,
    "total_photons": 3421,
    "q1q3_com_distance": 26.193486461144087,
    "moments_of_inertia": [
        9611204.986179233,
        5257669.400872927,
        6478312.37484692
    ]
}