{
    "time_duration": 3393.6165770000002,
    "total_photons": 2924,
    "q1q3_com_distance": 32.19974825302274,
    "moments_of_inertia": [
        12185404.150770113,
        16123752.08537774,
        19519100.743518643
    ]
}