{
    "time_duration": 6208.697205,
    "total_photons": 707,
    "q1q3_com_distance": 75.27785705187475,
    "moments_of_inertia": [
        4249728.2188601885,
        8197072.772362591,
        6663498.713497452
    ]
}