{
    "time_duration": 2095.018433,
    "total_photons": 7,
    "q1q3_com_distance": 63.80441383634839,
    "moments_of_inertia": [
        11489.667886003503,
        65610.21036209205,
        73497.87118047586
    ]
}