{
    "time_duration": 283.002746,
    "total_photons": 7,
    "q1q3_com_distance": 67.97893956954614,
    "moments_of_inertia": [
        1623.9482261244448,
        22575.97443101842,
        24199.922657142855
    ]
}