{
    "time_duration": 2601.545166,
    "total_photons": 15,
    "q1q3_com_distance": 81.96268472603866,
    "moments_of_inertia": [
        69110.61459126706,
        34301.67198070948,
        47376.74321469026
    ]
}