{
    "time_duration": 7691.735955,
    "total_photons": 3983,
    "q1q3_com_distance": 71.73700627981255,
    "moments_of_inertia": [
        12762520.084977187,
        16604926.438918341,
        20944673.032423213
    ]
}