{
    "time_duration": 6624.1283570000005,
    "total_photons": 4869,
    "q1q3_com_distance": 50.50032359745227,
    "moments_of_inertia": [
        40236363.965079114,
        51081082.02955786,
        64951321.278488666
    ]
}