{
    "time_duration": 5781.215591,
    "total_photons": 6656,
    "q1q3_com_distance": 40.54816831162992,
    "moments_of_inertia": [
        20527158.35887567,
        17044242.549375255,
        18613888.82284467
    ]
}