{
    "time_duration": 3163.8795470000005,
    "total_photons": 508,
    "q1q3_com_distance": 42.245161097262766,
    "moments_of_inertia": [
        2722851.459707005,
        1195972.8927884118,
        1867556.9522455265
    ]
}