{
    "time_duration": 1726.0845949999998,
    "total_photons": 48,
    "q1q3_com_distance": 44.65670757288316,
    "moments_of_inertia": [
        219779.7761039008,
        118671.70871069832,
        149217.41039790073
    ]
}