{
    "time_duration": 2902.069672,
    "total_photons": 408,
    "q1q3_com_distance": 50.77064679090748,
    "moments_of_inertia": [
        986611.9838658138,
        2143206.316533497,
        1929695.0676408818
    ]
}