{
    "time_duration": 6546.570679,
    "total_photons": 1712,
    "q1q3_com_distance": 65.4714795910798,
    "moments_of_inertia": [
        26504391.91749806,
        18250867.055696648,
        14311775.171056611
    ]
}