{
    "time_duration": 4817.585510999999,
    "total_photons": 1626,
    "q1q3_com_distance": 26.13493183809915,
    "moments_of_inertia": [
        16053362.20142701,
        15138738.000424905,
        21822270.038749903
    ]
}