{
    "time_duration": 2279.622803,
    "total_photons": 18,
    "q1q3_com_distance": 71.66866662635783,
    "moments_of_inertia": [
        165781.3943181222,
        63313.05946491768,
        102468.35735029358
    ]
}