{
    "time_duration": 6130.004669,
    "total_photons": 4243,
    "q1q3_com_distance": 71.91566296125556,
    "moments_of_inertia": [
        38889167.39060354,
        52661890.792323746,
        65281791.75028799
    ]
}