{
    "time_duration": 2957.46875,
    "total_photons": 87,
    "q1q3_com_distance": 62.02217627924091,
    "moments_of_inertia": [
        661779.7727791908,
        497045.69084782695,
        466444.0338396487
    ]
}