{
    "time_duration": 1724.6925659999997,
    "total_photons": 28,
    "q1q3_com_distance": 36.41374880509862,
    "moments_of_inertia": [
        92715.4568177982,
        162342.13854201115,
        255057.56483304786
    ]
}