{
    "time_duration": 4957.654968,
    "total_photons": 409,
    "q1q3_com_distance": 46.64107641430784,
    "moments_of_inertia": [
        2561505.181725488,
        6524102.315124465,
        5280546.33989332
    ]
}