{
    "time_duration": 4242.409455,
    "total_photons": 1029,
    "q1q3_com_distance": 51.03219857000972,
    "moments_of_inertia": [
        6172181.789014406,
        3398065.7839021985,
        4248164.926735495
    ]
}