{
    "time_duration": 3487.0410770000003,
    "total_photons": 527,
    "q1q3_com_distance": 39.85959540536319,
    "moments_of_inertia": [
        5520799.308105963,
        2753641.4668610953,
        4110194.3721168055
    ]
}