{
    "time_duration": 1968.500061,
    "total_photons": 897,
    "q1q3_com_distance": 67.12388643940179,
    "moments_of_inertia": [
        2699771.986838839,
        2949473.785786707,
        1490170.8561552872
    ]
}