{
    "time_duration": 2612.0020759999998,
    "total_photons": 604,
    "q1q3_com_distance": 54.43114812021557,
    "moments_of_inertia": [
        2047514.8928395666,
        2871373.04881613,
        3214821.489059206
    ]
}