{
    "time_duration": 1843.537659,
    "total_photons": 7,
    "q1q3_com_distance": 125.55256986617198,
    "moments_of_inertia": [
        2317.4141578444396,
        24743.40905714285,
        22425.99489929841
    ]
}