{
    "time_duration": 990.4899910000001,
    "total_photons": 7,
    "q1q3_com_distance": 128.1041213232424,
    "moments_of_inertia": [
        24626.03250660225,
        78663.79086865154,
        54037.77279617481
    ]
}