{
    "time_duration": 2081.682083,
    "total_photons": 2020,
    "q1q3_com_distance": 11.867988156303175,
    "moments_of_inertia": [
        608645.5918319582,
        1304671.308446932,
        1414753.490003389
    ]
}