{
    "time_duration": 2529.8099970000003,
    "total_photons": 450,
    "q1q3_com_distance": 37.61390140693752,
    "moments_of_inertia": [
        241491.82952896622,
        479435.61802475364,
        544141.0940200589
    ]
}