{
    "time_duration": 3292.0784599999997,
    "total_photons": 3417,
    "q1q3_com_distance": 38.972800427196674,
    "moments_of_inertia": [
        9085950.354222778,
        12167658.276275972,
        12813944.641852787
    ]
}