{
    "time_duration": 1750.4085689999997,
    "total_photons": 38,
    "q1q3_com_distance": 14.79976178862347,
    "moments_of_inertia": [
        111920.65507462074,
        95682.61918595988,
        33666.22172363005
    ]
}