{
    "time_duration": 4386.386963000001,
    "total_photons": 34,
    "q1q3_com_distance": 68.27474819243731,
    "moments_of_inertia": [
        133621.2467298538,
        360984.3058570616,
        316323.3359189676
    ]
}