{
    "time_duration": 2833.028168,
    "total_photons": 522,
    "q1q3_com_distance": 61.739190019427305,
    "moments_of_inertia": [
        2123827.2844862277,
        2939174.7721701493,
        3204959.0400968743
    ]
}