{
    "time_duration": 1755.1937859999998,
    "total_photons": 16,
    "q1q3_com_distance": 55.88590016721569,
    "moments_of_inertia": [
        31365.340484447603,
        79727.71562933271,
        90519.17326121955
    ]
}