{
    "time_duration": 1776.622193,
    "total_photons": 61,
    "q1q3_com_distance": 40.5767375271069,
    "moments_of_inertia": [
        394110.6537975768,
        208965.85150710942,
        252803.73449859276
    ]
}