{
    "time_duration": 2185.995423,
    "total_photons": 612,
    "q1q3_com_distance": 11.990588563416592,
    "moments_of_inertia": [
        511986.17765634786,
        2936374.272992009,
        2626400.1779117757
    ]
}