{
    "time_duration": 6749.769455,
    "total_photons": 3154,
    "q1q3_com_distance": 66.79844294326726,
    "moments_of_inertia": [
        22067677.43222893,
        24821428.227074765,
        34200587.97799695
    ]
}