{
    "time_duration": 6988.400299,
    "total_photons": 5692,
    "q1q3_com_distance": 46.949527938846806,
    "moments_of_inertia": [
        27757964.598698683,
        22492001.234276675,
        19770318.50832358
    ]
}