{
    "time_duration": 6020.638244000001,
    "total_photons": 451,
    "q1q3_com_distance": 54.41625205592707,
    "moments_of_inertia": [
        4421729.462227099,
        2341646.475416423,
        3372661.8066775436
    ]
}