{
    "time_duration": 3683.615066,
    "total_photons": 6488,
    "q1q3_com_distance": 34.635662008568175,
    "moments_of_inertia": [
        20027543.085876774,
        22352592.392144296,
        14795194.995532544
    ]
}