{
    "time_duration": 1576.9610590000002,
    "total_photons": 9,
    "q1q3_com_distance": 30.39171935833083,
    "moments_of_inertia": [
        26793.28765939336,
        105626.28331207955,
        97752.4530729715
    ]
}