{
    "time_duration": 4540.370362,
    "total_photons": 3816,
    "q1q3_com_distance": 29.47959948330384,
    "moments_of_inertia": [
        1811373.5863981298,
        3978988.79221584,
        4083641.4610123993
    ]
}