{
    "time_duration": 5498.643921000001,
    "total_photons": 2665,
    "q1q3_com_distance": 66.23226148862965,
    "moments_of_inertia": [
        21842011.581147138,
        16873102.92205781,
        19390748.838228263
    ]
}