{
    "time_duration": 7570.091141,
    "total_photons": 3937,
    "q1q3_com_distance": 54.3925103578294,
    "moments_of_inertia": [
        26421939.85619098,
        30527639.850519944,
        35123258.340090066
    ]
}