{
    "time_duration": 2090.2108759999996,
    "total_photons": 464,
    "q1q3_com_distance": 33.485510932303924,
    "moments_of_inertia": [
        482153.91831714404,
        1316606.1174359915,
        1016666.0028809158
    ]
}