{
    "time_duration": 4302.466796,
    "total_photons": 137,
    "q1q3_com_distance": 68.9201537496711,
    "moments_of_inertia": [
        590770.2444224751,
        1804580.256511186,
        1594471.3813115915
    ]
}