{
    "time_duration": 3138.095246,
    "total_photons": 2466,
    "q1q3_com_distance": 22.70903200906539,
    "moments_of_inertia": [
        12777537.887083923,
        14813708.637670208,
        16067813.977666648
    ]
}