{
    "time_duration": 3174.96994,
    "total_photons": 1492,
    "q1q3_com_distance": 44.86973874609762,
    "moments_of_inertia": [
        4354323.491807299,
        5323801.301987013,
        6148721.712996304
    ]
}