{
    "time_duration": 1497.0377199999998,
    "total_photons": 25,
    "q1q3_com_distance": 41.25858723233455,
    "moments_of_inertia": [
        62153.065720000064,
        33519.896173188645,
        28633.169546811394
    ]
}