{
    "time_duration": 5320.467895,
    "total_photons": 157,
    "q1q3_com_distance": 114.04657715500227,
    "moments_of_inertia": [
        1751020.9648950805,
        1474205.7357934834,
        2752853.278460481
    ]
}