{
    "time_duration": 5488.907821000001,
    "total_photons": 3809,
    "q1q3_com_distance": 52.428648529330125,
    "moments_of_inertia": [
        9794126.421449862,
        11593832.093514252,
        14439487.447324013
    ]
}