{
    "time_duration": 1825.254883,
    "total_photons": 550,
    "q1q3_com_distance": 55.417612777621486,
    "moments_of_inertia": [
        1773487.1220721537,
        2718618.8103121743,
        3055116.995422943
    ]
}