{
    "time_duration": 2975.561401,
    "total_photons": 857,
    "q1q3_com_distance": 72.56886601101242,
    "moments_of_inertia": [
        3206165.0486156847,
        5540308.170720423,
        5716394.148959808
    ]
}