{
    "time_duration": 4529.9777220000005,
    "total_photons": 236,
    "q1q3_com_distance": 118.91756001100747,
    "moments_of_inertia": [
        2686477.6129540657,
        2178621.034364226,
        3796554.8365613716
    ]
}