{
    "time_duration": 2769.569214,
    "total_photons": 19,
    "q1q3_com_distance": 81.15175123187434,
    "moments_of_inertia": [
        203288.1267385365,
        159336.65161620663,
        84314.96412946781
    ]
}