{
    "time_duration": 4124.3703000000005,
    "total_photons": 2023,
    "q1q3_com_distance": 47.386309180756264,
    "moments_of_inertia": [
        17786933.95817707,
        13575300.86181807,
        13073309.475966915
    ]
}