{
    "time_duration": 2735.245178,
    "total_photons": 491,
    "q1q3_com_distance": 58.74214055411025,
    "moments_of_inertia": [
        792690.8476954345,
        1548308.3709559976,
        1351368.7997876753
    ]
}