{
    "time_duration": 3581.2938,
    "total_photons": 12250,
    "q1q3_com_distance": 28.03305909282183,
    "moments_of_inertia": [
        20876072.99231441,
        16631648.161295505,
        14431907.649959428
    ]
}