{
    "time_duration": 4098.177857,
    "total_photons": 952,
    "q1q3_com_distance": 61.494240480109006,
    "moments_of_inertia": [
        10127229.384829609,
        6218220.25888504,
        5959596.100551515
    ]
}