{
    "time_duration": 4107.450806000001,
    "total_photons": 90,
    "q1q3_com_distance": 56.24552219606245,
    "moments_of_inertia": [
        931082.3584661982,
        561489.6372051527,
        689918.1666686487
    ]
}