{
    "time_duration": 3498.372803,
    "total_photons": 18,
    "q1q3_com_distance": 96.33874906806722,
    "moments_of_inertia": [
        106729.8971909692,
        216141.98458863754,
        264493.40637594904
    ]
}