{
    "time_duration": 1123.335113,
    "total_photons": 65,
    "q1q3_com_distance": 34.1488617427599,
    "moments_of_inertia": [
        33911.824168662744,
        90279.39533855864,
        72213.59231431696
    ]
}