{
    "time_duration": 5397.580749,
    "total_photons": 997,
    "q1q3_com_distance": 53.51096809432181,
    "moments_of_inertia": [
        5933187.174789676,
        12096511.88948534,
        9239385.59715849
    ]
}