{
    "time_duration": 3446.8445739999997,
    "total_photons": 405,
    "q1q3_com_distance": 11.587653515093091,
    "moments_of_inertia": [
        74509.12137896605,
        229479.43266126871,
        289193.1260002582
    ]
}