{
    "time_duration": 3288.001465,
    "total_photons": 16,
    "q1q3_com_distance": 51.065000000000055,
    "moments_of_inertia": [
        50579.81210702486,
        105398.92487422506,
        155978.73698125
    ]
}