{
    "time_duration": 7055.723114,
    "total_photons": 6102,
    "q1q3_com_distance": 75.19507865936704,
    "moments_of_inertia": [
        42976168.47694564,
        51442718.74921879,
        63744052.58433794
    ]
}