{
    "time_duration": 3579.507813,
    "total_photons": 11,
    "q1q3_com_distance": 96.9068722479933,
    "moments_of_inertia": [
        49011.78677299764,
        132255.98873898046,
        101889.31921529476
    ]
}