{
    "time_duration": 3298.743363,
    "total_photons": 5689,
    "q1q3_com_distance": 43.37745157273261,
    "moments_of_inertia": [
        24815779.45898453,
        33292411.941250328,
        35143687.16504651
    ]
}