{
    "time_duration": 4680.855102,
    "total_photons": 67,
    "q1q3_com_distance": 85.72664215046836,
    "moments_of_inertia": [
        399672.154513971,
        544829.3845574217,
        820592.8584390538
    ]
}