{
    "time_duration": 2782.069702,
    "total_photons": 105,
    "q1q3_com_distance": 62.022922049007676,
    "moments_of_inertia": [
        261861.62546099845,
        726701.5505298151,
        616919.500877758
    ]
}