{
    "time_duration": 5998.804383,
    "total_photons": 259,
    "q1q3_com_distance": 97.87558096303725,
    "moments_of_inertia": [
        1440967.8152579674,
        3984343.456173633,
        4255602.010988478
    ]
}