{
    "time_duration": 1767.4088140000001,
    "total_photons": 10,
    "q1q3_com_distance": 143.18129300528992,
    "moments_of_inertia": [
        181331.06076876642,
        64887.83723860288,
        116457.85477263074
    ]
}