{
    "time_duration": 4272.849182,
    "total_photons": 816,
    "q1q3_com_distance": 46.45483784712445,
    "moments_of_inertia": [
        4371975.378336064,
        3869262.083268921,
        5991049.029265118
    ]
}