{
    "time_duration": 3511.58448,
    "total_photons": 22587,
    "q1q3_com_distance": 24.5795726204464,
    "moments_of_inertia": [
        21792429.735792756,
        17936837.172892943,
        16022361.750646478
    ]
}