{
    "time_duration": 3495.157906,
    "total_photons": 4592,
    "q1q3_com_distance": 15.015165049937162,
    "moments_of_inertia": [
        4108873.568245907,
        4566740.190148779,
        4725617.883671627
    ]
}