{
    "time_duration": 904.1575320000001,
    "total_photons": 85,
    "q1q3_com_distance": 33.438693604358754,
    "moments_of_inertia": [
        126091.51893893375,
        104711.18784259856,
        39922.831947879626
    ]
}