{
    "time_duration": 2779.401702,
    "total_photons": 632,
    "q1q3_com_distance": 34.18703333337526,
    "moments_of_inertia": [
        438881.43620004354,
        538781.0242251869,
        716889.704069705
    ]
}