{
    "time_duration": 6027.139298,
    "total_photons": 633,
    "q1q3_com_distance": 46.68273785224504,
    "moments_of_inertia": [
        3784961.119206153,
        4841165.392868289,
        6739671.705591273
    ]
}