{
    "time_duration": 2525.0824509999998,
    "total_photons": 6759,
    "q1q3_com_distance": 11.21487126166651,
    "moments_of_inertia": [
        5164461.9896036,
        4593554.324275998,
        3140900.824285748
    ]
}