{
    "time_duration": 3276.367264,
    "total_photons": 6732,
    "q1q3_com_distance": 45.510522633473805,
    "moments_of_inertia": [
        12861154.457427949,
        18847090.05678687,
        16408076.43004018
    ]
}