{
    "time_duration": 2060.826904,
    "total_photons": 29,
    "q1q3_com_distance": 57.419378670227765,
    "moments_of_inertia": [
        152219.17623603268,
        96628.53533406502,
        108900.34840231614
    ]
}