{
    "time_duration": 3693.598877,
    "total_photons": 1926,
    "q1q3_com_distance": 35.646363659091676,
    "moments_of_inertia": [
        4092494.415751211,
        3538193.2756336676,
        3369112.8008093107
    ]
}