{
    "time_duration": 4241.106049,
    "total_photons": 4707,
    "q1q3_com_distance": 68.10104461120083,
    "moments_of_inertia": [
        18812496.92996392,
        26266454.328461017,
        24596480.301097963
    ]
}