{
    "time_duration": 6330.393692000001,
    "total_photons": 2960,
    "q1q3_com_distance": 77.03472394701745,
    "moments_of_inertia": [
        12605627.35447416,
        9263886.700459275,
        8241121.775957566
    ]
}