{
    "time_duration": 3217.7875980000003,
    "total_photons": 669,
    "q1q3_com_distance": 66.85738072383444,
    "moments_of_inertia": [
        3044380.237683991,
        4108902.638471268,
        5099870.195878222
    ]
}