{
    "time_duration": 1515.102295,
    "total_photons": 6,
    "q1q3_com_distance": 62.84759183930607,
    "moments_of_inertia": [
        61968.327399999995,
        42162.48796884439,
        19805.83943115556
    ]
}