{
    "time_duration": 3259.446656,
    "total_photons": 619,
    "q1q3_com_distance": 62.220794147833764,
    "moments_of_inertia": [
        1308150.27934383,
        3223097.5070077106,
        2724129.752047818
    ]
}