{
    "time_duration": 2215.059143,
    "total_photons": 524,
    "q1q3_com_distance": 30.159081448791756,
    "moments_of_inertia": [
        3473530.4593803664,
        1639422.3363121082,
        2288726.8971594363
    ]
}