{
    "time_duration": 988.9148559999999,
    "total_photons": 81,
    "q1q3_com_distance": 32.7459687768056,
    "moments_of_inertia": [
        122059.77829639008,
        142982.88253166372,
        216548.69561145257
    ]
}