{
    "time_duration": 2203.3255010000003,
    "total_photons": 26,
    "q1q3_com_distance": 32.77643756090135,
    "moments_of_inertia": [
        184925.33966539946,
        72981.17868226906,
        126927.70390617751
    ]
}