{
    "time_duration": 2741.598587,
    "total_photons": 1186,
    "q1q3_com_distance": 16.79806543788681,
    "moments_of_inertia": [
        2600951.795317621,
        1433675.2884400634,
        1804554.6052576643
    ]
}