{
    "time_duration": 3604.962997,
    "total_photons": 1388,
    "q1q3_com_distance": 42.71505996411711,
    "moments_of_inertia": [
        3429491.209646092,
        4957331.8885004865,
        5284858.126964961
    ]
}