{
    "time_duration": 4914.309722999999,
    "total_photons": 1228,
    "q1q3_com_distance": 22.874072619115946,
    "moments_of_inertia": [
        7966910.891587064,
        9550621.15896793,
        12407116.674667645
    ]
}