{
    "time_duration": 1408.3706049999998,
    "total_photons": 16,
    "q1q3_com_distance": 54.93812053119398,
    "moments_of_inertia": [
        80561.53029734021,
        66336.5849585658,
        30869.343381593844
    ]
}