{
    "time_duration": 3062.039887,
    "total_photons": 1470,
    "q1q3_com_distance": 40.206614182964685,
    "moments_of_inertia": [
        7044147.556536278,
        8850821.199122088,
        11295921.526894405
    ]
}