{
    "time_duration": 1503.724091,
    "total_photons": 92,
    "q1q3_com_distance": 65.43187794361947,
    "moments_of_inertia": [
        246219.38646070764,
        408278.7773633984,
        571027.9727367635
    ]
}