{
    "time_duration": 2966.119812,
    "total_photons": 86,
    "q1q3_com_distance": 51.768546748368664,
    "moments_of_inertia": [
        208581.79291674506,
        508039.8393805776,
        366964.12895384006
    ]
}