{
    "time_duration": 3492.4263920000003,
    "total_photons": 273,
    "q1q3_com_distance": 67.52943160297477,
    "moments_of_inertia": [
        2684523.203331044,
        1755417.3735701223,
        1609473.9809654993
    ]
}