{
    "time_duration": 845.5447999999999,
    "total_photons": 4,
    "q1q3_com_distance": 243.1460223816133,
    "moments_of_inertia": [
        707.2572748824314,
        41699.53604903947,
        40999.29117607811
    ]
}