{
    "time_duration": 4519.399597,
    "total_photons": 369,
    "q1q3_com_distance": 98.85773940497451,
    "moments_of_inertia": [
        1923877.3562304738,
        2825022.890648602,
        2558936.7520022243
    ]
}