{
    "time_duration": 3154.2633060000007,
    "total_photons": 7,
    "q1q3_com_distance": 288.68359864218115,
    "moments_of_inertia": [
        29449.842769546696,
        195727.74791912627,
        184657.4269684698
    ]
}