{
    "time_duration": 5729.216522000001,
    "total_photons": 4482,
    "q1q3_com_distance": 71.77622006150446,
    "moments_of_inertia": [
        48804429.35230131,
        60875535.93017625,
        70572441.94430472
    ]
}