{
    "time_duration": 2320.77063,
    "total_photons": 375,
    "q1q3_com_distance": 11.437262032987888,
    "moments_of_inertia": [
        1199013.5676489961,
        2276994.1332689356,
        1824214.7229412678
    ]
}