{
    "time_duration": 1391.870728,
    "total_photons": 17,
    "q1q3_com_distance": 143.00600635899855,
    "moments_of_inertia": [
        237366.18345998117,
        127734.36953184944,
        145242.6033140517
    ]
}