{
    "time_duration": 1811.874481,
    "total_photons": 21,
    "q1q3_com_distance": 65.75254375222968,
    "moments_of_inertia": [
        95112.95825679254,
        52141.382389803155,
        55717.93969626145
    ]
}