{
    "time_duration": 2666.434548,
    "total_photons": 2704,
    "q1q3_com_distance": 6.920148324729427,
    "moments_of_inertia": [
        1713432.8453253824,
        1587451.1266599891,
        1192264.293289702
    ]
}