{
    "time_duration": 2850.505921,
    "total_photons": 167,
    "q1q3_com_distance": 31.223841458947906,
    "moments_of_inertia": [
        1669219.2259448376,
        796409.3079439822,
        985114.101064474
    ]
}