{
    "time_duration": 2760.084122,
    "total_photons": 854,
    "q1q3_com_distance": 48.82020668887687,
    "moments_of_inertia": [
        1356882.8261832395,
        3436157.381340921,
        2875245.8058868423
    ]
}