{
    "time_duration": 4746.0277399999995,
    "total_photons": 251,
    "q1q3_com_distance": 55.568766636462506,
    "moments_of_inertia": [
        533781.0641982199,
        315414.58817077574,
        388841.0590668623
    ]
}