{
    "time_duration": 4545.584015,
    "total_photons": 1270,
    "q1q3_com_distance": 36.38190946675732,
    "moments_of_inertia": [
        9133075.774036545,
        10576657.186045416,
        12916926.052048255
    ]
}