{
    "time_duration": 4348.711471,
    "total_photons": 1462,
    "q1q3_com_distance": 91.69001744516835,
    "moments_of_inertia": [
        11391906.007760342,
        8726110.105154997,
        7819988.620227363
    ]
}