{
    "time_duration": 2380.870422,
    "total_photons": 1021,
    "q1q3_com_distance": 20.96632640574278,
    "moments_of_inertia": [
        3771475.9339638287,
        5552119.13293529,
        6149362.897785697
    ]
}