{
    "time_duration": 4220.324402,
    "total_photons": 545,
    "q1q3_com_distance": 33.9879026007956,
    "moments_of_inertia": [
        4233524.136176247,
        2016340.3588183539,
        2604119.8277268657
    ]
}