{
    "time_duration": 4501.452698,
    "total_photons": 159,
    "q1q3_com_distance": 95.19591983640906,
    "moments_of_inertia": [
        853044.714642563,
        947420.2153859511,
        1103970.59074633
    ]
}