{
    "time_duration": 2886.577972,
    "total_photons": 2067,
    "q1q3_com_distance": 46.099830133544295,
    "moments_of_inertia": [
        3767562.955838574,
        4799826.968882405,
        5518308.204843609
    ]
}