{
    "time_duration": 5891.030884,
    "total_photons": 7754,
    "q1q3_com_distance": 56.38496072961823,
    "moments_of_inertia": [
        64998462.86629487,
        65997955.846962534,
        84021190.45774072
    ]
}