{
    "time_duration": 3317.779251,
    "total_photons": 781,
    "q1q3_com_distance": 50.733497812714084,
    "moments_of_inertia": [
        1710161.3123319389,
        2330943.125881423,
        2192687.3213769104
    ]
}