{
    "time_duration": 4565.459107,
    "total_photons": 195,
    "q1q3_com_distance": 77.37848307092429,
    "moments_of_inertia": [
        1785629.9759317655,
        2287914.7459119633,
        3409121.946275246
    ]
}