{
    "time_duration": 5007.541046,
    "total_photons": 651,
    "q1q3_com_distance": 17.767321439358817,
    "moments_of_inertia": [
        3120103.313505541,
        3991954.923893544,
        4169116.2598807844
    ]
}