{
    "time_duration": 3287.232788,
    "total_photons": 41,
    "q1q3_com_distance": 88.08295547657112,
    "moments_of_inertia": [
        228630.52326125454,
        445573.5577320332,
        341126.5499237853
    ]
}