{
    "time_duration": 2890.487137,
    "total_photons": 904,
    "q1q3_com_distance": 66.32322674635081,
    "moments_of_inertia": [
        2112636.3663058933,
        3111179.7142799073,
        2807663.51068389
    ]
}