{
    "time_duration": 4593.524475,
    "total_photons": 126,
    "q1q3_com_distance": 79.01199530235981,
    "moments_of_inertia": [
        532301.5365056186,
        1487884.969699391,
        1553710.355042606
    ]
}