{
    "time_duration": 3099.696595,
    "total_photons": 1028,
    "q1q3_com_distance": 50.123770118364064,
    "moments_of_inertia": [
        3046837.629804994,
        4430595.994295778,
        3891254.2254591524
    ]
}