{
    "time_duration": 3922.010224,
    "total_photons": 2279,
    "q1q3_com_distance": 71.46591738102667,
    "moments_of_inertia": [
        8136461.056560204,
        10617019.350118503,
        11231246.243757984
    ]
}