{
    "time_duration": 4136.369202,
    "total_photons": 2146,
    "q1q3_com_distance": 27.520723282136913,
    "moments_of_inertia": [
        5968267.60483795,
        4865116.744432505,
        2371485.0133232996
    ]
}