{
    "time_duration": 4910.47876,
    "total_photons": 67,
    "q1q3_com_distance": 78.37724510230626,
    "moments_of_inertia": [
        577234.3679717853,
        872949.5066516257,
        1108864.124075098
    ]
}