{
    "time_duration": 2733.51123,
    "total_photons": 5,
    "q1q3_com_distance": 177.0287496425369,
    "moments_of_inertia": [
        14197.39986943395,
        45712.04520000004,
        31514.645330566073
    ]
}