{
    "time_duration": 3022.401489,
    "total_photons": 51,
    "q1q3_com_distance": 97.86226152188348,
    "moments_of_inertia": [
        191756.23807080346,
        454680.80405536963,
        556514.9888934346
    ]
}