{
    "time_duration": 3310.867157,
    "total_photons": 609,
    "q1q3_com_distance": 46.87951369447502,
    "moments_of_inertia": [
        2078486.8773246822,
        1036303.423724761,
        1248484.6423646824
    ]
}