{
    "time_duration": 3240.288895,
    "total_photons": 13991,
    "q1q3_com_distance": 3.6888956757015623,
    "moments_of_inertia": [
        8927268.271484375,
        7898060.699743094,
        2602639.9552623862
    ]
}