{
    "time_duration": 2460.043396,
    "total_photons": 1414,
    "q1q3_com_distance": 8.953552078025385,
    "moments_of_inertia": [
        1209389.1578103523,
        1387082.3358119046,
        513611.7537261252
    ]
}