{
    "time_duration": 2206.899688,
    "total_photons": 568,
    "q1q3_com_distance": 28.25888500849312,
    "moments_of_inertia": [
        808849.7984608295,
        1459338.4025129173,
        1558029.290814281
    ]
}