{
    "time_duration": 6101.097702,
    "total_photons": 13591,
    "q1q3_com_distance": 66.60559829967993,
    "moments_of_inertia": [
        133279915.99310382,
        108476216.4189613,
        98062182.05650859
    ]
}