{
    "time_duration": 3750.192856,
    "total_photons": 3294,
    "q1q3_com_distance": 23.070967408815036,
    "moments_of_inertia": [
        1008238.7569292686,
        2658890.3059709985,
        3058287.502777329
    ]
}