{
    "time_duration": 5659.855659999999,
    "total_photons": 93451,
    "q1q3_com_distance": 31.049394155423983,
    "moments_of_inertia": [
        203379482.58901227,
        259953180.3120897,
        264424901.72388434
    ]
}