{
    "time_duration": 3212.895416,
    "total_photons": 4345,
    "q1q3_com_distance": 16.151677685866225,
    "moments_of_inertia": [
        10739299.35297425,
        6253348.32245289,
        7191161.194880973
    ]
}