{
    "time_duration": 2719.451859,
    "total_photons": 1033,
    "q1q3_com_distance": 54.263845725788414,
    "moments_of_inertia": [
        3005010.5102547873,
        1555082.879172365,
        2035207.510717662
    ]
}