{
    "time_duration": 3099.274536,
    "total_photons": 73,
    "q1q3_com_distance": 63.04173458536399,
    "moments_of_inertia": [
        475700.30341303477,
        352688.68954584247,
        232749.88854249258
    ]
}