{
    "time_duration": 5236.451355,
    "total_photons": 365,
    "q1q3_com_distance": 61.18905961288519,
    "moments_of_inertia": [
        3397882.9351615133,
        2382100.8154247385,
        2183931.4432362127
    ]
}