{
    "time_duration": 4389.162139999999,
    "total_photons": 321,
    "q1q3_com_distance": 90.58749553586532,
    "moments_of_inertia": [
        1606945.3910589335,
        2660854.1936347676,
        3061532.3938795095
    ]
}