{
    "time_duration": 1022.405029,
    "total_photons": 8,
    "q1q3_com_distance": 113.17789625187422,
    "moments_of_inertia": [
        29998.794919942047,
        103824.6148512366,
        73826.01332882146
    ]
}