{
    "time_duration": 4977.73999,
    "total_photons": 260,
    "q1q3_com_distance": 69.84568890492473,
    "moments_of_inertia": [
        1140764.096682332,
        3397441.788866962,
        3091451.020979167
    ]
}