{
    "time_duration": 2595.393463,
    "total_photons": 740,
    "q1q3_com_distance": 15.328649499640402,
    "moments_of_inertia": [
        959359.2951227721,
        611283.1001048957,
        458981.86684016965
    ]
}