{
    "time_duration": 5750.383423,
    "total_photons": 1956,
    "q1q3_com_distance": 67.81260093415783,
    "moments_of_inertia": [
        13196506.133605836,
        10574788.061274737,
        8608079.745842883
    ]
}