{
    "time_duration": 2962.825135,
    "total_photons": 142,
    "q1q3_com_distance": 38.39701386923298,
    "moments_of_inertia": [
        418685.80281387304,
        1181604.9161663575,
        785594.1828662475
    ]
}