{
    "time_duration": 3068.513366,
    "total_photons": 72,
    "q1q3_com_distance": 94.07011216522379,
    "moments_of_inertia": [
        216587.28797179172,
        525781.9989044929,
        359013.72254315997
    ]
}