{
    "time_duration": 2038.5137329999998,
    "total_photons": 525,
    "q1q3_com_distance": 31.906163686071192,
    "moments_of_inertia": [
        584702.9968495234,
        2441304.384968697,
        2130391.763451874
    ]
}