{
    "time_duration": 964.5208740000003,
    "total_photons": 13,
    "q1q3_com_distance": 42.44321870321443,
    "moments_of_inertia": [
        24737.843866756695,
        68495.55710769231,
        43757.71324093563
    ]
}