{
    "time_duration": 2302.4060059999997,
    "total_photons": 4,
    "q1q3_com_distance": 244.27323185318525,
    "moments_of_inertia": [
        5136.975942792997,
        76894.36018762524,
        71757.52686958178
    ]
}