{
    "time_duration": 3521.551636,
    "total_photons": 3434,
    "q1q3_com_distance": 62.851961149507076,
    "moments_of_inertia": [
        12951055.730865646,
        18237173.162338197,
        21953181.538488474
    ]
}