{
    "time_duration": 5013.823913,
    "total_photons": 86,
    "q1q3_com_distance": 113.39166185074053,
    "moments_of_inertia": [
        328684.9969434327,
        698947.7641305114,
        722239.1308097757
    ]
}