{
    "time_duration": 3210.461319,
    "total_photons": 1876,
    "q1q3_com_distance": 41.6843729208716,
    "moments_of_inertia": [
        5074521.916388135,
        3730333.387963442,
        3338051.3469600575
    ]
}