{
    "time_duration": 2604.837768,
    "total_photons": 31,
    "q1q3_com_distance": 72.22127164572083,
    "moments_of_inertia": [
        72839.51069934227,
        238500.00249583717,
        186829.56876611096
    ]
}