{
    "time_duration": 2771.1555169999997,
    "total_photons": 464,
    "q1q3_com_distance": 44.23334653622405,
    "moments_of_inertia": [
        3006855.5205070856,
        2619330.058450964,
        2381845.1114303134
    ]
}