{
    "time_duration": 3081.976684,
    "total_photons": 219,
    "q1q3_com_distance": 41.17154430023347,
    "moments_of_inertia": [
        1917131.4101025937,
        1117790.2528625228,
        1184649.417389221
    ]
}