{
    "time_duration": 5511.1319889999995,
    "total_photons": 3002,
    "q1q3_com_distance": 75.99324449245165,
    "moments_of_inertia": [
        28654144.725766763,
        36892381.018468544,
        42915553.80180207
    ]
}