{
    "time_duration": 3058.295654,
    "total_photons": 74,
    "q1q3_com_distance": 57.28802291517049,
    "moments_of_inertia": [
        832233.7999911604,
        539858.3800996678,
        376907.03423890076
    ]
}