{
    "time_duration": 3816.675354,
    "total_photons": 111,
    "q1q3_com_distance": 54.91002287718031,
    "moments_of_inertia": [
        645095.1927116676,
        1626159.1869661035,
        1379094.0377997067
    ]
}