{
    "time_duration": 2966.497009,
    "total_photons": 1374,
    "q1q3_com_distance": 45.016904352759965,
    "moments_of_inertia": [
        2312360.7117998227,
        5895524.6656677835,
        4441695.655348839
    ]
}