{
    "time_duration": 5271.631119,
    "total_photons": 10895,
    "q1q3_com_distance": 39.20166924498138,
    "moments_of_inertia": [
        37169960.67796444,
        39943763.001734726,
        41750052.589241266
    ]
}