{
    "time_duration": 2090.792694,
    "total_photons": 205,
    "q1q3_com_distance": 62.96815403267061,
    "moments_of_inertia": [
        264385.9253469343,
        427727.8986302619,
        495468.0742237793
    ]
}