{
    "time_duration": 3842.785386,
    "total_photons": 6828,
    "q1q3_com_distance": 41.004600671032485,
    "moments_of_inertia": [
        11161756.451186478,
        14625277.025103446,
        17309524.191603623
    ]
}