{
    "time_duration": 5134.219666,
    "total_photons": 41,
    "q1q3_com_distance": 87.20067698785627,
    "moments_of_inertia": [
        193706.93109103525,
        445355.4419437713,
        488392.1521944618
    ]
}