{
    "time_duration": 1904.144287,
    "total_photons": 16,
    "q1q3_com_distance": 82.42644740160762,
    "moments_of_inertia": [
        49003.03225340476,
        204266.69746416312,
        155464.55060743197
    ]
}