{
    "time_duration": 5054.031921000001,
    "total_photons": 186,
    "q1q3_com_distance": 73.60590748232758,
    "moments_of_inertia": [
        1843182.397566229,
        1052117.2139662977,
        1368283.431837364
    ]
}