{
    "time_duration": 2965.719528,
    "total_photons": 1203,
    "q1q3_com_distance": 53.57642662595872,
    "moments_of_inertia": [
        1926380.5171946674,
        4021628.7371243453,
        3098866.3876523967
    ]
}