{
    "time_duration": 3655.5438839999997,
    "total_photons": 182,
    "q1q3_com_distance": 79.90932738260885,
    "moments_of_inertia": [
        2362735.3434696454,
        1664530.1578634826,
        1550168.5292888482
    ]
}