{
    "time_duration": 2346.378632,
    "total_photons": 19,
    "q1q3_com_distance": 32.069557714443114,
    "moments_of_inertia": [
        67843.71698327368,
        36755.61673506387,
        31088.10632376776
    ]
}