{
    "time_duration": 2530.7000740000003,
    "total_photons": 17,
    "q1q3_com_distance": 105.03595542241713,
    "moments_of_inertia": [
        124673.30395331071,
        154427.4060302524,
        223243.61634584898
    ]
}