{
    "time_duration": 2840.947937,
    "total_photons": 76,
    "q1q3_com_distance": 55.5976931430203,
    "moments_of_inertia": [
        504522.38139360247,
        422834.29877270805,
        175747.94890210943
    ]
}