{
    "time_duration": 5608.284088,
    "total_photons": 2273,
    "q1q3_com_distance": 13.271557359636564,
    "moments_of_inertia": [
        15899276.917756611,
        17116384.708793472,
        21908757.38633912
    ]
}