{
    "time_duration": 4678.357986999999,
    "total_photons": 4618,
    "q1q3_com_distance": 59.765396278452634,
    "moments_of_inertia": [
        14943244.74742355,
        18667114.01386924,
        23045883.811226785
    ]
}