{
    "time_duration": 4465.25824,
    "total_photons": 2825,
    "q1q3_com_distance": 27.66749651785348,
    "moments_of_inertia": [
        21205291.067416176,
        24271753.188272353,
        30833523.49490097
    ]
}