{
    "time_duration": 1650.1799929999997,
    "total_photons": 14,
    "q1q3_com_distance": 63.680859810856795,
    "moments_of_inertia": [
        15622.379767914845,
        40882.93749637085,
        56505.31726428568
    ]
}