{
    "time_duration": 2726.111328,
    "total_photons": 23,
    "q1q3_com_distance": 83.93009460590129,
    "moments_of_inertia": [
        144935.7755797474,
        75059.84113003525,
        110192.89565543461
    ]
}