{
    "time_duration": 5673.364777000001,
    "total_photons": 5470,
    "q1q3_com_distance": 46.32699103933961,
    "moments_of_inertia": [
        14525306.727160402,
        18588869.26712448,
        19032858.99273091
    ]
}