{
    "time_duration": 6337.245392,
    "total_photons": 14168,
    "q1q3_com_distance": 47.76014610125221,
    "moments_of_inertia": [
        109608096.04065984,
        153765493.4763176,
        180507293.93359905
    ]
}