{
    "time_duration": 3926.663406,
    "total_photons": 4650,
    "q1q3_com_distance": 14.714961647298047,
    "moments_of_inertia": [
        10565141.315731462,
        8169066.841769619,
        4554017.87380827
    ]
}