{
    "time_duration": 3345.981903,
    "total_photons": 2101,
    "q1q3_com_distance": 63.50691792102631,
    "moments_of_inertia": [
        9099409.435989104,
        12737667.789732574,
        15290563.32599942
    ]
}