{
    "time_duration": 2582.9780579999997,
    "total_photons": 4772,
    "q1q3_com_distance": 46.922916988952956,
    "moments_of_inertia": [
        10325811.692302987,
        14267527.077781305,
        18339099.556560386
    ]
}