{
    "time_duration": 3468.9916989999997,
    "total_photons": 26,
    "q1q3_com_distance": 95.62992159403679,
    "moments_of_inertia": [
        282875.00161102525,
        235802.9107337217,
        129002.5244629453
    ]
}