{
    "time_duration": 5230.93164,
    "total_photons": 1082,
    "q1q3_com_distance": 53.74317790203162,
    "moments_of_inertia": [
        8246813.32298558,
        11957351.75138682,
        15352157.063959554
    ]
}