{
    "time_duration": 4176.668808,
    "total_photons": 1680,
    "q1q3_com_distance": 45.555496653436485,
    "moments_of_inertia": [
        5964996.604318548,
        7850865.553565011,
        9537042.607552858
    ]
}