{
    "time_duration": 3093.905167,
    "total_photons": 15221,
    "q1q3_com_distance": 7.861419702960013,
    "moments_of_inertia": [
        2959301.9685201254,
        8462808.476896102,
        9302177.4265625
    ]
}