{
    "time_duration": 4432.611698000001,
    "total_photons": 8840,
    "q1q3_com_distance": 29.124668155895773,
    "moments_of_inertia": [
        22789388.41132712,
        31627004.316755604,
        29820538.668298516
    ]
}