{
    "time_duration": 7848.794037,
    "total_photons": 8945,
    "q1q3_com_distance": 126.93762785908534,
    "moments_of_inertia": [
        56061404.28013095,
        98650988.96232021,
        115270595.68078433
    ]
}