{
    "time_duration": 3124.901062,
    "total_photons": 2959,
    "q1q3_com_distance": 39.02258871796519,
    "moments_of_inertia": [
        10527399.43349492,
        15346853.05485974,
        13475710.005638177
    ]
}