{
    "time_duration": 4238.723435,
    "total_photons": 2685,
    "q1q3_com_distance": 39.772790477582916,
    "moments_of_inertia": [
        5360267.922833508,
        6245071.143970674,
        6772029.0802626265
    ]
}