{
    "time_duration": 4774.854736,
    "total_photons": 1431,
    "q1q3_com_distance": 45.82628076978683,
    "moments_of_inertia": [
        5194533.22548648,
        7124762.065587032,
        8808216.57603368
    ]
}