{
    "time_duration": 3048.8319549999997,
    "total_photons": 2568,
    "q1q3_com_distance": 59.348589186875955,
    "moments_of_inertia": [
        5232626.324442893,
        8731433.15623382,
        9405418.480113707
    ]
}