{
    "time_duration": 5210.93985,
    "total_photons": 2708,
    "q1q3_com_distance": 30.030351242178767,
    "moments_of_inertia": [
        6746120.376379961,
        4743353.428196936,
        4245889.9332197
    ]
}