{
    "time_duration": 2749.969604,
    "total_photons": 38,
    "q1q3_com_distance": 43.44538281566862,
    "moments_of_inertia": [
        212281.8955024081,
        343586.96947412135,
        302570.22001820727
    ]
}