{
    "time_duration": 1819.933288,
    "total_photons": 103,
    "q1q3_com_distance": 43.636933060460095,
    "moments_of_inertia": [
        697713.9896604329,
        287379.0773957565,
        433581.6928933253
    ]
}