{
    "time_duration": 1422.16095,
    "total_photons": 8,
    "q1q3_com_distance": 112.03116207109508,
    "moments_of_inertia": [
        7787.216728530679,
        42247.47942500003,
        34460.26269646934
    ]
}