{
    "time_duration": 5920.042785000001,
    "total_photons": 3277,
    "q1q3_com_distance": 15.791140590699458,
    "moments_of_inertia": [
        16692112.385099374,
        21416047.289435636,
        22777017.711887054
    ]
}