{
    "time_duration": 1046.417603,
    "total_photons": 11,
    "q1q3_com_distance": 75.22468189807556,
    "moments_of_inertia": [
        12192.37437834475,
        75816.88812727276,
        63624.51374892803
    ]
}