{
    "time_duration": 4072.750854,
    "total_photons": 3033,
    "q1q3_com_distance": 39.31563692143007,
    "moments_of_inertia": [
        5858700.695948018,
        9669653.928176371,
        8870180.485575955
    ]
}