{
    "time_duration": 808.232299,
    "total_photons": 8,
    "q1q3_com_distance": 25.534999999999854,
    "moments_of_inertia": [
        45452.194375000036,
        31775.125307582344,
        13677.069067417606
    ]
}