{
    "time_duration": 4423.699829,
    "total_photons": 111,
    "q1q3_com_distance": 63.014997920198354,
    "moments_of_inertia": [
        698625.8007645947,
        1685151.496738252,
        1294356.4549476034
    ]
}