{
    "time_duration": 5071.739418,
    "total_photons": 5740,
    "q1q3_com_distance": 26.54130439033862,
    "moments_of_inertia": [
        13491403.805233918,
        14642042.985989777,
        15434566.240182934
    ]
}