{
    "time_duration": 2942.758652,
    "total_photons": 98,
    "q1q3_com_distance": 57.47769833805112,
    "moments_of_inertia": [
        479897.54404256504,
        407165.44541019393,
        427292.0110064244
    ]
}