{
    "time_duration": 1927.970916,
    "total_photons": 19,
    "q1q3_com_distance": 103.31844127744088,
    "moments_of_inertia": [
        28183.387254707734,
        73055.32904595463,
        101238.7088572322
    ]
}