{
    "time_duration": 2024.768341,
    "total_photons": 18,
    "q1q3_com_distance": 111.95693468472591,
    "moments_of_inertia": [
        54613.102910934744,
        155053.3101569662,
        178234.09348765455
    ]
}