{
    "time_duration": 918.358612,
    "total_photons": 7,
    "q1q3_com_distance": 67.71336131074858,
    "moments_of_inertia": [
        5895.781285909197,
        25745.482914090804,
        31641.26419999999
    ]
}