{
    "time_duration": 483.23004199999997,
    "total_photons": 6,
    "q1q3_com_distance": 62.321516348689755,
    "moments_of_inertia": [
        1502.8368131314783,
        14462.202333333336,
        12959.365520201864
    ]
}