{
    "time_duration": 749.255936,
    "total_photons": 14,
    "q1q3_com_distance": 13.906881614869992,
    "moments_of_inertia": [
        12670.226214447757,
        60345.66937110312,
        47697.411400163546
    ]
}