{
    "time_duration": 2086.544739,
    "total_photons": 24,
    "q1q3_com_distance": 41.80148259598242,
    "moments_of_inertia": [
        144119.5854949214,
        116596.65720845746,
        103451.15457995441
    ]
}