{
    "time_duration": 907.63266,
    "total_photons": 5,
    "q1q3_com_distance": 0.0,
    "moments_of_inertia": [
        4982.502879999989,
        4982.502879999989,
        0.0
    ]
}