{
    "time_duration": 2082.607392,
    "total_photons": 118,
    "q1q3_com_distance": 34.357392796569584,
    "moments_of_inertia": [
        290596.0177177591,
        227194.6491234562,
        157691.53209098804
    ]
}