{
    "time_duration": 1234.994141,
    "total_photons": 14,
    "q1q3_com_distance": 35.18432472351863,
    "moments_of_inertia": [
        20705.736752918405,
        52582.16018844146,
        56666.71095864011
    ]
}