{
    "time_duration": 2112.607559,
    "total_photons": 41,
    "q1q3_com_distance": 20.07930992422449,
    "moments_of_inertia": [
        162298.41841223586,
        316420.1238216625,
        292651.70158073655
    ]
}