{
    "time_duration": 1349.964737,
    "total_photons": 94,
    "q1q3_com_distance": 30.021494117178086,
    "moments_of_inertia": [
        57822.49003323662,
        74025.06503829779,
        16202.575005061168
    ]
}