{
    "time_duration": 2047.6401070000002,
    "total_photons": 11,
    "q1q3_com_distance": 135.998361305487,
    "moments_of_inertia": [
        35926.99585770878,
        68282.60766506003,
        103116.33454995832
    ]
}