{
    "time_duration": 4164.736603,
    "total_photons": 63,
    "q1q3_com_distance": 40.41188467575914,
    "moments_of_inertia": [
        425341.44115851785,
        494884.7720100946,
        761535.5370091655
    ]
}