{
    "time_duration": 2312.8498379999996,
    "total_photons": 332,
    "q1q3_com_distance": 17.706776189829508,
    "moments_of_inertia": [
        430192.53094650776,
        463849.6744994944,
        448227.2848925514
    ]
}