{
    "time_duration": 1395.258972,
    "total_photons": 71,
    "q1q3_com_distance": 23.054336634445264,
    "moments_of_inertia": [
        50271.102786845026,
        62634.212316908466,
        93131.26113849985
    ]
}