{
    "time_duration": 1040.610107,
    "total_photons": 32,
    "q1q3_com_distance": 84.66027758968487,
    "moments_of_inertia": [
        74785.71704936781,
        168288.9105242957,
        154257.3903263367
    ]
}