{
    "time_duration": 1410.5952069999998,
    "total_photons": 21,
    "q1q3_com_distance": 75.19336172975792,
    "moments_of_inertia": [
        56588.73230677468,
        64243.24886124518,
        87134.99521293266
    ]
}