{
    "time_duration": 2216.542633,
    "total_photons": 4,
    "q1q3_com_distance": 223.43983933041127,
    "moments_of_inertia": [
        30006.296311697184,
        61264.790038674866,
        90416.84759962789
    ]
}