{
    "time_duration": 3920.4364020000003,
    "total_photons": 504,
    "q1q3_com_distance": 55.273427668086015,
    "moments_of_inertia": [
        2225070.40516519,
        2654160.7431175127,
        2855607.874798646
    ]
}