{
    "time_duration": 264.576904,
    "total_photons": 6,
    "q1q3_com_distance": 25.529999999999973,
    "moments_of_inertia": [
        1593.2421999999965,
        1593.2421999999965,
        0.0
    ]
}