{
    "time_duration": 2466.281677,
    "total_photons": 23,
    "q1q3_com_distance": 49.64244073594902,
    "moments_of_inertia": [
        127232.12810009875,
        249124.43562359814,
        304103.2753371729
    ]
}