{
    "time_duration": 3344.156814,
    "total_photons": 153,
    "q1q3_com_distance": 62.358189135682316,
    "moments_of_inertia": [
        780524.985910657,
        1069010.6920186533,
        1131405.5151425863
    ]
}