{
    "time_duration": 1170.809327,
    "total_photons": 21,
    "q1q3_com_distance": 77.83903728421456,
    "moments_of_inertia": [
        116615.67731482742,
        68566.82034675378,
        89301.3345479425
    ]
}