{
    "time_duration": 1819.7706600000001,
    "total_photons": 10,
    "q1q3_com_distance": 97.6409138402317,
    "moments_of_inertia": [
        50683.97341445333,
        85888.66788026608,
        81936.87422528063
    ]
}