{
    "time_duration": 2285.7281000000003,
    "total_photons": 1102,
    "q1q3_com_distance": 4.86348365427065,
    "moments_of_inertia": [
        243844.625608955,
        431203.36423661915,
        394358.0559313771
    ]
}