{
    "time_duration": 671.73587,
    "total_photons": 10,
    "q1q3_com_distance": 94.22943518644034,
    "moments_of_inertia": [
        51299.036092392664,
        32439.51505184279,
        23523.000575764665
    ]
}