{
    "time_duration": 2663.934815,
    "total_photons": 50,
    "q1q3_com_distance": 51.892002131418295,
    "moments_of_inertia": [
        250189.04916822363,
        398729.55538348603,
        496526.8695802901
    ]
}