{
    "time_duration": 1128.104416,
    "total_photons": 16,
    "q1q3_com_distance": 33.98946978477312,
    "moments_of_inertia": [
        4474.360434526687,
        16729.099184223294,
        21203.45961874998
    ]
}