{
    "time_duration": 2144.42154,
    "total_photons": 43,
    "q1q3_com_distance": 52.28151446300555,
    "moments_of_inertia": [
        330940.16245446773,
        292625.6440641296,
        259732.35096047205
    ]
}