{
    "time_duration": 3255.507813,
    "total_photons": 53,
    "q1q3_com_distance": 53.071444323802055,
    "moments_of_inertia": [
        336635.0521726199,
        398048.41557841457,
        492456.9632150035
    ]
}