{
    "time_duration": 2731.708709,
    "total_photons": 15,
    "q1q3_com_distance": 146.0337593674833,
    "moments_of_inertia": [
        208536.5775544527,
        124825.60009933285,
        152433.04071954775
    ]
}