{
    "time_duration": 4460.261352,
    "total_photons": 7,
    "q1q3_com_distance": 111.84255149539429,
    "moments_of_inertia": [
        50650.95855848035,
        32267.82051882847,
        28620.55537983404
    ]
}