{
    "time_duration": 1211.17157,
    "total_photons": 14,
    "q1q3_com_distance": 109.37647073296904,
    "moments_of_inertia": [
        57413.84472913477,
        91971.87801772196,
        109118.2048674291
    ]
}