{
    "time_duration": 1964.4449160000001,
    "total_photons": 79,
    "q1q3_com_distance": 10.360398170437218,
    "moments_of_inertia": [
        75731.8632481012,
        61250.26868938728,
        14481.594558713936
    ]
}