{
    "time_duration": 2231.525757,
    "total_photons": 188,
    "q1q3_com_distance": 12.177975074396475,
    "moments_of_inertia": [
        381371.56090564834,
        264118.2865542843,
        139782.17121879206
    ]
}