{
    "time_duration": 1739.2915950000001,
    "total_photons": 39,
    "q1q3_com_distance": 74.81022990874985,
    "moments_of_inertia": [
        186274.35527162754,
        301197.4640935345,
        258291.49768099145
    ]
}