{
    "time_duration": 2023.304596,
    "total_photons": 46,
    "q1q3_com_distance": 52.351626719127665,
    "moments_of_inertia": [
        83241.690483823,
        155318.38395234765,
        139499.28432904655
    ]
}