{
    "time_duration": 1415.030747,
    "total_photons": 17,
    "q1q3_com_distance": 109.18200469399703,
    "moments_of_inertia": [
        46503.18359095908,
        82636.41648774696,
        115725.56512129388
    ]
}