{
    "time_duration": 3194.859192,
    "total_photons": 11,
    "q1q3_com_distance": 170.3894488778248,
    "moments_of_inertia": [
        73847.68551906041,
        177567.33727215044,
        198229.13429969797
    ]
}