{
    "time_duration": 898.690308,
    "total_photons": 4,
    "q1q3_com_distance": 34.039999999999964,
    "moments_of_inertia": [
        6952.3295999999855,
        6952.3295999999855,
        0.0
    ]
}