{
    "time_duration": 2030.951508,
    "total_photons": 13,
    "q1q3_com_distance": 129.32485147767323,
    "moments_of_inertia": [
        104947.85597979874,
        157960.66454918685,
        252084.83676332227
    ]
}