{
    "time_duration": 2471.904282,
    "total_photons": 72,
    "q1q3_com_distance": 56.80351516574644,
    "moments_of_inertia": [
        265809.17901707895,
        411344.8710654516,
        334041.903623025
    ]
}