{
    "time_duration": 843.5726629999999,
    "total_photons": 19,
    "q1q3_com_distance": 95.22634939973301,
    "moments_of_inertia": [
        115730.505481723,
        92951.11533142778,
        50382.9661552704
    ]
}