{
    "time_duration": 1632.4541020000001,
    "total_photons": 61,
    "q1q3_com_distance": 72.12202098548856,
    "moments_of_inertia": [
        312463.93242208235,
        267048.33720205637,
        224699.9243889763
    ]
}