{
    "time_duration": 5771.180542,
    "total_photons": 515,
    "q1q3_com_distance": 3.9187640641096966,
    "moments_of_inertia": [
        172464.868881172,
        380387.51604883233,
        328360.8597892186
    ]
}