{
    "time_duration": 2229.489281,
    "total_photons": 46,
    "q1q3_com_distance": 76.07609508285472,
    "moments_of_inertia": [
        171795.02762750842,
        259611.0000058352,
        229739.64583622146
    ]
}