{
    "time_duration": 1270.924256,
    "total_photons": 4,
    "q1q3_com_distance": 126.25655230521693,
    "moments_of_inertia": [
        2516.762514349839,
        16031.078085650137,
        18547.840599999974
    ]
}