{
    "time_duration": 1512.541062,
    "total_photons": 120,
    "q1q3_com_distance": 21.987610342089408,
    "moments_of_inertia": [
        101136.74845583334,
        71134.01536366696,
        30002.733092166385
    ]
}