{
    "time_duration": 2379.078095,
    "total_photons": 15,
    "q1q3_com_distance": 92.96405955394785,
    "moments_of_inertia": [
        69005.33797767395,
        139996.6095413234,
        146247.52640100237
    ]
}