{
    "time_duration": 3075.17096,
    "total_photons": 42,
    "q1q3_com_distance": 22.06047055611067,
    "moments_of_inertia": [
        212559.3485952649,
        245615.30875349537,
        302117.5449750491
    ]
}