{
    "time_duration": 2573.018875,
    "total_photons": 200,
    "q1q3_com_distance": 78.10229096486226,
    "moments_of_inertia": [
        920199.220167551,
        1367475.7540175102,
        1251384.535224938
    ]
}