{
    "time_duration": 5603.540177,
    "total_photons": 75,
    "q1q3_com_distance": 89.55666453792193,
    "moments_of_inertia": [
        523169.57249071205,
        786449.4065014338,
        874001.3857065212
    ]
}