{
    "time_duration": 858.387848,
    "total_photons": 19,
    "q1q3_com_distance": 122.06904664164458,
    "moments_of_inertia": [
        14310.77429223626,
        64274.68295513052,
        65056.622963159556
    ]
}