{
    "time_duration": 2525.984466,
    "total_photons": 26,
    "q1q3_com_distance": 86.9208704770595,
    "moments_of_inertia": [
        187048.77181943442,
        131365.618977782,
        83746.42447970652
    ]
}