{
    "time_duration": 988.0472410000001,
    "total_photons": 25,
    "q1q3_com_distance": 64.82246631903588,
    "moments_of_inertia": [
        20421.289654756496,
        73973.27626622612,
        77791.69673501748
    ]
}