{
    "time_duration": 2683.979401,
    "total_photons": 5,
    "q1q3_com_distance": 184.1851666801646,
    "moments_of_inertia": [
        4411.243996976766,
        51332.07793094591,
        46923.877032077304
    ]
}