{
    "time_duration": 1342.771439,
    "total_photons": 35,
    "q1q3_com_distance": 29.37138810996487,
    "moments_of_inertia": [
        45459.34473495793,
        96954.4488114883,
        94252.19480783958
    ]
}