{
    "time_duration": 1457.4642640000002,
    "total_photons": 4,
    "q1q3_com_distance": 136.1600000000003,
    "moments_of_inertia": [
        19118.906400000065,
        19118.906400000065,
        0.0
    ]
}