{
    "time_duration": 3129.687316,
    "total_photons": 34,
    "q1q3_com_distance": 27.604615332482318,
    "moments_of_inertia": [
        88740.31165338107,
        259795.8631137869,
        229670.76676812605
    ]
}