{
    "time_duration": 1915.24707,
    "total_photons": 4,
    "q1q3_com_distance": 250.0311648575033,
    "moments_of_inertia": [
        1379.2542511589127,
        76068.37374065776,
        77447.62790818335
    ]
}