{
    "time_duration": 1066.3849799999998,
    "total_photons": 7,
    "q1q3_com_distance": 84.50754463360076,
    "moments_of_inertia": [
        7306.4010438363,
        27088.705371428558,
        19782.304327592276
    ]
}