{
    "time_duration": 2159.976669,
    "total_photons": 76,
    "q1q3_com_distance": 46.819574161388275,
    "moments_of_inertia": [
        180189.3972989273,
        329413.63585662364,
        294911.3433260283
    ]
}