{
    "time_duration": 5360.052887,
    "total_photons": 105,
    "q1q3_com_distance": 54.64198449458896,
    "moments_of_inertia": [
        877345.0700535818,
        1161998.969872989,
        1250660.6434791442
    ]
}