{
    "time_duration": 2854.213252,
    "total_photons": 1383,
    "q1q3_com_distance": 25.810922884507562,
    "moments_of_inertia": [
        951822.1458948267,
        811377.2845199996,
        832171.2981413549
    ]
}