{
    "time_duration": 2681.530197,
    "total_photons": 94,
    "q1q3_com_distance": 64.62183930858845,
    "moments_of_inertia": [
        346250.0743882898,
        621729.0319027128,
        533987.9911600627
    ]
}