{
    "time_duration": 1386.41986,
    "total_photons": 6,
    "q1q3_com_distance": 125.58513546594594,
    "moments_of_inertia": [
        16266.062145207623,
        55117.86842298119,
        63607.152831811145
    ]
}