{
    "time_duration": 4292.53064,
    "total_photons": 37,
    "q1q3_com_distance": 75.28703733203066,
    "moments_of_inertia": [
        179955.77438742144,
        225005.17878699084,
        294778.23247964185
    ]
}