{
    "time_duration": 2160.260009,
    "total_photons": 5,
    "q1q3_com_distance": 168.77758989273434,
    "moments_of_inertia": [
        5859.1755825082,
        43767.97529798357,
        39405.57967950822
    ]
}