{
    "time_duration": 467.560212,
    "total_photons": 24,
    "q1q3_com_distance": 8.509999999999764,
    "moments_of_inertia": [
        2124.3229333333284,
        -1.25817250670937e-54,
        2124.322933333329
    ]
}