{
    "time_duration": 705.11676,
    "total_photons": 5,
    "q1q3_com_distance": 51.12829598177493,
    "moments_of_inertia": [
        6013.652025532705,
        47612.33306477505,
        41702.649389692255
    ]
}