{
    "time_duration": 1544.2620700000002,
    "total_photons": 20,
    "q1q3_com_distance": 55.07307033387551,
    "moments_of_inertia": [
        60761.43283100937,
        52809.458701180054,
        37202.8069078107
    ]
}