{
    "time_duration": 2529.8022159999996,
    "total_photons": 16,
    "q1q3_com_distance": 59.72132648811522,
    "moments_of_inertia": [
        18058.276365861515,
        88887.18092916226,
        97396.7036674764
    ]
}