{
    "time_duration": 1087.009033,
    "total_photons": 5,
    "q1q3_com_distance": 92.07605198964589,
    "moments_of_inertia": [
        1342.3202300808007,
        19569.65431999999,
        18227.334089919183
    ]
}