{
    "time_duration": 1077.6130529999998,
    "total_photons": 6,
    "q1q3_com_distance": 102.125,
    "moments_of_inertia": [
        21679.84914999995,
        21679.84914999995,
        -2.2737367544323206e-13
    ]
}