{
    "time_duration": 2270.893966,
    "total_photons": 27,
    "q1q3_com_distance": 55.858112980249174,
    "moments_of_inertia": [
        118905.7250497177,
        198690.13054781003,
        264931.9370839541
    ]
}