{
    "time_duration": 1704.6646730000002,
    "total_photons": 6,
    "q1q3_com_distance": 112.04369080854165,
    "moments_of_inertia": [
        38690.19248333334,
        26029.478782085338,
        12660.713701248007
    ]
}