{
    "time_duration": 1603.0654909999998,
    "total_photons": 23,
    "q1q3_com_distance": 105.74278884002793,
    "moments_of_inertia": [
        150165.30470558393,
        201103.0173742735,
        232338.64635492512
    ]
}