{
    "time_duration": 1108.829361,
    "total_photons": 91,
    "q1q3_com_distance": 26.612419606561282,
    "moments_of_inertia": [
        64422.234804514315,
        29056.683504721426,
        49807.57176109432
    ]
}