{
    "time_duration": 1200.331787,
    "total_photons": 29,
    "q1q3_com_distance": 117.54558503976477,
    "moments_of_inertia": [
        34332.09817449105,
        181264.36991651557,
        166824.69666761393
    ]
}