{
    "time_duration": 796.572907,
    "total_photons": 6,
    "q1q3_com_distance": 64.73711474108178,
    "moments_of_inertia": [
        308.4927350808048,
        14670.440014919202,
        14978.932749999994
    ]
}