{
    "time_duration": 557.4941409999999,
    "total_photons": 4,
    "q1q3_com_distance": 126.23839590235612,
    "moments_of_inertia": [
        3947.9270444653157,
        24644.362030534678,
        28592.289075000004
    ]
}