{
    "time_duration": 71.15766100000002,
    "total_photons": 7,
    "q1q3_com_distance": 17.0300000000002,
    "moments_of_inertia": [
        414.31557142858117,
        414.31557142858117,
        0.0
    ]
}