{
    "time_duration": 1001.387238,
    "total_photons": 9,
    "q1q3_com_distance": 57.61632079734196,
    "moments_of_inertia": [
        6107.219274111329,
        27851.243977777758,
        21744.02470366645
    ]
}