{
    "time_duration": 639.513137,
    "total_photons": 44,
    "q1q3_com_distance": 13.732267483847487,
    "moments_of_inertia": [
        10821.842251757447,
        18440.759975515255,
        29262.602227272677
    ]
}