{
    "time_duration": 2956.779724,
    "total_photons": 104,
    "q1q3_com_distance": 34.96707948389683,
    "moments_of_inertia": [
        286382.2149919381,
        237626.42814273422,
        163010.04243071243
    ]
}