{
    "time_duration": 2116.5322419999998,
    "total_photons": 79,
    "q1q3_com_distance": 32.67134493711576,
    "moments_of_inertia": [
        242814.72574828973,
        404550.1600163375,
        360246.6336834742
    ]
}