{
    "time_duration": 339.7889409999998,
    "total_photons": 4,
    "q1q3_com_distance": 123.69433172138494,
    "moments_of_inertia": [
        19588.985599999993,
        6431.597104869885,
        13157.388495130115
    ]
}