{
    "time_duration": 1406.6601409999998,
    "total_photons": 34,
    "q1q3_com_distance": 72.63988097899102,
    "moments_of_inertia": [
        91241.33822891215,
        147373.87765748642,
        130755.39193713112
    ]
}