{
    "time_duration": 1725.573516,
    "total_photons": 13,
    "q1q3_com_distance": 136.39931371507862,
    "moments_of_inertia": [
        32709.32418571807,
        95214.62584910907,
        111038.50661132667
    ]
}