{
    "time_duration": 2331.855651,
    "total_photons": 219,
    "q1q3_com_distance": 10.782569762245432,
    "moments_of_inertia": [
        330334.21420822805,
        248658.05086441114,
        123861.84363421077
    ]
}