{
    "time_duration": 2124.577881,
    "total_photons": 5,
    "q1q3_com_distance": 186.06800974374937,
    "moments_of_inertia": [
        11076.874523971506,
        125957.41142696019,
        130866.05836906831
    ]
}