{
    "time_duration": 1884.098693,
    "total_photons": 18,
    "q1q3_com_distance": 70.6640219064837,
    "moments_of_inertia": [
        37909.599951573415,
        71831.4412420606,
        67527.32308414372
    ]
}