{
    "time_duration": 1211.457291,
    "total_photons": 13,
    "q1q3_com_distance": 33.330254628656974,
    "moments_of_inertia": [
        14863.154238249543,
        35411.895069442755,
        50275.049307692294
    ]
}