{
    "time_duration": 1402.269879,
    "total_photons": 448,
    "q1q3_com_distance": 9.60322790029022,
    "moments_of_inertia": [
        69852.05783687046,
        102789.86413220258,
        133102.22047155251
    ]
}