{
    "time_duration": 1601.9793089999998,
    "total_photons": 8,
    "q1q3_com_distance": 86.50001242774495,
    "moments_of_inertia": [
        55432.44000111718,
        29577.652833822638,
        44192.27314006031
    ]
}