{
    "time_duration": 2337.4592279999997,
    "total_photons": 41,
    "q1q3_com_distance": 77.32292404376355,
    "moments_of_inertia": [
        69261.73837949368,
        198584.83083405456,
        208504.95397669572
    ]
}