{
    "time_duration": 356.980248,
    "total_photons": 10,
    "q1q3_com_distance": 22.700000000000045,
    "moments_of_inertia": [
        0.0,
        1854.907840000023,
        1854.907840000023
    ]
}