{
    "time_duration": 767.2589109999999,
    "total_photons": 13,
    "q1q3_com_distance": 66.43162909672203,
    "moments_of_inertia": [
        49513.33583076929,
        19746.11833194152,
        29767.21749882776
    ]
}