{
    "time_duration": 4108.793641,
    "total_photons": 42,
    "q1q3_com_distance": 47.353117179458934,
    "moments_of_inertia": [
        428257.6778027847,
        272490.22037643526,
        333226.57639697084
    ]
}