{
    "time_duration": 1639.561676,
    "total_photons": 8,
    "q1q3_com_distance": 138.9538146291781,
    "moments_of_inertia": [
        13996.295885462001,
        54851.2057062389,
        44196.08613329923
    ]
}