{
    "time_duration": 89.035846,
    "total_photons": 32,
    "q1q3_com_distance": 8.514999999999873,
    "moments_of_inertia": [
        1015.0731499999696,
        1015.0731499999696,
        0.0
    ]
}