{
    "time_duration": 735.23735,
    "total_photons": 13,
    "q1q3_com_distance": 89.4691794038285,
    "moments_of_inertia": [
        64104.98383928255,
        37469.135949024014,
        42189.823934770226
    ]
}