{
    "time_duration": 523.4163819999999,
    "total_photons": 4,
    "q1q3_com_distance": 142.09820160719846,
    "moments_of_inertia": [
        21576.689447819932,
        13089.299726833475,
        9424.389775346619
    ]
}