{
    "time_duration": 1394.260948,
    "total_photons": 12,
    "q1q3_com_distance": 34.039999999999964,
    "moments_of_inertia": [
        13593.165000000017,
        13593.165000000017,
        0.0
    ]
}