{
    "time_duration": 984.746041,
    "total_photons": 33,
    "q1q3_com_distance": 36.465079880544096,
    "moments_of_inertia": [
        20507.48266957256,
        55312.868563025855,
        38245.49633103811
    ]
}