{
    "time_duration": 1411.5063320000002,
    "total_photons": 22,
    "q1q3_com_distance": 21.601888356242185,
    "moments_of_inertia": [
        69063.928434606,
        98087.394289527,
        130141.21423041244
    ]
}