{
    "time_duration": 1162.5184020000002,
    "total_photons": 22,
    "q1q3_com_distance": 60.251727315027445,
    "moments_of_inertia": [
        101024.44282310826,
        54492.42193184276,
        78111.66307232171
    ]
}