{
    "time_duration": 913.756714,
    "total_photons": 14,
    "q1q3_com_distance": 53.82430561558596,
    "moments_of_inertia": [
        33811.80608002034,
        68633.4272760487,
        55669.533529645254
    ]
}