{
    "time_duration": 950.077164,
    "total_photons": 13,
    "q1q3_com_distance": 33.03064079381445,
    "moments_of_inertia": [
        764.0158298717033,
        12708.73596923078,
        11944.720139359071
    ]
}