{
    "time_duration": 673.8365480000001,
    "total_photons": 6,
    "q1q3_com_distance": 106.63572302469743,
    "moments_of_inertia": [
        11863.93083667997,
        37886.97169999998,
        26023.040863320006
    ]
}