{
    "time_duration": 826.273011,
    "total_photons": 8,
    "q1q3_com_distance": 77.36102006178555,
    "moments_of_inertia": [
        1347.142656488466,
        15801.229787500015,
        14454.087131011538
    ]
}