{
    "time_duration": 812.270417,
    "total_photons": 10,
    "q1q3_com_distance": 66.35220133667164,
    "moments_of_inertia": [
        2235.300974777394,
        32773.80722522263,
        35009.10820000002
    ]
}