{
    "time_duration": 572.238343,
    "total_photons": 8,
    "q1q3_com_distance": 85.3350733872069,
    "moments_of_inertia": [
        8956.85245878201,
        23074.587379175406,
        30583.84711204253
    ]
}