{
    "time_duration": 1406.120117,
    "total_photons": 76,
    "q1q3_com_distance": 47.40189139429168,
    "moments_of_inertia": [
        212272.34199182375,
        407924.8016779449,
        373603.5164644414
    ]
}