{
    "time_duration": 965.0107419999999,
    "total_photons": 4,
    "q1q3_com_distance": 162.0209770369256,
    "moments_of_inertia": [
        4632.417665368714,
        22253.858674999978,
        17621.44100963128
    ]
}