{
    "time_duration": 368.69387800000004,
    "total_photons": 4,
    "q1q3_com_distance": 17.029999999999973,
    "moments_of_inertia": [
        579.7012749999985,
        579.7012749999985,
        0.0
    ]
}