{
    "time_duration": 3238.475098,
    "total_photons": 212,
    "q1q3_com_distance": 69.18135180184447,
    "moments_of_inertia": [
        1396456.423708893,
        1690012.6623021713,
        1826264.6313804442
    ]
}