{
    "time_duration": 4646.950165,
    "total_photons": 32,
    "q1q3_com_distance": 90.45934701566185,
    "moments_of_inertia": [
        164500.7085448197,
        280987.9974787128,
        237071.17927021714
    ]
}