{
    "time_duration": 902.93454,
    "total_photons": 6,
    "q1q3_com_distance": 76.85613475839145,
    "moments_of_inertia": [
        13919.628611612112,
        39920.352324426356,
        45900.03796396159
    ]
}