{
    "time_duration": 1281.0247490000002,
    "total_photons": 33,
    "q1q3_com_distance": 77.95590641153787,
    "moments_of_inertia": [
        186281.04583066388,
        124929.8526338311,
        92818.62620217157
    ]
}