{
    "time_duration": 427.430542,
    "total_photons": 5,
    "q1q3_com_distance": 101.85534301154753,
    "moments_of_inertia": [
        12449.413080000006,
        -1.8189894035458565e-12,
        12449.413080000008
    ]
}