{
    "time_duration": 1180.062866,
    "total_photons": 69,
    "q1q3_com_distance": 52.484758310184354,
    "moments_of_inertia": [
        150568.98053437512,
        309177.19038254354,
        353613.76904250134
    ]
}