{
    "time_duration": 611.490143,
    "total_photons": 5,
    "q1q3_com_distance": 69.02467240052648,
    "moments_of_inertia": [
        3935.131714666355,
        14745.69752533363,
        18680.82924
    ]
}