{
    "time_duration": 593.9400639999999,
    "total_photons": 12,
    "q1q3_com_distance": 82.94251985562052,
    "moments_of_inertia": [
        10349.250937251956,
        51735.70143333333,
        41386.450496081365
    ]
}