{
    "time_duration": 1383.619629,
    "total_photons": 17,
    "q1q3_com_distance": 77.91833714056018,
    "moments_of_inertia": [
        51575.99777420718,
        179484.64744232947,
        200115.41414816907
    ]
}