{
    "time_duration": 1223.379578,
    "total_photons": 22,
    "q1q3_com_distance": 35.37603583092806,
    "moments_of_inertia": [
        84420.62431586886,
        103637.34139400658,
        115358.70899012421
    ]
}