{
    "time_duration": 2644.6907810000002,
    "total_photons": 31,
    "q1q3_com_distance": 79.78919187850558,
    "moments_of_inertia": [
        98588.35614980606,
        208092.355124244,
        275094.81364207884
    ]
}