{
    "time_duration": 3707.777252,
    "total_photons": 374,
    "q1q3_com_distance": 45.28757548139727,
    "moments_of_inertia": [
        2485123.3087384636,
        2928149.1420283527,
        3197585.9398994935
    ]
}