{
    "time_duration": 1785.967225,
    "total_photons": 53,
    "q1q3_com_distance": 94.97026145068153,
    "moments_of_inertia": [
        265599.8088255824,
        340915.41696214955,
        396100.98921604146
    ]
}