{
    "time_duration": 981.371903,
    "total_photons": 22,
    "q1q3_com_distance": 53.174896019330895,
    "moments_of_inertia": [
        58348.97643133755,
        26593.23484855608,
        31808.985156469917
    ]
}