{
    "time_duration": 2546.364471,
    "total_photons": 14,
    "q1q3_com_distance": 94.80329540026551,
    "moments_of_inertia": [
        45641.95276383433,
        140805.5495144337,
        162097.0464217321
    ]
}