{
    "time_duration": 1170.439606,
    "total_photons": 8,
    "q1q3_com_distance": 62.70984970481117,
    "moments_of_inertia": [
        110335.52279999989,
        83439.26148209363,
        26896.261317906286
    ]
}