{
    "time_duration": 3108.314709,
    "total_photons": 449,
    "q1q3_com_distance": 37.55640286224403,
    "moments_of_inertia": [
        381297.80567451374,
        570007.344621811,
        766977.4094604681
    ]
}