{
    "time_duration": 1389.7436519999999,
    "total_photons": 4,
    "q1q3_com_distance": 141.42879798683148,
    "moments_of_inertia": [
        22330.46585000003,
        8894.33353435784,
        13436.132315642166
    ]
}