{
    "time_duration": 2661.105949,
    "total_photons": 93,
    "q1q3_com_distance": 21.798886761999878,
    "moments_of_inertia": [
        124403.46399341978,
        94331.42235437289,
        59699.55028876664
    ]
}