{
    "time_duration": 1904.6072080000001,
    "total_photons": 94,
    "q1q3_com_distance": 56.9803193530574,
    "moments_of_inertia": [
        365769.9118717668,
        450926.2402610624,
        555643.2477522775
    ]
}