{
    "time_duration": 2444.163117,
    "total_photons": 27,
    "q1q3_com_distance": 56.55543265916459,
    "moments_of_inertia": [
        182362.00427529207,
        155097.5215100914,
        86004.26122202404
    ]
}