{
    "time_duration": 1693.1635740000002,
    "total_photons": 11,
    "q1q3_com_distance": 168.06430730196377,
    "moments_of_inertia": [
        169127.7182439233,
        126122.63405277641,
        86392.8100669367
    ]
}