{
    "time_duration": 110.93487599999997,
    "total_photons": 8,
    "q1q3_com_distance": 25.529999999999973,
    "moments_of_inertia": [
        1013.8813999999978,
        1013.8813999999978,
        0.0
    ]
}