{
    "time_duration": 2444.324093,
    "total_photons": 716,
    "q1q3_com_distance": 39.7943026355483,
    "moments_of_inertia": [
        990750.643661696,
        1224501.6617328806,
        1246263.3064071024
    ]
}