{
    "time_duration": 1793.9124149999998,
    "total_photons": 11,
    "q1q3_com_distance": 107.44367547696785,
    "moments_of_inertia": [
        33674.389646855365,
        58528.50324994185,
        81571.07244865727
    ]
}