{
    "time_duration": 2646.5584559999998,
    "total_photons": 214,
    "q1q3_com_distance": 58.40759010222966,
    "moments_of_inertia": [
        755251.5205973621,
        492894.8020015015,
        595700.7478702947
    ]
}