{
    "time_duration": 1069.8740229999999,
    "total_photons": 56,
    "q1q3_com_distance": 35.375099632079966,
    "moments_of_inertia": [
        73311.41341408412,
        160465.7893425605,
        174088.5608969268
    ]
}