{
    "time_duration": 746.51854,
    "total_photons": 161,
    "q1q3_com_distance": 13.699103932102108,
    "moments_of_inertia": [
        0.007625392325708989,
        27859.962701570534,
        27859.95632893768
    ]
}