{
    "time_duration": 749.119629,
    "total_photons": 4,
    "q1q3_com_distance": 331.9752534451928,
    "moments_of_inertia": [
        1540.1928721829463,
        73540.26467781702,
        75080.45754999998
    ]
}