{
    "time_duration": 1927.44281,
    "total_photons": 35,
    "q1q3_com_distance": 55.79985129853191,
    "moments_of_inertia": [
        84164.82034025306,
        45278.23141125522,
        55401.5762599202
    ]
}