{
    "time_duration": 999.5963439999999,
    "total_photons": 7,
    "q1q3_com_distance": 73.26306385212128,
    "moments_of_inertia": [
        19707.957800290136,
        41439.053800203845,
        35441.0082852203
    ]
}