{
    "time_duration": 1834.946747,
    "total_photons": 27,
    "q1q3_com_distance": 54.42556129659095,
    "moments_of_inertia": [
        90982.02537721593,
        138725.62225695612,
        129727.4323213834
    ]
}