{
    "time_duration": 943.402893,
    "total_photons": 5,
    "q1q3_com_distance": 167.60015222248464,
    "moments_of_inertia": [
        5046.916590129502,
        32288.169119999988,
        27241.252529870504
    ]
}