{
    "time_duration": 3299.849694,
    "total_photons": 76,
    "q1q3_com_distance": 59.740052223045346,
    "moments_of_inertia": [
        629125.7631044802,
        376339.8841850023,
        413861.18568420183
    ]
}