{
    "time_duration": 2300.78891,
    "total_photons": 55,
    "q1q3_com_distance": 56.16905781764958,
    "moments_of_inertia": [
        182510.04510875826,
        142815.48862650702,
        109627.53091928018
    ]
}