{
    "time_duration": 1222.350769,
    "total_photons": 9,
    "q1q3_com_distance": 119.5630791674426,
    "moments_of_inertia": [
        40706.43650024076,
        96472.86684202359,
        84106.25385773544
    ]
}