{
    "time_duration": 660.526917,
    "total_photons": 8,
    "q1q3_com_distance": 112.38680527535251,
    "moments_of_inertia": [
        2393.637609448564,
        27206.61273749998,
        24812.975128051447
    ]
}