{
    "time_duration": 1187.8966440000002,
    "total_photons": 41,
    "q1q3_com_distance": 14.427151387471557,
    "moments_of_inertia": [
        61879.998646278094,
        40685.23738320661,
        24189.823872954377
    ]
}