{
    "time_duration": 838.815613,
    "total_photons": 11,
    "q1q3_com_distance": 11.346666666666351,
    "moments_of_inertia": [
        31231.68869090911,
        17617.03518750493,
        13614.653503404199
    ]
}