{
    "time_duration": 689.934021,
    "total_photons": 5,
    "q1q3_com_distance": 75.01961226905922,
    "moments_of_inertia": [
        13813.968666972267,
        26422.382993962292,
        34374.62249906546
    ]
}