{
    "time_duration": 2374.259247,
    "total_photons": 51,
    "q1q3_com_distance": 51.92833938574324,
    "moments_of_inertia": [
        204610.6573792559,
        255385.2778533726,
        330985.5513948225
    ]
}