{
    "time_duration": 1559.5371699999998,
    "total_photons": 7,
    "q1q3_com_distance": 50.92774440322288,
    "moments_of_inertia": [
        50312.97406684572,
        34465.886589360765,
        19132.007343793357
    ]
}