{
    "time_duration": 4071.497971,
    "total_photons": 15,
    "q1q3_com_distance": 91.46130674361702,
    "moments_of_inertia": [
        31245.504231691768,
        143298.50623968264,
        155355.19232862562
    ]
}