{
    "time_duration": 3202.3611,
    "total_photons": 248,
    "q1q3_com_distance": 57.96003970451898,
    "moments_of_inertia": [
        864420.7114383831,
        1246094.7343980693,
        1269511.0066046773
    ]
}