{
    "time_duration": 2192.174927,
    "total_photons": 62,
    "q1q3_com_distance": 56.150686219231844,
    "moments_of_inertia": [
        380182.310742329,
        299010.0894523116,
        242915.8804795533
    ]
}