{
    "time_duration": 1718.013154,
    "total_photons": 34,
    "q1q3_com_distance": 40.41950029012832,
    "moments_of_inertia": [
        68009.79286883744,
        190042.99655702253,
        162553.60675061058
    ]
}