{
    "time_duration": 2944.7608790000004,
    "total_photons": 80,
    "q1q3_com_distance": 74.90703295085227,
    "moments_of_inertia": [
        395870.305710474,
        615279.0460550643,
        626135.7862694614
    ]
}