{
    "time_duration": 2496.870483,
    "total_photons": 47,
    "q1q3_com_distance": 32.38729861852576,
    "moments_of_inertia": [
        142402.8134533133,
        263363.1243042162,
        284764.4397999175
    ]
}