{
    "time_duration": 1807.313019,
    "total_photons": 41,
    "q1q3_com_distance": 33.16039015113095,
    "moments_of_inertia": [
        270198.7782317995,
        236108.50799272076,
        219633.02297548013
    ]
}