{
    "time_duration": 500.508545,
    "total_photons": 4,
    "q1q3_com_distance": 34.039999999999964,
    "moments_of_inertia": [
        3693.425099999992,
        3693.425099999992,
        0.0
    ]
}