{
    "time_duration": 2967.8253480000003,
    "total_photons": 87,
    "q1q3_com_distance": 39.393844345456095,
    "moments_of_inertia": [
        210284.14951901784,
        157173.4304184723,
        128126.05140044088
    ]
}