{
    "time_duration": 877.779998,
    "total_photons": 4,
    "q1q3_com_distance": 146.09537638132133,
    "moments_of_inertia": [
        140.6589612125881,
        15404.546588787367,
        15545.205549999955
    ]
}