{
    "time_duration": 1342.008759,
    "total_photons": 20,
    "q1q3_com_distance": 59.30705202587614,
    "moments_of_inertia": [
        103355.3673799999,
        31899.409640723974,
        71455.95773927598
    ]
}