{
    "time_duration": 2680.840729,
    "total_photons": 21,
    "q1q3_com_distance": 68.27952247196815,
    "moments_of_inertia": [
        115815.26060015301,
        396530.7431653454,
        469629.2565773585
    ]
}