{
    "time_duration": 2077.378807,
    "total_photons": 138,
    "q1q3_com_distance": 44.89110946478862,
    "moments_of_inertia": [
        281065.86184795236,
        194821.24357375817,
        208649.43534930443
    ]
}