{
    "time_duration": 1676.820343,
    "total_photons": 32,
    "q1q3_com_distance": 57.401340930547896,
    "moments_of_inertia": [
        68622.60426471246,
        213054.21319614077,
        182998.67112664715
    ]
}