{
    "time_duration": 1479.165397,
    "total_photons": 76,
    "q1q3_com_distance": 32.786607114707614,
    "moments_of_inertia": [
        143887.7909893491,
        65539.9391647569,
        78349.6434827358
    ]
}