{
    "time_duration": 1219.581542,
    "total_photons": 4,
    "q1q3_com_distance": 126.87326392900911,
    "moments_of_inertia": [
        4879.346089712082,
        134256.49255032183,
        139125.24460996597
    ]
}