{
    "time_duration": 1531.749359,
    "total_photons": 8,
    "q1q3_com_distance": 140.10231413149458,
    "moments_of_inertia": [
        20636.189543389584,
        57645.63159407556,
        49073.542837534995
    ]
}