{
    "time_duration": 476.581101,
    "total_photons": 14,
    "q1q3_com_distance": 8.509999999999764,
    "moments_of_inertia": [
        5897.065285714273,
        -9.094947017729282e-13,
        5897.065285714274
    ]
}