{
    "time_duration": 1420.745301,
    "total_photons": 72,
    "q1q3_com_distance": 33.38179719936069,
    "moments_of_inertia": [
        163699.1513046323,
        127701.41727271621,
        56298.68211709618
    ]
}