{
    "time_duration": 273.050598,
    "total_photons": 8,
    "q1q3_com_distance": 34.04500000000007,
    "moments_of_inertia": [
        7206.863787499984,
        7206.863787499981,
        0.0
    ]
}