{
    "time_duration": 1753.965271,
    "total_photons": 7,
    "q1q3_com_distance": 67.56586952744692,
    "moments_of_inertia": [
        21987.845457142837,
        8442.83559944949,
        13545.009857693349
    ]
}