{
    "time_duration": 2471.1357160000002,
    "total_photons": 455,
    "q1q3_com_distance": 16.492961630608587,
    "moments_of_inertia": [
        369371.0458473731,
        688997.9981862464,
        548320.7421263802
    ]
}