{
    "time_duration": 1301.3836210000002,
    "total_photons": 40,
    "q1q3_com_distance": 35.869275348130586,
    "moments_of_inertia": [
        65116.94885750012,
        47979.00581420758,
        17137.943043292496
    ]
}