{
    "time_duration": 481.50465399999996,
    "total_photons": 22,
    "q1q3_com_distance": 14.183333333333394,
    "moments_of_inertia": [
        2541.28714545454,
        2541.28714545454,
        0.0
    ]
}