{
    "time_duration": 2557.640366,
    "total_photons": 185,
    "q1q3_com_distance": 32.10122840480321,
    "moments_of_inertia": [
        421974.7487361944,
        546891.1742443361,
        579870.8398605512
    ]
}