{
    "time_duration": 1601.683564,
    "total_photons": 13,
    "q1q3_com_distance": 18.839542357764405,
    "moments_of_inertia": [
        25236.96042090551,
        97058.78558118104,
        99112.55987483649
    ]
}