{
    "time_duration": 1636.7162779999999,
    "total_photons": 23,
    "q1q3_com_distance": 92.67121862321156,
    "moments_of_inertia": [
        89094.36863145459,
        129887.75579706594,
        140457.4340932186
    ]
}