{
    "time_duration": 3330.5633540000003,
    "total_photons": 216,
    "q1q3_com_distance": 52.336214977280825,
    "moments_of_inertia": [
        1461253.4960593148,
        2227937.1838830174,
        2586652.783944706
    ]
}