{
    "time_duration": 2577.82135,
    "total_photons": 19,
    "q1q3_com_distance": 143.48067499144278,
    "moments_of_inertia": [
        117659.8744871147,
        178133.7990806119,
        224677.34190595767
    ]
}