{
    "time_duration": 1787.339844,
    "total_photons": 4,
    "q1q3_com_distance": 51.070000000000164,
    "moments_of_inertia": [
        1448.9126750000119,
        1448.9126750000119,
        0.0
    ]
}