{
    "time_duration": 369.86968900000005,
    "total_photons": 4,
    "q1q3_com_distance": 85.10000000000014,
    "moments_of_inertia": [
        12964.644675000021,
        12964.644675000021,
        0.0
    ]
}