{
    "time_duration": 978.620849,
    "total_photons": 16,
    "q1q3_com_distance": 91.34296924914365,
    "moments_of_inertia": [
        25498.60316076843,
        45429.216100897545,
        57864.65328833413
    ]
}