{
    "time_duration": 2483.7100520000004,
    "total_photons": 95,
    "q1q3_com_distance": 73.88392135570385,
    "moments_of_inertia": [
        431636.01672627707,
        556461.6192130877,
        594467.8418164243
    ]
}