{
    "time_duration": 2093.148071,
    "total_photons": 50,
    "q1q3_com_distance": 89.34918755735674,
    "moments_of_inertia": [
        205655.87541085563,
        385311.1804897025,
        419007.1579434414
    ]
}