{
    "time_duration": 1909.674072,
    "total_photons": 5,
    "q1q3_com_distance": 67.0423906942465,
    "moments_of_inertia": [
        2189.440822951612,
        33364.850006975335,
        31175.410210073067
    ]
}