{
    "time_duration": 886.855286,
    "total_photons": 12,
    "q1q3_com_distance": 35.70577855504937,
    "moments_of_inertia": [
        26967.01465483068,
        46698.07111710245,
        50441.34679473351
    ]
}