{
    "time_duration": 439.26721199999986,
    "total_photons": 4,
    "q1q3_com_distance": 102.13000000000011,
    "moments_of_inertia": [
        6084.139475000022,
        6084.139475000022,
        0.0
    ]
}