{
    "time_duration": 3849.6924520000002,
    "total_photons": 22,
    "q1q3_com_distance": 24.906356227990493,
    "moments_of_inertia": [
        6679.415157720694,
        49502.59262864287,
        56182.00778636356
    ]
}