{
    "time_duration": 1888.193229,
    "total_photons": 43,
    "q1q3_com_distance": 39.306684866656035,
    "moments_of_inertia": [
        69605.55570538793,
        135147.79091398258,
        126519.00180853636
    ]
}