{
    "time_duration": 1149.4037779999999,
    "total_photons": 28,
    "q1q3_com_distance": 36.30364537270245,
    "moments_of_inertia": [
        51505.1152868278,
        36841.151321763486,
        29697.680541408663
    ]
}