{
    "time_duration": 1463.011658,
    "total_photons": 11,
    "q1q3_com_distance": 53.76764940205414,
    "moments_of_inertia": [
        9191.70598606168,
        36256.89327272727,
        27065.18728666555
    ]
}