{
    "time_duration": 989.443054,
    "total_photons": 7,
    "q1q3_com_distance": 102.11999999999989,
    "moments_of_inertia": [
        10113.35656292535,
        27029.46432278889,
        37142.82088571426
    ]
}