{
    "time_duration": 1144.0980220000001,
    "total_photons": 14,
    "q1q3_com_distance": 76.44899300350527,
    "moments_of_inertia": [
        34497.08963769559,
        114911.89163037096,
        131813.2792176476
    ]
}