{
    "time_duration": 1189.8255459999998,
    "total_photons": 8,
    "q1q3_com_distance": 116.14865733188645,
    "moments_of_inertia": [
        19196.71916619862,
        33238.63064670103,
        45638.633162100276
    ]
}