{
    "time_duration": 3287.644028,
    "total_photons": 143,
    "q1q3_com_distance": 140.02998620720976,
    "moments_of_inertia": [
        850659.0267077395,
        1455839.9652282526,
        1675155.3108779928
    ]
}