{
    "time_duration": 2092.967407,
    "total_photons": 11,
    "q1q3_com_distance": 87.1162775324513,
    "moments_of_inertia": [
        23826.76454878709,
        48008.57941662183,
        52171.601380045606
    ]
}