{
    "time_duration": 1099.509766,
    "total_photons": 17,
    "q1q3_com_distance": 47.79691705016122,
    "moments_of_inertia": [
        39508.42171909074,
        92313.81201775442,
        108063.10259256675
    ]
}