{
    "time_duration": 2232.671509,
    "total_photons": 36,
    "q1q3_com_distance": 53.627715379178255,
    "moments_of_inertia": [
        112136.21331833469,
        177010.2815551795,
        230830.53005426412
    ]
}