{
    "time_duration": 1878.888977,
    "total_photons": 19,
    "q1q3_com_distance": 115.00718954917556,
    "moments_of_inertia": [
        144273.85541071347,
        278210.95713867224,
        202636.3065032462
    ]
}