{
    "time_duration": 3808.4635080000003,
    "total_photons": 70,
    "q1q3_com_distance": 54.8621212227679,
    "moments_of_inertia": [
        162871.61374123604,
        273088.5199882646,
        249824.84733907093
    ]
}