{
    "time_duration": 1211.542656,
    "total_photons": 52,
    "q1q3_com_distance": 53.5106121035097,
    "moments_of_inertia": [
        22798.103579916737,
        73363.44490791256,
        61856.587273708574
    ]
}