{
    "time_duration": 1554.291565,
    "total_photons": 12,
    "q1q3_com_distance": 79.43000000000029,
    "moments_of_inertia": [
        11326.801515220159,
        31006.037201446597,
        42332.838716666774
    ]
}