{
    "time_duration": 1453.195862,
    "total_photons": 8,
    "q1q3_com_distance": 63.18832427751189,
    "moments_of_inertia": [
        5053.202976637716,
        28376.6917,
        23323.48872336227
    ]
}