{
    "time_duration": 5165.450836,
    "total_photons": 6,
    "q1q3_com_distance": 111.27451123235716,
    "moments_of_inertia": [
        20286.596437999913,
        76066.96040390887,
        69539.56625809125
    ]
}