{
    "time_duration": 296.953674,
    "total_photons": 5,
    "q1q3_com_distance": 0.0,
    "moments_of_inertia": [
        3128.5483199999935,
        3128.5483199999935,
        0.0
    ]
}