{
    "time_duration": 3599.42929,
    "total_photons": 98,
    "q1q3_com_distance": 82.02565891329384,
    "moments_of_inertia": [
        696586.5479841882,
        446783.3633689737,
        454285.72591418435
    ]
}