{
    "time_duration": 5124.050903,
    "total_photons": 55,
    "q1q3_com_distance": 80.81071756877057,
    "moments_of_inertia": [
        443561.8796483447,
        305510.5011824194,
        332932.7708637809
    ]
}