{
    "time_duration": 796.6231379999999,
    "total_photons": 7,
    "q1q3_com_distance": 101.67920251949266,
    "moments_of_inertia": [
        10676.650192783854,
        43162.13445447922,
        46903.86832416542
    ]
}