{
    "time_duration": 649.3421020000001,
    "total_photons": 9,
    "q1q3_com_distance": 52.86804758599981,
    "moments_of_inertia": [
        20372.654864043365,
        52296.16849843615,
        64114.3531264095
    ]
}