{
    "time_duration": 1628.1145629999999,
    "total_photons": 12,
    "q1q3_com_distance": 83.67129429433307,
    "moments_of_inertia": [
        62209.98412340696,
        113309.5943803554,
        92005.94799623758
    ]
}