{
    "time_duration": 2461.39881,
    "total_photons": 213,
    "q1q3_com_distance": 36.71241048223538,
    "moments_of_inertia": [
        437368.2887156952,
        480155.627301422,
        307248.14380260295
    ]
}