{
    "time_duration": 450.51812699999994,
    "total_photons": 8,
    "q1q3_com_distance": 64.9401072142632,
    "moments_of_inertia": [
        4183.02258630213,
        27747.62753749998,
        23564.604951197867
    ]
}