{
    "time_duration": 2409.0015860000003,
    "total_photons": 41,
    "q1q3_com_distance": 64.56574463423748,
    "moments_of_inertia": [
        207909.24975525565,
        81359.24163987549,
        148178.57601950323
    ]
}