{
    "time_duration": 1563.2352449999998,
    "total_photons": 20,
    "q1q3_com_distance": 72.65957841881547,
    "moments_of_inertia": [
        32728.070747249243,
        56416.132138246714,
        74219.44746450399
    ]
}