{
    "time_duration": 608.751724,
    "total_photons": 14,
    "q1q3_com_distance": 30.49871862062404,
    "moments_of_inertia": [
        24611.54295714286,
        9935.518354799124,
        14676.024602343754
    ]
}