{
    "time_duration": 2254.1434329999997,
    "total_photons": 98,
    "q1q3_com_distance": 41.31072605704228,
    "moments_of_inertia": [
        587116.5108967184,
        798539.7473656007,
        729416.3732417634
    ]
}