{
    "time_duration": 647.9117130000001,
    "total_photons": 11,
    "q1q3_com_distance": 118.12574411288263,
    "moments_of_inertia": [
        32643.75386506269,
        48854.060205970396,
        62519.133019875924
    ]
}