{
    "time_duration": 853.3296809999999,
    "total_photons": 27,
    "q1q3_com_distance": 33.30713734260543,
    "moments_of_inertia": [
        49579.070695936985,
        60046.58667346971,
        57044.90861577832
    ]
}