{
    "time_duration": 2533.667755,
    "total_photons": 32,
    "q1q3_com_distance": 43.31916871461171,
    "moments_of_inertia": [
        578236.2657573526,
        328565.5114291698,
        302506.8573822272
    ]
}