{
    "time_duration": 574.69345,
    "total_photons": 9,
    "q1q3_com_distance": 60.304309616588256,
    "moments_of_inertia": [
        13126.142331349376,
        27261.592910612395,
        36673.83644692711
    ]
}