{
    "time_duration": 1082.4254760000001,
    "total_photons": 11,
    "q1q3_com_distance": 43.416918617311126,
    "moments_of_inertia": [
        45067.698116418964,
        94373.78057569901,
        77930.27490788195
    ]
}