{
    "time_duration": 1693.1691890000002,
    "total_photons": 10,
    "q1q3_com_distance": 53.449262857405074,
    "moments_of_inertia": [
        10246.490183376114,
        43047.79320999999,
        32801.30302662387
    ]
}