{
    "time_duration": 2480.921631,
    "total_photons": 125,
    "q1q3_com_distance": 26.64226903168065,
    "moments_of_inertia": [
        70533.82529755111,
        215803.83993943894,
        192573.09069580957
    ]
}