{
    "time_duration": 1045.9900969999999,
    "total_photons": 17,
    "q1q3_com_distance": 24.971596504829233,
    "moments_of_inertia": [
        22772.76399999999,
        8061.899265401758,
        14710.864734598226
    ]
}