{
    "time_duration": 3296.055085,
    "total_photons": 29,
    "q1q3_com_distance": 82.49390571859175,
    "moments_of_inertia": [
        147631.03849994886,
        418496.97506163054,
        350891.46577635175
    ]
}