{
    "time_duration": 2908.0413360000002,
    "total_photons": 111,
    "q1q3_com_distance": 46.88895309746805,
    "moments_of_inertia": [
        326678.7085909832,
        427313.87746500445,
        483766.0770755441
    ]
}