{
    "time_duration": 1953.3146590000001,
    "total_photons": 37,
    "q1q3_com_distance": 48.465717708499355,
    "moments_of_inertia": [
        125204.26015874448,
        104649.26795664654,
        98184.52268460908
    ]
}