{
    "time_duration": 938.504563,
    "total_photons": 20,
    "q1q3_com_distance": 54.52580123207745,
    "moments_of_inertia": [
        71203.44524376704,
        98683.62566844051,
        126735.48237779252
    ]
}