{
    "time_duration": 3974.349594,
    "total_photons": 40,
    "q1q3_com_distance": 31.625500691688867,
    "moments_of_inertia": [
        117501.52233890948,
        230234.60684961203,
        180497.3684714787
    ]
}