{
    "time_duration": 1110.6087029999999,
    "total_photons": 76,
    "q1q3_com_distance": 77.86138989440221,
    "moments_of_inertia": [
        92530.82818273918,
        215689.72701199757,
        308220.5551947368
    ]
}