{
    "time_duration": 1696.8898929999998,
    "total_photons": 6,
    "q1q3_com_distance": 70.79776744361384,
    "moments_of_inertia": [
        15295.077590593877,
        22619.68138549096,
        28043.425623915216
    ]
}