{
    "time_duration": 590.672699,
    "total_photons": 8,
    "q1q3_com_distance": 79.1091739307141,
    "moments_of_inertia": [
        6288.349019430025,
        22369.582099999985,
        16081.233080569968
    ]
}