{
    "time_duration": 230.28866599999998,
    "total_photons": 20,
    "q1q3_com_distance": 10.211999999999989,
    "moments_of_inertia": [
        9544.969179999982,
        -1.0938209387489776e-55,
        9544.969179999982
    ]
}