{
    "time_duration": 2967.5448770000003,
    "total_photons": 197,
    "q1q3_com_distance": 51.41179750753102,
    "moments_of_inertia": [
        490233.79801511863,
        388895.06817632023,
        428778.4933984088
    ]
}