{
    "time_duration": 608.65065,
    "total_photons": 16,
    "q1q3_com_distance": 58.60322500724666,
    "moments_of_inertia": [
        40757.97095631309,
        22740.14514576449,
        30206.474422922394
    ]
}