{
    "time_duration": 2338.537369,
    "total_photons": 54,
    "q1q3_com_distance": 52.062055167514195,
    "moments_of_inertia": [
        175027.72807367297,
        218590.71892635414,
        229733.22152219515
    ]
}