{
    "time_duration": 1244.272858,
    "total_photons": 13,
    "q1q3_com_distance": 83.1755492167018,
    "moments_of_inertia": [
        25951.65394132873,
        48365.401493021855,
        55355.12071949562
    ]
}