{
    "time_duration": 2044.330658,
    "total_photons": 45,
    "q1q3_com_distance": 77.5794485002125,
    "moments_of_inertia": [
        181242.7430350271,
        250619.55013215644,
        332487.67054837215
    ]
}