{
    "time_duration": 1006.7605520000001,
    "total_photons": 78,
    "q1q3_com_distance": 16.169499999999744,
    "moments_of_inertia": [
        32123.836129487107,
        -6.581401545909572e-57,
        32123.836129487107
    ]
}