{
    "time_duration": 1213.0540780000001,
    "total_photons": 5,
    "q1q3_com_distance": 126.65716481904998,
    "moments_of_inertia": [
        40214.20268000003,
        22854.08451037182,
        17360.118169628215
    ]
}