{
    "time_duration": 835.265412,
    "total_photons": 8,
    "q1q3_com_distance": 168.45797383917457,
    "moments_of_inertia": [
        13417.420232791803,
        74293.25177531804,
        78017.27024189018
    ]
}