{
    "time_duration": 3074.229737,
    "total_photons": 49,
    "q1q3_com_distance": 78.4741933596441,
    "moments_of_inertia": [
        156451.16303964017,
        291890.42597106175,
        367646.1946382778
    ]
}