{
    "time_duration": 1711.492859,
    "total_photons": 147,
    "q1q3_com_distance": 63.408909693259176,
    "moments_of_inertia": [
        639298.6342174502,
        707150.4439658128,
        776999.9267310228
    ]
}