{
    "time_duration": 1676.949341,
    "total_photons": 18,
    "q1q3_com_distance": 69.98238455497221,
    "moments_of_inertia": [
        57035.92376111113,
        44412.887153432086,
        12623.036607679069
    ]
}