{
    "time_duration": 442.43261800000005,
    "total_photons": 13,
    "q1q3_com_distance": 33.791410007245695,
    "moments_of_inertia": [
        3810.504463234516,
        15010.210613688581,
        18820.71507692311
    ]
}