{
    "time_duration": 1696.971268,
    "total_photons": 30,
    "q1q3_com_distance": 65.4275300547292,
    "moments_of_inertia": [
        60119.87768936221,
        119292.04141569973,
        120883.05336160482
    ]
}