{
    "time_duration": 2685.892487,
    "total_photons": 52,
    "q1q3_com_distance": 40.723481217661465,
    "moments_of_inertia": [
        157227.88539474143,
        198851.45842119973,
        177593.67568790528
    ]
}