{
    "time_duration": 1313.229981,
    "total_photons": 16,
    "q1q3_com_distance": 46.13451602379734,
    "moments_of_inertia": [
        23930.709092455305,
        67316.84601596287,
        64868.82775408186
    ]
}