{
    "time_duration": 1043.361969,
    "total_photons": 8,
    "q1q3_com_distance": 127.0755006875833,
    "moments_of_inertia": [
        44065.03908360749,
        77796.37977126174,
        69595.8031201306
    ]
}