{
    "time_duration": 1631.880859,
    "total_photons": 26,
    "q1q3_com_distance": 65.76262054712008,
    "moments_of_inertia": [
        99356.43283335937,
        169904.88533411734,
        205350.66853252336
    ]
}