{
    "time_duration": 2691.923569,
    "total_photons": 63,
    "q1q3_com_distance": 129.05765132538627,
    "moments_of_inertia": [
        299947.3210515921,
        453077.45802449767,
        654946.4624858153
    ]
}