{
    "time_duration": 1783.6800839999999,
    "total_photons": 72,
    "q1q3_com_distance": 42.3132687103066,
    "moments_of_inertia": [
        103144.79993133328,
        229397.25267966918,
        185349.2536723305
    ]
}