{
    "time_duration": 2247.8524469999998,
    "total_photons": 29,
    "q1q3_com_distance": 47.93159116192327,
    "moments_of_inertia": [
        155299.39316624106,
        252449.2726958755,
        265070.1712137457
    ]
}