{
    "time_duration": 1502.928802,
    "total_photons": 48,
    "q1q3_com_distance": 37.59208720115031,
    "moments_of_inertia": [
        344218.70699238585,
        227083.8852121512,
        269101.5264246293
    ]
}