{
    "time_duration": 3159.7495120000003,
    "total_photons": 9,
    "q1q3_com_distance": 83.26476659161153,
    "moments_of_inertia": [
        17774.0541822203,
        74352.93910948365,
        80434.82039718491
    ]
}