{
    "time_duration": 6154.8153680000005,
    "total_photons": 6,
    "q1q3_com_distance": 280.7334729774845,
    "moments_of_inertia": [
        28492.992169769976,
        84876.77509422922,
        107982.88926933418
    ]
}