{
    "time_duration": 772.9250180000001,
    "total_photons": 7,
    "q1q3_com_distance": 121.18847026429556,
    "moments_of_inertia": [
        34893.09843395992,
        50760.87698091996,
        59375.277499405885
    ]
}