{
    "time_duration": 1523.442673,
    "total_photons": 32,
    "q1q3_com_distance": 63.14392215160138,
    "moments_of_inertia": [
        46299.69653686593,
        95857.34988020404,
        89617.55479542984
    ]
}