{
    "time_duration": 2995.769989,
    "total_photons": 37,
    "q1q3_com_distance": 74.29261731262731,
    "moments_of_inertia": [
        246876.2089183803,
        299241.82410538616,
        329169.82708434196
    ]
}