{
    "time_duration": 493.1046600000001,
    "total_photons": 7,
    "q1q3_com_distance": 42.549999999999955,
    "moments_of_inertia": [
        4634.88639999999,
        4634.88639999999,
        2.5849394142282115e-26
    ]
}