{
    "time_duration": 310.93585200000007,
    "total_photons": 4,
    "q1q3_com_distance": 68.08000000000038,
    "moments_of_inertia": [
        7170.696275000017,
        7170.696275000017,
        0.0
    ]
}