{
    "time_duration": 498.903137,
    "total_photons": 10,
    "q1q3_com_distance": 37.53948647017491,
    "moments_of_inertia": [
        32442.942146080473,
        53802.845368540446,
        65191.794585379124
    ]
}