{
    "time_duration": 1022.879913,
    "total_photons": 8,
    "q1q3_com_distance": 64.43368781157882,
    "moments_of_inertia": [
        1875.3867080588534,
        25235.665699999976,
        23360.278991941144
    ]
}