{
    "time_duration": 2257.569977,
    "total_photons": 153,
    "q1q3_com_distance": 12.239161131431032,
    "moments_of_inertia": [
        95627.76211846006,
        173000.99758636905,
        143414.58382196852
    ]
}