{
    "time_duration": 4320.929916,
    "total_photons": 161,
    "q1q3_com_distance": 62.22191701838317,
    "moments_of_inertia": [
        1332438.0356251728,
        1734300.9506927484,
        2044694.238101953
    ]
}