{
    "time_duration": 1165.592987,
    "total_photons": 41,
    "q1q3_com_distance": 36.87513751188801,
    "moments_of_inertia": [
        85091.79564781146,
        152406.12638821127,
        173755.48830544058
    ]
}