{
    "time_duration": 1557.281311,
    "total_photons": 15,
    "q1q3_com_distance": 56.61804929746353,
    "moments_of_inertia": [
        59971.122374211845,
        227047.2445361451,
        188371.12250297665
    ]
}