{
    "time_duration": 1682.1857909999999,
    "total_photons": 10,
    "q1q3_com_distance": 108.23052321575267,
    "moments_of_inertia": [
        107771.05201635725,
        86504.82773825985,
        42017.8077053827
    ]
}