{
    "time_duration": 2390.391445,
    "total_photons": 151,
    "q1q3_com_distance": 36.692785106586655,
    "moments_of_inertia": [
        142889.17723099067,
        283252.8938935258,
        235486.41530462296
    ]
}