{
    "time_duration": 2636.330139,
    "total_photons": 165,
    "q1q3_com_distance": 34.07639104867729,
    "moments_of_inertia": [
        287876.18029621884,
        417435.54473578907,
        370592.8548685976
    ]
}