{
    "time_duration": 4670.263884999999,
    "total_photons": 110,
    "q1q3_com_distance": 99.05110786230512,
    "moments_of_inertia": [
        651950.717584899,
        1113350.1742876049,
        1325009.2028293135
    ]
}