{
    "time_duration": 462.012138,
    "total_photons": 78,
    "q1q3_com_distance": 1.7019999999995434,
    "moments_of_inertia": [
        0.0,
        12407.977133333306,
        12407.977133333306
    ]
}