{
    "time_duration": 885.46579,
    "total_photons": 15,
    "q1q3_com_distance": 44.724111156623295,
    "moments_of_inertia": [
        48468.49809146098,
        83485.08537268719,
        107305.56938918518
    ]
}