{
    "time_duration": 703.9885559999999,
    "total_photons": 4,
    "q1q3_com_distance": 51.069999999999936,
    "moments_of_inertia": [
        4925.928499999988,
        4925.928499999988,
        0.0
    ]
}