{
    "time_duration": 1475.956184,
    "total_photons": 57,
    "q1q3_com_distance": 19.85716303870167,
    "moments_of_inertia": [
        28402.05739291511,
        38509.152812147084,
        47282.10928265727
    ]
}