{
    "time_duration": 1718.180267,
    "total_photons": 16,
    "q1q3_com_distance": 56.88030557671084,
    "moments_of_inertia": [
        96416.07333145835,
        63570.87546809863,
        49826.81303794298
    ]
}