{
    "time_duration": 2007.309265,
    "total_photons": 107,
    "q1q3_com_distance": 44.44266257847815,
    "moments_of_inertia": [
        247392.15545029694,
        265340.120126898,
        290063.90029196354
    ]
}