{
    "time_duration": 2028.5630190000002,
    "total_photons": 162,
    "q1q3_com_distance": 51.94310704895172,
    "moments_of_inertia": [
        906826.2812157186,
        1013866.0333938218,
        1210453.5581324333
    ]
}