{
    "time_duration": 2462.473755,
    "total_photons": 116,
    "q1q3_com_distance": 13.518418923023399,
    "moments_of_inertia": [
        122569.43720064545,
        276277.5234839991,
        228980.77557397683
    ]
}