{
    "time_duration": 1733.681091,
    "total_photons": 11,
    "q1q3_com_distance": 48.429063014314536,
    "moments_of_inertia": [
        17974.655504100883,
        32146.41185812545,
        37625.24103777365
    ]
}