{
    "time_duration": 818.774292,
    "total_photons": 8,
    "q1q3_com_distance": 63.30144429631922,
    "moments_of_inertia": [
        8024.191360315115,
        31498.75098749995,
        23474.55962718486
    ]
}