{
    "time_duration": 2654.001709,
    "total_photons": 22,
    "q1q3_com_distance": 35.116877787689994,
    "moments_of_inertia": [
        51465.644813828345,
        139339.9141465331,
        149616.22596691127
    ]
}