{
    "time_duration": 4265.282509,
    "total_photons": 43,
    "q1q3_com_distance": 18.433181252143452,
    "moments_of_inertia": [
        132077.12287086033,
        251041.32268706718,
        309499.54142811924
    ]
}