{
    "time_duration": 910.7050169999999,
    "total_photons": 6,
    "q1q3_com_distance": 124.78284547565022,
    "moments_of_inertia": [
        36261.28266666664,
        15485.350032610204,
        20775.932634056426
    ]
}