{
    "time_duration": 1814.707809,
    "total_photons": 161,
    "q1q3_com_distance": 18.560146362204907,
    "moments_of_inertia": [
        331519.3855400085,
        262323.00331008097,
        194423.77371140162
    ]
}