{
    "time_duration": 1000.4218599999999,
    "total_photons": 19,
    "q1q3_com_distance": 70.02816453399286,
    "moments_of_inertia": [
        21516.53901301189,
        81228.75230526316,
        59712.21329225129
    ]
}