{
    "time_duration": 2710.235016,
    "total_photons": 15,
    "q1q3_com_distance": 103.70053019391946,
    "moments_of_inertia": [
        58734.51940773134,
        79764.02665369204,
        122132.80873857655
    ]
}