{
    "time_duration": 1945.2885669999998,
    "total_photons": 109,
    "q1q3_com_distance": 63.662380811012405,
    "moments_of_inertia": [
        114932.18427220124,
        246424.53498395416,
        232883.95171999096
    ]
}