{
    "time_duration": 1354.0431210000002,
    "total_photons": 30,
    "q1q3_com_distance": 51.63509878524977,
    "moments_of_inertia": [
        306048.4138507381,
        222930.40102368244,
        179309.90835224657
    ]
}