{
    "time_duration": 2234.474182,
    "total_photons": 50,
    "q1q3_com_distance": 100.30224153134868,
    "moments_of_inertia": [
        139517.4678007257,
        273271.5611383951,
        235836.11219287929
    ]
}