{
    "time_duration": 436.447296,
    "total_photons": 16,
    "q1q3_com_distance": 29.785000000000082,
    "moments_of_inertia": [
        5340.982375000032,
        -2.533404979611388e-54,
        5340.982375000032
    ]
}