{
    "time_duration": 1259.175064,
    "total_photons": 10,
    "q1q3_com_distance": 23.794193035743426,
    "moments_of_inertia": [
        3966.3657882243933,
        43136.208040952006,
        39178.81029082361
    ]
}