{
    "time_duration": 2323.348938,
    "total_photons": 25,
    "q1q3_com_distance": 31.852036279271864,
    "moments_of_inertia": [
        132049.47398457973,
        294151.781726656,
        306565.1464967641
    ]
}