{
    "time_duration": 848.9543,
    "total_photons": 55,
    "q1q3_com_distance": 17.021428571428714,
    "moments_of_inertia": [
        9745.868810909069,
        9745.868810909069,
        0.0
    ]
}