{
    "time_duration": 1819.6127629999999,
    "total_photons": 36,
    "q1q3_com_distance": 81.733024061405,
    "moments_of_inertia": [
        121837.77912966697,
        172936.861899684,
        200758.07200953772
    ]
}