{
    "time_duration": 1608.3831030000001,
    "total_photons": 202,
    "q1q3_com_distance": 40.09402745260481,
    "moments_of_inertia": [
        302049.331112216,
        227990.97301931994,
        125787.19491103753
    ]
}