{
    "time_duration": 2621.6057130000004,
    "total_photons": 4,
    "q1q3_com_distance": 161.23362335443548,
    "moments_of_inertia": [
        70931.88806644625,
        44010.92334373487,
        33927.87593981886
    ]
}