{
    "time_duration": 2006.998565,
    "total_photons": 27,
    "q1q3_com_distance": 49.01779614359985,
    "moments_of_inertia": [
        72496.8719382638,
        154493.199444716,
        114404.85746146466
    ]
}