{
    "time_duration": 822.49118,
    "total_photons": 16,
    "q1q3_com_distance": 29.71269983104871,
    "moments_of_inertia": [
        3643.646251358643,
        16135.387168749985,
        12491.740917391357
    ]
}