{
    "time_duration": 2021.3432609999998,
    "total_photons": 22,
    "q1q3_com_distance": 43.25686958931102,
    "moments_of_inertia": [
        47492.618799999924,
        15999.536099111392,
        31493.082700888543
    ]
}