{
    "time_duration": 755.053696,
    "total_photons": 33,
    "q1q3_com_distance": 22.693333333333385,
    "moments_of_inertia": [
        7426.352072727257,
        7426.352072727257,
        0.0
    ]
}