{
    "time_duration": 828.4998779999999,
    "total_photons": 6,
    "q1q3_com_distance": 125.55256986617198,
    "moments_of_inertia": [
        2272.6893463564775,
        21342.833453643514,
        23615.52279999999
    ]
}