{
    "time_duration": 1756.1253660000002,
    "total_photons": 6,
    "q1q3_com_distance": 125.1590764786957,
    "moments_of_inertia": [
        15171.306196544378,
        68147.86342397181,
        82117.4681128171
    ]
}