{
    "time_duration": 2102.974762,
    "total_photons": 15,
    "q1q3_com_distance": 39.54791666447185,
    "moments_of_inertia": [
        11121.305228581074,
        42693.28375010677,
        31572.18526131209
    ]
}