{
    "time_duration": 1059.522949,
    "total_photons": 9,
    "q1q3_com_distance": 110.90982176475143,
    "moments_of_inertia": [
        62772.1123367892,
        36366.75534147835,
        46539.774677287875
    ]
}