{
    "time_duration": 2065.1719059999996,
    "total_photons": 102,
    "q1q3_com_distance": 29.625137367668888,
    "moments_of_inertia": [
        216199.11691555913,
        295283.96592541784,
        265506.97970215976
    ]
}