{
    "time_duration": 2517.794237,
    "total_photons": 1918,
    "q1q3_com_distance": 17.957155620931562,
    "moments_of_inertia": [
        276273.47048581426,
        464015.68176471296,
        486682.47550995107
    ]
}