{
    "time_duration": 2861.125306,
    "total_photons": 121,
    "q1q3_com_distance": 58.00717272147829,
    "moments_of_inertia": [
        873941.1625164062,
        700255.1061463609,
        722640.7164479764
    ]
}