{
    "time_duration": 2428.931709,
    "total_photons": 408,
    "q1q3_com_distance": 14.365728771934513,
    "moments_of_inertia": [
        346903.82056807424,
        632189.9159312636,
        584670.3611251717
    ]
}