{
    "time_duration": 2924.934555,
    "total_photons": 202,
    "q1q3_com_distance": 81.66180439589483,
    "moments_of_inertia": [
        740941.81799345,
        1026626.7817577779,
        930206.70330026
    ]
}