{
    "time_duration": 1588.764709,
    "total_photons": 81,
    "q1q3_com_distance": 61.152778153277296,
    "moments_of_inertia": [
        83439.47207901272,
        158850.59177962848,
        152430.9830648152
    ]
}