{
    "time_duration": 623.317963,
    "total_photons": 12,
    "q1q3_com_distance": 43.10778880382948,
    "moments_of_inertia": [
        7638.877946367456,
        24383.67458333336,
        16744.79663696591
    ]
}