{
    "time_duration": 1951.1889039999999,
    "total_photons": 43,
    "q1q3_com_distance": 84.93221026498654,
    "moments_of_inertia": [
        241329.45421111342,
        430767.0268664235,
        375877.048578277
    ]
}