{
    "time_duration": 1569.9815669999998,
    "total_photons": 17,
    "q1q3_com_distance": 61.861122524571314,
    "moments_of_inertia": [
        117800.0421132865,
        52680.455661156724,
        79861.14966085089
    ]
}