{
    "time_duration": 3025.6509100000003,
    "total_photons": 93,
    "q1q3_com_distance": 89.85078120795933,
    "moments_of_inertia": [
        238498.85246816743,
        484542.3130629957,
        423973.49128174013
    ]
}