{
    "time_duration": 448.59124800000006,
    "total_photons": 5,
    "q1q3_com_distance": 62.90999801303447,
    "moments_of_inertia": [
        5956.515329881739,
        24765.496400000025,
        18808.981070118276
    ]
}