{
    "time_duration": 1610.8350300000002,
    "total_photons": 168,
    "q1q3_com_distance": 21.571325292772585,
    "moments_of_inertia": [
        168923.47507559517,
        101722.08560200079,
        67201.3894735944
    ]
}