{
    "time_duration": 1010.8046270000001,
    "total_photons": 6,
    "q1q3_com_distance": 116.40330966085114,
    "moments_of_inertia": [
        54610.58910060246,
        48975.095214102956,
        23229.378218628026
    ]
}