{
    "time_duration": 457.2362059999999,
    "total_photons": 4,
    "q1q3_com_distance": 102.12999999999965,
    "moments_of_inertia": [
        10067.925799999943,
        10067.925799999943,
        0.0
    ]
}