{
    "time_duration": 2629.944366,
    "total_photons": 97,
    "q1q3_com_distance": 110.71025514743448,
    "moments_of_inertia": [
        644674.4932466736,
        770097.5701418124,
        751315.7502321313
    ]
}