{
    "time_duration": 3021.674103,
    "total_photons": 57,
    "q1q3_com_distance": 95.74578011053525,
    "moments_of_inertia": [
        437511.0383594497,
        397138.74786746677,
        601065.852278347
    ]
}