{
    "time_duration": 2364.24115,
    "total_photons": 93,
    "q1q3_com_distance": 41.905922144297094,
    "moments_of_inertia": [
        291551.6620271683,
        368807.5945046729,
        449304.9059369761
    ]
}