{
    "time_duration": 981.3463439999999,
    "total_photons": 22,
    "q1q3_com_distance": 60.68758817364005,
    "moments_of_inertia": [
        57040.31324749877,
        89341.34903345353,
        108703.95995541132
    ]
}