{
    "time_duration": 515.2540900000001,
    "total_photons": 4,
    "q1q3_com_distance": 50.940000000000055,
    "moments_of_inertia": [
        2168.410534139004,
        15760.253250000018,
        13591.842715861023
    ]
}