{
    "time_duration": 1542.4514769999998,
    "total_photons": 40,
    "q1q3_com_distance": 28.71724814462527,
    "moments_of_inertia": [
        205590.2952419264,
        90933.85930103673,
        131735.35837703696
    ]
}