{
    "time_duration": 1995.951126,
    "total_photons": 44,
    "q1q3_com_distance": 68.22989601885524,
    "moments_of_inertia": [
        194895.51251594033,
        174267.4091745662,
        124273.93417312994
    ]
}