{
    "time_duration": 1260.17981,
    "total_photons": 13,
    "q1q3_com_distance": 129.02378421190855,
    "moments_of_inertia": [
        52533.80156902035,
        69493.04500492098,
        83636.01468759711
    ]
}