{
    "time_duration": 5081.871368,
    "total_photons": 26,
    "q1q3_com_distance": 148.0760433778842,
    "moments_of_inertia": [
        89611.58047537577,
        196724.5453540291,
        208949.0925475188
    ]
}