{
    "time_duration": 1638.777924,
    "total_photons": 7,
    "q1q3_com_distance": 51.059999999999945,
    "moments_of_inertia": [
        14900.377971428596,
        14900.377971428596,
        0.0
    ]
}