{
    "time_duration": 1568.519227,
    "total_photons": 60,
    "q1q3_com_distance": 22.288973836107132,
    "moments_of_inertia": [
        256019.4465008882,
        357773.53174312646,
        337363.25046931853
    ]
}