{
    "time_duration": 1506.090286,
    "total_photons": 56,
    "q1q3_com_distance": 59.77160117173259,
    "moments_of_inertia": [
        118049.73223143366,
        153886.75976029199,
        198659.18801541717
    ]
}