{
    "time_duration": 2618.917328,
    "total_photons": 31,
    "q1q3_com_distance": 139.59867390577173,
    "moments_of_inertia": [
        238642.13705533496,
        110320.26082516444,
        177467.80871304902
    ]
}