{
    "time_duration": 1662.3977049999999,
    "total_photons": 8,
    "q1q3_com_distance": 92.81016835455046,
    "moments_of_inertia": [
        13309.392286975311,
        40851.093110210204,
        52948.97017781451
    ]
}