{
    "time_duration": 3063.501923,
    "total_photons": 203,
    "q1q3_com_distance": 65.35779449484411,
    "moments_of_inertia": [
        1645660.8450179347,
        2078563.8964951714,
        2706970.2699213796
    ]
}