{
    "time_duration": 4153.551498,
    "total_photons": 215,
    "q1q3_com_distance": 44.42017336854862,
    "moments_of_inertia": [
        701738.1555553678,
        916496.730177897,
        1270768.1385941773
    ]
}