{
    "time_duration": 2566.6058199999998,
    "total_photons": 115,
    "q1q3_com_distance": 92.98831640518932,
    "moments_of_inertia": [
        1381544.596418866,
        786298.0617752023,
        965803.7044772384
    ]
}