{
    "time_duration": 276.210602,
    "total_photons": 8,
    "q1q3_com_distance": 25.534999999999854,
    "moments_of_inertia": [
        1677.1297286640329,
        25823.717137499993,
        24146.58740883595
    ]
}