{
    "time_duration": 2253.0394749999996,
    "total_photons": 105,
    "q1q3_com_distance": 77.59777580530323,
    "moments_of_inertia": [
        593876.9089378322,
        450655.73689315724,
        414318.63455377176
    ]
}