{
    "time_duration": 1029.078339,
    "total_photons": 13,
    "q1q3_com_distance": 64.6987130485521,
    "moments_of_inertia": [
        59960.907487928795,
        45258.712291086085,
        36960.940744061976
    ]
}