{
    "time_duration": 710.0901490000001,
    "total_photons": 9,
    "q1q3_com_distance": 28.36666666666656,
    "moments_of_inertia": [
        4087.4757429346646,
        14313.070834843118,
        18400.546577777783
    ]
}