{
    "time_duration": 1370.989563,
    "total_photons": 20,
    "q1q3_com_distance": 78.5157971620998,
    "moments_of_inertia": [
        70856.40388000003,
        43176.78550647734,
        27679.618373522702
    ]
}