{
    "time_duration": 3489.4443359999996,
    "total_photons": 18,
    "q1q3_com_distance": 209.33792159090518,
    "moments_of_inertia": [
        187229.97256800698,
        359612.1475139296,
        501486.31789584097
    ]
}