{
    "time_duration": 2437.19519,
    "total_photons": 85,
    "q1q3_com_distance": 87.87589640037349,
    "moments_of_inertia": [
        697973.0449515888,
        844366.180427451,
        1023245.5920891953
    ]
}