{
    "time_duration": 1477.843323,
    "total_photons": 9,
    "q1q3_com_distance": 155.91306897684296,
    "moments_of_inertia": [
        16238.986685238706,
        78071.52694451719,
        61870.04477024408
    ]
}