{
    "time_duration": 2343.781494,
    "total_photons": 4,
    "q1q3_com_distance": 125.13309154656095,
    "moments_of_inertia": [
        3216.4604717332695,
        37462.855849999985,
        34246.395378266716
    ]
}