{
    "time_duration": 91.023758,
    "total_photons": 8,
    "q1q3_com_distance": 8.509999999999764,
    "moments_of_inertia": [
        253.47034999999946,
        253.47034999999946,
        0.0
    ]
}