{
    "time_duration": 619.640457,
    "total_photons": 5,
    "q1q3_com_distance": 68.07999999999993,
    "moments_of_inertia": [
        5445.991519999989,
        5445.991519999989,
        0.0
    ]
}