{
    "time_duration": 235.00293,
    "total_photons": 5,
    "q1q3_com_distance": 8.509999999999991,
    "moments_of_inertia": [
        347.6164799999992,
        347.6164799999992,
        0.0
    ]
}