{
    "time_duration": 2197.501999,
    "total_photons": 150,
    "q1q3_com_distance": 26.419448436306784,
    "moments_of_inertia": [
        59532.181837506956,
        145773.84438463266,
        185249.33925519366
    ]
}