{
    "time_duration": 869.147064,
    "total_photons": 6,
    "q1q3_com_distance": 17.019999999999527,
    "moments_of_inertia": [
        5158.455215848651,
        21765.14491666666,
        16606.68970081799
    ]
}