{
    "time_duration": 1314.5562439999999,
    "total_photons": 48,
    "q1q3_com_distance": 49.15209830775847,
    "moments_of_inertia": [
        51772.08282764282,
        159753.80494087114,
        108020.1456731526
    ]
}