{
    "time_duration": 1262.446228,
    "total_photons": 15,
    "q1q3_com_distance": 61.402219676897666,
    "moments_of_inertia": [
        42445.89513378304,
        75827.7431235047,
        66553.17904937909
    ]
}