{
    "time_duration": 1269.470642,
    "total_photons": 21,
    "q1q3_com_distance": 13.274604760803712,
    "moments_of_inertia": [
        12816.588575230959,
        33364.332419053455,
        46180.90561523933
    ]
}