{
    "time_duration": 963.4872439999999,
    "total_photons": 18,
    "q1q3_com_distance": 30.38618988948762,
    "moments_of_inertia": [
        17479.081407428625,
        66328.3588222223,
        48849.27741479364
    ]
}