{
    "time_duration": 2010.2257689999997,
    "total_photons": 31,
    "q1q3_com_distance": 15.213676721128206,
    "moments_of_inertia": [
        28281.1136398331,
        83085.59529267694,
        65907.53322232855
    ]
}