{
    "time_duration": 1433.90271,
    "total_photons": 11,
    "q1q3_com_distance": 147.6267486301554,
    "moments_of_inertia": [
        26977.294051809025,
        75622.77526464067,
        63330.97784718664
    ]
}