{
    "time_duration": 662.9953620000001,
    "total_photons": 5,
    "q1q3_com_distance": 45.57920633359024,
    "moments_of_inertia": [
        4770.823871858745,
        13333.743229049402,
        17687.005939091883
    ]
}