{
    "time_duration": 1994.884064,
    "total_photons": 11,
    "q1q3_com_distance": 126.03920205854783,
    "moments_of_inertia": [
        42428.80600621094,
        70972.32528852815,
        62253.263105261
    ]
}