{
    "time_duration": 2180.623627,
    "total_photons": 54,
    "q1q3_com_distance": 45.889909755271496,
    "moments_of_inertia": [
        174717.78906961353,
        296233.44862475694,
        339000.3604426667
    ]
}