{
    "time_duration": 1999.2452620000001,
    "total_photons": 61,
    "q1q3_com_distance": 37.43351807818848,
    "moments_of_inertia": [
        60417.569639787645,
        117195.0117904129,
        137881.1437042256
    ]
}