{
    "time_duration": 673.724594,
    "total_photons": 13,
    "q1q3_com_distance": 9.928333333333512,
    "moments_of_inertia": [
        2005.4796923076879,
        2005.4796923076879,
        0.0
    ]
}