{
    "time_duration": 3242.107177,
    "total_photons": 85,
    "q1q3_com_distance": 41.06935079802156,
    "moments_of_inertia": [
        694692.0655899951,
        476650.66607053485,
        553759.457581823
    ]
}