{
    "time_duration": 1169.839539,
    "total_photons": 37,
    "q1q3_com_distance": 36.288682808831744,
    "moments_of_inertia": [
        124848.81762876105,
        93409.81443251482,
        76929.32121439953
    ]
}