{
    "time_duration": 1540.3934319999998,
    "total_photons": 30,
    "q1q3_com_distance": 42.01344059494534,
    "moments_of_inertia": [
        51224.28152141481,
        71204.52540602625,
        103209.46540589226
    ]
}