{
    "time_duration": 1914.582306,
    "total_photons": 19,
    "q1q3_com_distance": 68.9833933349179,
    "moments_of_inertia": [
        90448.21796350113,
        118789.13323593115,
        148553.12880056788
    ]
}