{
    "time_duration": 2156.618225,
    "total_photons": 7,
    "q1q3_com_distance": 219.75021387930434,
    "moments_of_inertia": [
        11733.890606731118,
        69745.45392992841,
        79979.85672048322
    ]
}