{
    "time_duration": 676.9111630000001,
    "total_photons": 8,
    "q1q3_com_distance": 136.9485315729965,
    "moments_of_inertia": [
        53607.99508681655,
        36817.48657457325,
        25595.3301886103
    ]
}