{
    "time_duration": 1261.695038,
    "total_photons": 8,
    "q1q3_com_distance": 30.180166500534877,
    "moments_of_inertia": [
        29970.465276461196,
        66942.81582160827,
        85140.5897769306
    ]
}