{
    "time_duration": 1320.06665,
    "total_photons": 34,
    "q1q3_com_distance": 39.46612839034825,
    "moments_of_inertia": [
        41444.24387748682,
        151435.85367352946,
        109991.60979604257
    ]
}