{
    "time_duration": 1036.638733,
    "total_photons": 13,
    "q1q3_com_distance": 72.55602933155241,
    "moments_of_inertia": [
        16352.396444852759,
        35848.10349522056,
        40893.54178300354
    ]
}