{
    "time_duration": 2282.43753,
    "total_photons": 7,
    "q1q3_com_distance": 129.1799475537903,
    "moments_of_inertia": [
        10731.057629023533,
        70492.1797548817,
        76926.04175895185
    ]
}