{
    "time_duration": 3490.5641480000004,
    "total_photons": 7,
    "q1q3_com_distance": 205.25679994826,
    "moments_of_inertia": [
        21433.89938487517,
        150845.90495857087,
        129429.57874226819
    ]
}