{
    "time_duration": 781.403213,
    "total_photons": 50,
    "q1q3_com_distance": 24.385192422194695,
    "moments_of_inertia": [
        121271.93402399987,
        39006.648645766734,
        82265.28537823318
    ]
}