{
    "time_duration": 2345.261566,
    "total_photons": 13,
    "q1q3_com_distance": 183.6547660410242,
    "moments_of_inertia": [
        54526.73792524886,
        199527.6349165177,
        234867.37743515652
    ]
}