{
    "time_duration": 935.297607,
    "total_photons": 8,
    "q1q3_com_distance": 85.10807629126614,
    "moments_of_inertia": [
        15001.656656777282,
        59459.984556617215,
        44458.39836160544
    ]
}