{
    "time_duration": 3194.3562620000002,
    "total_photons": 21,
    "q1q3_com_distance": 75.72616341426826,
    "moments_of_inertia": [
        59334.55247729932,
        247181.88144578366,
        270479.9036197742
    ]
}