{
    "time_duration": 379.932648,
    "total_photons": 21,
    "q1q3_com_distance": 26.70871622190459,
    "moments_of_inertia": [
        8638.26256480757,
        32790.8307809524,
        24152.568216144813
    ]
}