{
    "time_duration": 2096.61496,
    "total_photons": 19,
    "q1q3_com_distance": 66.72935671801434,
    "moments_of_inertia": [
        59596.70140696647,
        97426.70654769524,
        136371.91724533832
    ]
}