{
    "time_duration": 1158.8284909999998,
    "total_photons": 4,
    "q1q3_com_distance": 273.4374871885712,
    "moments_of_inertia": [
        19438.718471300686,
        68658.88965120932,
        49220.17122749001
    ]
}