{
    "time_duration": 1022.293548,
    "total_photons": 11,
    "q1q3_com_distance": 47.09616828009119,
    "moments_of_inertia": [
        21685.9434186347,
        51494.64204236281,
        36783.244866275236
    ]
}