{
    "time_duration": 1572.8283390000001,
    "total_photons": 140,
    "q1q3_com_distance": 24.90053825498067,
    "moments_of_inertia": [
        282804.8581849838,
        222281.75748439025,
        208659.9885220552
    ]
}