{
    "time_duration": 1383.877167,
    "total_photons": 61,
    "q1q3_com_distance": 51.630328126630644,
    "moments_of_inertia": [
        178472.2407653749,
        235232.32926433583,
        284532.85098668246
    ]
}