{
    "time_duration": 1813.467926,
    "total_photons": 50,
    "q1q3_com_distance": 70.21350579381415,
    "moments_of_inertia": [
        702632.4404754583,
        528753.2398453086,
        419545.9765472325
    ]
}