{
    "time_duration": 2302.762452,
    "total_photons": 110,
    "q1q3_com_distance": 17.99416916613826,
    "moments_of_inertia": [
        87666.73026228577,
        171949.52485024685,
        201165.85122201277
    ]
}