{
    "time_duration": 2558.2090000000003,
    "total_photons": 69,
    "q1q3_com_distance": 74.6240783453027,
    "moments_of_inertia": [
        249767.16625018133,
        413369.0248558566,
        398902.33696352766
    ]
}