{
    "time_duration": 2496.104477,
    "total_photons": 75,
    "q1q3_com_distance": 40.247172764213474,
    "moments_of_inertia": [
        70400.3484386194,
        223678.6111109255,
        189059.3193997883
    ]
}