{
    "time_duration": 3616.0930329999997,
    "total_photons": 68,
    "q1q3_com_distance": 132.41320812054633,
    "moments_of_inertia": [
        406529.4554911327,
        543850.070263134,
        593044.881304557
    ]
}