{
    "time_duration": 4168.951674999999,
    "total_photons": 85,
    "q1q3_com_distance": 72.75981041391958,
    "moments_of_inertia": [
        367869.9619008418,
        498135.0781464047,
        561479.7705080484
    ]
}