{
    "time_duration": 1561.574616,
    "total_photons": 23,
    "q1q3_com_distance": 48.92453170729142,
    "moments_of_inertia": [
        142891.57855559184,
        78030.93875688872,
        95860.77395708478
    ]
}