{
    "time_duration": 1349.7420350000002,
    "total_photons": 14,
    "q1q3_com_distance": 104.77165346003672,
    "moments_of_inertia": [
        43305.34673368499,
        69994.38120301707,
        78955.89973472666
    ]
}