{
    "time_duration": 4154.197357,
    "total_photons": 67,
    "q1q3_com_distance": 78.43581505090039,
    "moments_of_inertia": [
        384341.93663828314,
        634608.6316678681,
        504283.504469969
    ]
}