{
    "time_duration": 1647.3239740000001,
    "total_photons": 4,
    "q1q3_com_distance": 247.91946514947145,
    "moments_of_inertia": [
        11735.616847050718,
        71368.43327500005,
        59632.8164279493
    ]
}