{
    "time_duration": 1673.2031550000002,
    "total_photons": 125,
    "q1q3_com_distance": 21.922094656275714,
    "moments_of_inertia": [
        153328.6660157216,
        124287.63359344346,
        87400.30700843447
    ]
}