{
    "time_duration": 3322.136902,
    "total_photons": 64,
    "q1q3_com_distance": 97.21863237095118,
    "moments_of_inertia": [
        496850.55979913194,
        680397.6799589179,
        879364.3158357014
    ]
}