{
    "time_duration": 412.55511499999994,
    "total_photons": 6,
    "q1q3_com_distance": 63.392344372171664,
    "moments_of_inertia": [
        2331.0427315181314,
        16601.298416666676,
        14270.255685148551
    ]
}