{
    "time_duration": 2357.5621640000004,
    "total_photons": 65,
    "q1q3_com_distance": 68.26841806100666,
    "moments_of_inertia": [
        388189.80692375917,
        568211.9804798381,
        717965.5925287106
    ]
}