{
    "time_duration": 1111.2297059999999,
    "total_photons": 22,
    "q1q3_com_distance": 64.40348942409877,
    "moments_of_inertia": [
        67233.08084545453,
        25609.88725086804,
        41623.19359458647
    ]
}