{
    "time_duration": 1106.7559509999999,
    "total_photons": 28,
    "q1q3_com_distance": 33.02117014206211,
    "moments_of_inertia": [
        42268.1439966589,
        24140.753298111584,
        29007.649748086616
    ]
}