{
    "time_duration": 1416.8295589999998,
    "total_photons": 67,
    "q1q3_com_distance": 46.142355464584426,
    "moments_of_inertia": [
        192760.2252180994,
        239162.43926744576,
        299388.28432639525
    ]
}