{
    "time_duration": 1571.558319,
    "total_photons": 85,
    "q1q3_com_distance": 8.813932918912473,
    "moments_of_inertia": [
        87616.4690796405,
        103022.21884705866,
        15405.749767418201
    ]
}