{
    "time_duration": 2582.06572,
    "total_photons": 94,
    "q1q3_com_distance": 44.36747957205105,
    "moments_of_inertia": [
        359679.9389867197,
        398407.1012008155,
        476257.85574225086
    ]
}