{
    "time_duration": 2925.7208020000003,
    "total_photons": 197,
    "q1q3_com_distance": 30.974929971565032,
    "moments_of_inertia": [
        716690.2702937861,
        970022.7584076701,
        1093819.502220371
    ]
}