{
    "time_duration": 2465.387177,
    "total_photons": 35,
    "q1q3_com_distance": 27.678199604261415,
    "moments_of_inertia": [
        122842.24350933902,
        209994.4028547601,
        188879.1255787581
    ]
}