{
    "time_duration": 1775.876221,
    "total_photons": 14,
    "q1q3_com_distance": 145.85797443489324,
    "moments_of_inertia": [
        153487.1379972875,
        89373.59225258297,
        64116.64876441529
    ]
}