{
    "time_duration": 545.923675,
    "total_photons": 7,
    "q1q3_com_distance": 8.509999999999991,
    "moments_of_inertia": [
        2565.7406857142805,
        2565.7406857142805,
        0.0
    ]
}