{
    "time_duration": 1191.851448,
    "total_photons": 134,
    "q1q3_com_distance": 23.697363541981385,
    "moments_of_inertia": [
        142366.37367782768,
        104746.0803389999,
        58167.3167488438
    ]
}