{
    "time_duration": 2533.191589,
    "total_photons": 17,
    "q1q3_com_distance": 53.16132715611995,
    "moments_of_inertia": [
        55476.52257634295,
        188342.39997727147,
        168002.8557052092
    ]
}