{
    "time_duration": 2188.3189079999997,
    "total_photons": 55,
    "q1q3_com_distance": 73.68754358500357,
    "moments_of_inertia": [
        296727.9969569504,
        427645.6616768176,
        520332.9466680507
    ]
}