{
    "time_duration": 3469.156372,
    "total_photons": 128,
    "q1q3_com_distance": 78.55819850806168,
    "moments_of_inertia": [
        751754.7054096512,
        914693.4087001065,
        1160011.3965355551
    ]
}