{
    "time_duration": 2196.566102,
    "total_photons": 6,
    "q1q3_com_distance": 174.83486129774025,
    "moments_of_inertia": [
        36034.02276232856,
        83966.48068046509,
        102853.11389053964
    ]
}