{
    "time_duration": 1151.221344,
    "total_photons": 50,
    "q1q3_com_distance": 45.628103123782644,
    "moments_of_inertia": [
        73987.75514576829,
        152613.94607012707,
        142637.21052010474
    ]
}