{
    "time_duration": 869.932495,
    "total_photons": 5,
    "q1q3_com_distance": 51.065000000000055,
    "moments_of_inertia": [
        25662.288120000027,
        11686.56638494776,
        13975.721735052262
    ]
}