{
    "time_duration": 1302.317016,
    "total_photons": 6,
    "q1q3_com_distance": 179.5076118859585,
    "moments_of_inertia": [
        28624.622464429805,
        67840.91450903143,
        72376.81672653859
    ]
}