{
    "time_duration": 1940.8121640000002,
    "total_photons": 47,
    "q1q3_com_distance": 45.63311639375006,
    "moments_of_inertia": [
        309374.41302288324,
        188011.4163169377,
        249859.54484741323
    ]
}