{
    "time_duration": 1597.053421,
    "total_photons": 85,
    "q1q3_com_distance": 34.738897890698716,
    "moments_of_inertia": [
        165696.80174248788,
        202747.2093597645,
        210648.58754245308
    ]
}