{
    "time_duration": 2653.006577,
    "total_photons": 37,
    "q1q3_com_distance": 118.41479276589655,
    "moments_of_inertia": [
        72961.54550646902,
        149907.9799792075,
        158600.52996297198
    ]
}