{
    "time_duration": 2170.610901,
    "total_photons": 62,
    "q1q3_com_distance": 47.776836249706356,
    "moments_of_inertia": [
        201515.55654900632,
        283531.9970955233,
        360343.7592393413
    ]
}