{
    "time_duration": 1582.332947,
    "total_photons": 13,
    "q1q3_com_distance": 118.70969027538456,
    "moments_of_inertia": [
        51850.47580314454,
        86208.01868066269,
        132396.9348700388
    ]
}