{
    "time_duration": 1947.0706179999997,
    "total_photons": 36,
    "q1q3_com_distance": 34.5386046312894,
    "moments_of_inertia": [
        90921.51303590176,
        177421.9403713769,
        174327.74324827714
    ]
}