{
    "time_duration": 3662.8641359999997,
    "total_photons": 93,
    "q1q3_com_distance": 69.09979819367398,
    "moments_of_inertia": [
        513372.159451368,
        645917.0729226929,
        843028.4381764764
    ]
}