{
    "time_duration": 2011.3392640000002,
    "total_photons": 37,
    "q1q3_com_distance": 25.36902430227424,
    "moments_of_inertia": [
        100684.29420430155,
        238172.12150409078,
        251223.5667889051
    ]
}