{
    "time_duration": 2187.324723,
    "total_photons": 217,
    "q1q3_com_distance": 11.665633743806088,
    "moments_of_inertia": [
        188438.8897104591,
        155454.59760490077,
        144315.54574270465
    ]
}