{
    "time_duration": 3839.340546,
    "total_photons": 129,
    "q1q3_com_distance": 45.80640641649827,
    "moments_of_inertia": [
        211882.63983505405,
        316094.7247808215,
        265526.55239187664
    ]
}