{
    "time_duration": 2351.6761779999997,
    "total_photons": 53,
    "q1q3_com_distance": 28.457572498141715,
    "moments_of_inertia": [
        92204.72518450324,
        115526.6796021543,
        154735.97928881418
    ]
}