{
    "time_duration": 3311.42276,
    "total_photons": 59,
    "q1q3_com_distance": 68.41390554558352,
    "moments_of_inertia": [
        599318.1809354441,
        852323.4006661278,
        1005932.397442497
    ]
}