{
    "time_duration": 2787.1533809999996,
    "total_photons": 31,
    "q1q3_com_distance": 102.24133604033396,
    "moments_of_inertia": [
        245882.00398222508,
        316128.93387660215,
        363276.2354573015
    ]
}