{
    "time_duration": 1949.173797,
    "total_photons": 124,
    "q1q3_com_distance": 17.48106315092342,
    "moments_of_inertia": [
        60518.814770115045,
        160428.3384519015,
        191045.96811830616
    ]
}