{
    "time_duration": 951.198975,
    "total_photons": 9,
    "q1q3_com_distance": 52.404760173946634,
    "moments_of_inertia": [
        21394.612590248595,
        65759.5835260348,
        59260.43997260553
    ]
}