{
    "time_duration": 2247.260925,
    "total_photons": 81,
    "q1q3_com_distance": 67.56006765535692,
    "moments_of_inertia": [
        449154.36185274296,
        662130.5897344757,
        776624.8890596939
    ]
}