{
    "time_duration": 1783.957199,
    "total_photons": 39,
    "q1q3_com_distance": 54.69638704704379,
    "moments_of_inertia": [
        79599.59688382466,
        192033.35583008366,
        146507.01927583534
    ]
}