{
    "time_duration": 3960.54483,
    "total_photons": 88,
    "q1q3_com_distance": 66.19425449306418,
    "moments_of_inertia": [
        552857.1789674066,
        790430.464900764,
        867592.9689818304
    ]
}