{
    "time_duration": 1622.545433,
    "total_photons": 95,
    "q1q3_com_distance": 36.04729283640217,
    "moments_of_inertia": [
        92240.65045287942,
        170866.24023746492,
        142410.7605938666
    ]
}