{
    "time_duration": 2525.868531,
    "total_photons": 105,
    "q1q3_com_distance": 55.85716133551786,
    "moments_of_inertia": [
        254027.19578574988,
        443163.4815451119,
        454517.9057167578
    ]
}