{
    "time_duration": 1783.06897,
    "total_photons": 12,
    "q1q3_com_distance": 182.54266791934188,
    "moments_of_inertia": [
        44011.36476600441,
        195954.3640131985,
        204746.22488746358
    ]
}