{
    "time_duration": 1569.414734,
    "total_photons": 13,
    "q1q3_com_distance": 91.73908430752579,
    "moments_of_inertia": [
        68071.05075527646,
        82666.51472143683,
        29484.45895405595
    ]
}