{
    "time_duration": 1371.148765,
    "total_photons": 79,
    "q1q3_com_distance": 6.50341393039068,
    "moments_of_inertia": [
        12902.783856052149,
        82182.05701265816,
        69279.27315660602
    ]
}