{
    "time_duration": 1274.492737,
    "total_photons": 26,
    "q1q3_com_distance": 39.72187299055202,
    "moments_of_inertia": [
        62284.681926923164,
        33330.55303241079,
        28954.128894512345
    ]
}