{
    "time_duration": 3660.721527,
    "total_photons": 96,
    "q1q3_com_distance": 104.94349219292198,
    "moments_of_inertia": [
        804658.4871012683,
        1094724.6920012636,
        1123569.1574683012
    ]
}