{
    "time_duration": 2931.52858,
    "total_photons": 87,
    "q1q3_com_distance": 64.31041365553054,
    "moments_of_inertia": [
        1033910.7231050896,
        661094.6287883517,
        748147.2851410426
    ]
}