{
    "time_duration": 224.727661,
    "total_photons": 5,
    "q1q3_com_distance": 17.019999999999982,
    "moments_of_inertia": [
        0.0,
        1969.826720000016,
        1969.826720000016
    ]
}