{
    "time_duration": 1540.3264159999999,
    "total_photons": 10,
    "q1q3_com_distance": 113.34394293476824,
    "moments_of_inertia": [
        111548.78765724936,
        54871.375484235694,
        68581.9344785149
    ]
}