{
    "time_duration": 2702.9017949999998,
    "total_photons": 9,
    "q1q3_com_distance": 98.42285971200431,
    "moments_of_inertia": [
        98284.692124488,
        54305.29490648916,
        63321.903057911724
    ]
}