{
    "time_duration": 685.546692,
    "total_photons": 4,
    "q1q3_com_distance": 162.0393803987167,
    "moments_of_inertia": [
        2893.5385824597543,
        42073.232145654554,
        39179.79427188571
    ]
}