{
    "time_duration": 3052.399292,
    "total_photons": 92,
    "q1q3_com_distance": 74.72793579186268,
    "moments_of_inertia": [
        277225.4639354005,
        415791.0330788614,
        386389.6582531287
    ]
}