{
    "time_duration": 3051.1732789999996,
    "total_photons": 135,
    "q1q3_com_distance": 53.01622400616512,
    "moments_of_inertia": [
        1233192.8311531513,
        1005158.2689902603,
        926323.7124284414
    ]
}