{
    "time_duration": 1842.1149750000002,
    "total_photons": 71,
    "q1q3_com_distance": 15.014637672765966,
    "moments_of_inertia": [
        80936.57543943658,
        51912.248275885526,
        29024.327163551097
    ]
}