{
    "time_duration": 1489.312927,
    "total_photons": 34,
    "q1q3_com_distance": 56.96133618300292,
    "moments_of_inertia": [
        128901.63899666852,
        181694.82863812958,
        214211.3663475547
    ]
}