{
    "time_duration": 854.5953220000001,
    "total_photons": 25,
    "q1q3_com_distance": 48.61610302868949,
    "moments_of_inertia": [
        59119.955200011944,
        41453.51318678185,
        33355.15498920641
    ]
}