{
    "time_duration": 746.7073670000001,
    "total_photons": 12,
    "q1q3_com_distance": 39.932691285879166,
    "moments_of_inertia": [
        10174.602926365173,
        27220.401522077384,
        25552.60751822407
    ]
}