{
    "time_duration": 1668.6531989999999,
    "total_photons": 11,
    "q1q3_com_distance": 81.27226375311294,
    "moments_of_inertia": [
        23186.96453421199,
        61539.659166604666,
        76120.79251736522
    ]
}