{
    "time_duration": 3072.673554,
    "total_photons": 25,
    "q1q3_com_distance": 40.6709016697491,
    "moments_of_inertia": [
        104775.20009525257,
        342251.3020090042,
        417864.85698374297
    ]
}