{
    "time_duration": 911.2727659999999,
    "total_photons": 6,
    "q1q3_com_distance": 64.76282208952914,
    "moments_of_inertia": [
        9571.673764267569,
        40931.34121724018,
        47497.751618492235
    ]
}