{
    "time_duration": 1063.035308,
    "total_photons": 15,
    "q1q3_com_distance": 72.37564270008255,
    "moments_of_inertia": [
        144341.84856469303,
        112699.65417463174,
        99751.1744340085
    ]
}