{
    "time_duration": 3443.736145,
    "total_photons": 8,
    "q1q3_com_distance": 195.82377243327713,
    "moments_of_inertia": [
        11744.163738850155,
        50268.44811423417,
        60774.133721915576
    ]
}