{
    "time_duration": 1370.0754239999999,
    "total_photons": 21,
    "q1q3_com_distance": 38.75035502919795,
    "moments_of_inertia": [
        49653.537370878796,
        36434.55158858159,
        22490.2989072064
    ]
}