{
    "time_duration": 2784.551498,
    "total_photons": 106,
    "q1q3_com_distance": 64.05130909012802,
    "moments_of_inertia": [
        762330.981088761,
        1028041.2045873036,
        1412761.224176765
    ]
}