{
    "time_duration": 2266.247833,
    "total_photons": 31,
    "q1q3_com_distance": 61.42167530176092,
    "moments_of_inertia": [
        113152.15895369687,
        161142.5848778916,
        172234.33855550824
    ]
}