{
    "time_duration": 3337.33474,
    "total_photons": 154,
    "q1q3_com_distance": 50.29364258385359,
    "moments_of_inertia": [
        408589.03391874733,
        685320.5657240382,
        525642.9593169548
    ]
}