{
    "time_duration": 3498.482345,
    "total_photons": 122,
    "q1q3_com_distance": 101.99248146220344,
    "moments_of_inertia": [
        900105.8996635285,
        1099926.8157136892,
        1465648.3115522913
    ]
}