{
    "time_duration": 1421.955566,
    "total_photons": 7,
    "q1q3_com_distance": 63.12655720851563,
    "moments_of_inertia": [
        8885.159958163269,
        59231.85453587149,
        62000.41819167941
    ]
}