{
    "time_duration": 1104.08844,
    "total_photons": 34,
    "q1q3_com_distance": 48.37871006604385,
    "moments_of_inertia": [
        64736.55725528521,
        106966.9234238266,
        102848.3543444175
    ]
}