{
    "time_duration": 2063.414093,
    "total_photons": 101,
    "q1q3_com_distance": 45.75435035886644,
    "moments_of_inertia": [
        357494.14052864397,
        267165.9921395401,
        288864.6248169643
    ]
}