{
    "time_duration": 2899.055054,
    "total_photons": 36,
    "q1q3_com_distance": 129.21871376244135,
    "moments_of_inertia": [
        195335.31282624594,
        370301.9666121241,
        304953.76348385285
    ]
}