{
    "time_duration": 2255.017761,
    "total_photons": 7,
    "q1q3_com_distance": 93.61499999999978,
    "moments_of_inertia": [
        26322.305400000012,
        26322.305400000012,
        0.0
    ]
}