{
    "time_duration": 3131.52179,
    "total_photons": 76,
    "q1q3_com_distance": 100.20893384542951,
    "moments_of_inertia": [
        400132.40267107263,
        727314.2170065884,
        916196.3000644447
    ]
}