{
    "time_duration": 1848.996368,
    "total_photons": 46,
    "q1q3_com_distance": 29.57826908531552,
    "moments_of_inertia": [
        167942.5366026873,
        296016.30337183597,
        312749.53753851994
    ]
}