{
    "time_duration": 3541.8837280000002,
    "total_photons": 36,
    "q1q3_com_distance": 138.95686937648543,
    "moments_of_inertia": [
        366400.76705126045,
        260993.03597268343,
        292245.3720093896
    ]
}