{
    "time_duration": 4017.5271229999994,
    "total_photons": 432,
    "q1q3_com_distance": 65.89058412086482,
    "moments_of_inertia": [
        2240526.245662133,
        1506228.5764155588,
        1833750.5076588828
    ]
}