{
    "time_duration": 1284.733704,
    "total_photons": 52,
    "q1q3_com_distance": 79.33522410273989,
    "moments_of_inertia": [
        97818.62317086707,
        208980.86497444008,
        218945.0087431547
    ]
}