{
    "time_duration": 1439.1298820000002,
    "total_photons": 6,
    "q1q3_com_distance": 59.43090210488145,
    "moments_of_inertia": [
        5806.523344615151,
        26578.682349999974,
        20772.159005384852
    ]
}