{
    "time_duration": 1715.28772,
    "total_photons": 45,
    "q1q3_com_distance": 97.01572513960271,
    "moments_of_inertia": [
        138581.1626375146,
        333446.9796403495,
        304471.2176243583
    ]
}