{
    "time_duration": 736.242249,
    "total_photons": 15,
    "q1q3_com_distance": 82.82831309401337,
    "moments_of_inertia": [
        8510.493790814013,
        34697.52778666651,
        26187.03399585252
    ]
}