{
    "time_duration": 1343.0532230000001,
    "total_photons": 27,
    "q1q3_com_distance": 35.77595912090153,
    "moments_of_inertia": [
        164524.5802370373,
        62948.38875884839,
        101576.19147818867
    ]
}