{
    "time_duration": 1465.372437,
    "total_photons": 48,
    "q1q3_com_distance": 70.20943912581207,
    "moments_of_inertia": [
        149287.7311562704,
        206084.79445945192,
        268616.38893011096
    ]
}