{
    "time_duration": 2222.599487,
    "total_photons": 4,
    "q1q3_com_distance": 126.38654873047209,
    "moments_of_inertia": [
        20881.101366733004,
        9208.106869766245,
        11922.165063500757
    ]
}