{
    "time_duration": 2923.378937,
    "total_photons": 19,
    "q1q3_com_distance": 47.93560000667579,
    "moments_of_inertia": [
        73388.77655507508,
        162587.04364375945,
        201830.85820116548
    ]
}