{
    "time_duration": 2041.2268680000002,
    "total_photons": 18,
    "q1q3_com_distance": 42.50340551061772,
    "moments_of_inertia": [
        88486.53482200537,
        319634.78399592615,
        261024.0784487352
    ]
}