{
    "time_duration": 1528.49237,
    "total_photons": 7,
    "q1q3_com_distance": 79.96804627474644,
    "moments_of_inertia": [
        30429.50941981357,
        18157.085211575504,
        24086.48485432525
    ]
}