{
    "time_duration": 2941.187805,
    "total_photons": 34,
    "q1q3_com_distance": 117.34170439940836,
    "moments_of_inertia": [
        113160.8376126372,
        324197.9190905245,
        271337.3735850738
    ]
}