{
    "time_duration": 1061.8507690000001,
    "total_photons": 6,
    "q1q3_com_distance": 71.66949298690477,
    "moments_of_inertia": [
        12228.781230273074,
        21476.52860208352,
        31516.504067643415
    ]
}