{
    "time_duration": 2428.905899,
    "total_photons": 107,
    "q1q3_com_distance": 109.6802209624432,
    "moments_of_inertia": [
        1185349.6108239763,
        1005673.7932325662,
        693213.8617154213
    ]
}