{
    "time_duration": 1027.072784,
    "total_photons": 14,
    "q1q3_com_distance": 38.55113471092651,
    "moments_of_inertia": [
        14177.362948083857,
        68161.21726428567,
        53983.85431620185
    ]
}