{
    "time_duration": 1239.528138,
    "total_photons": 49,
    "q1q3_com_distance": 88.20933053346681,
    "moments_of_inertia": [
        131054.88248367996,
        186593.0378959083,
        247990.35780000384
    ]
}