{
    "time_duration": 1744.2888480000001,
    "total_photons": 20,
    "q1q3_com_distance": 94.34183636118172,
    "moments_of_inertia": [
        175333.62386757924,
        94601.15227823929,
        106790.84274418141
    ]
}