{
    "time_duration": 1835.206512,
    "total_photons": 185,
    "q1q3_com_distance": 25.46520894074136,
    "moments_of_inertia": [
        391567.4393538459,
        496076.1695121317,
        586137.5179340217
    ]
}