{
    "time_duration": 1821.922089,
    "total_photons": 64,
    "q1q3_com_distance": 41.92198806824109,
    "moments_of_inertia": [
        329812.4214146029,
        427675.52566239407,
        421977.30960737827
    ]
}