{
    "time_duration": 795.8573310000002,
    "total_photons": 32,
    "q1q3_com_distance": 16.876256851342944,
    "moments_of_inertia": [
        40539.7590676877,
        86548.98786724564,
        81703.94418381655
    ]
}