{
    "time_duration": 1369.571151,
    "total_photons": 14,
    "q1q3_com_distance": 60.24406713527892,
    "moments_of_inertia": [
        2774.6258354524325,
        46831.3395142857,
        44056.71367883324
    ]
}