{
    "time_duration": 1849.556107,
    "total_photons": 41,
    "q1q3_com_distance": 80.40716402316376,
    "moments_of_inertia": [
        81845.16656165823,
        175974.2891912796,
        186339.34175925757
    ]
}