{
    "time_duration": 410.842529,
    "total_photons": 4,
    "q1q3_com_distance": 119.1400000000001,
    "moments_of_inertia": [
        13543.665075000015,
        13543.665075000015,
        0.0
    ]
}