{
    "time_duration": 1075.9404299999999,
    "total_photons": 5,
    "q1q3_com_distance": 189.77825487921424,
    "moments_of_inertia": [
        2253.2471338919713,
        46261.84348939076,
        44008.600016717246
    ]
}