{
    "time_duration": 1019.4124150000001,
    "total_photons": 11,
    "q1q3_com_distance": 189.3587033765401,
    "moments_of_inertia": [
        13718.132774063663,
        126787.88668303416,
        113075.2663974476
    ]
}