{
    "time_duration": 2102.691414,
    "total_photons": 82,
    "q1q3_com_distance": 22.710505490569908,
    "moments_of_inertia": [
        82208.2024473568,
        55500.63228149263,
        26707.990895540865
    ]
}