{
    "time_duration": 3684.5180060000002,
    "total_photons": 19,
    "q1q3_com_distance": 285.58825146703805,
    "moments_of_inertia": [
        181813.92784338188,
        640852.1596234159,
        716267.155164781
    ]
}