{
    "time_duration": 2722.086792,
    "total_photons": 53,
    "q1q3_com_distance": 172.24695703304275,
    "moments_of_inertia": [
        114934.94394005579,
        689192.5441208802,
        656204.9420145353
    ]
}