{
    "time_duration": 2706.576751,
    "total_photons": 4,
    "q1q3_com_distance": 256.76804045675146,
    "moments_of_inertia": [
        19421.674927145665,
        50785.88616017823,
        45612.79206267613
    ]
}