{
    "time_duration": 1479.650955,
    "total_photons": 34,
    "q1q3_com_distance": 62.93959298749944,
    "moments_of_inertia": [
        16918.34880499888,
        196923.04854923236,
        187271.21295753334
    ]
}