{
    "time_duration": 2565.214478,
    "total_photons": 20,
    "q1q3_com_distance": 307.5658647119344,
    "moments_of_inertia": [
        34431.91911123565,
        676385.8155716124,
        692813.6966971519
    ]
}