{
    "time_duration": 679.376587,
    "total_photons": 6,
    "q1q3_com_distance": 86.57385763034945,
    "moments_of_inertia": [
        3370.4406388787247,
        25103.674961121273,
        28474.115600000005
    ]
}