{
    "time_duration": 208.23837299999997,
    "total_photons": 18,
    "q1q3_com_distance": 3.4060000000001764,
    "moments_of_inertia": [
        2979.275799999992,
        -8.971189273890664e-55,
        2979.275799999992
    ]
}