{
    "time_duration": 3572.927734000001,
    "total_photons": 144,
    "q1q3_com_distance": 77.59396975911463,
    "moments_of_inertia": [
        68144.7372093898,
        970316.3374232807,
        993380.8957770519
    ]
}