{
    "time_duration": 2502.844818,
    "total_photons": 25,
    "q1q3_com_distance": 116.7293395891469,
    "moments_of_inertia": [
        140070.9350265143,
        127958.57781692523,
        50213.710436560534
    ]
}