{
    "time_duration": 1403.239075,
    "total_photons": 7,
    "q1q3_com_distance": 90.66205669959201,
    "moments_of_inertia": [
        41049.99516787037,
        32426.471524261615,
        9157.50216501083
    ]
}