{
    "time_duration": 660.332611,
    "total_photons": 11,
    "q1q3_com_distance": 81.59749478725163,
    "moments_of_inertia": [
        32992.663701199366,
        84497.49842822005,
        104461.67139785331
    ]
}