{
    "time_duration": 1223.7189940000003,
    "total_photons": 4,
    "q1q3_com_distance": 125.3676417581507,
    "moments_of_inertia": [
        167.75991877027445,
        12154.0014,
        11986.24148122973
    ]
}