{
    "time_duration": 1900.698975,
    "total_photons": 12,
    "q1q3_com_distance": 72.2903678845868,
    "moments_of_inertia": [
        43512.58577622661,
        128059.46169654168,
        109291.49859389839
    ]
}