{
    "time_duration": 2549.05188,
    "total_photons": 28,
    "q1q3_com_distance": 43.89736436233037,
    "moments_of_inertia": [
        62478.902740965685,
        118353.82197067585,
        131042.99962407294
    ]
}