{
    "time_duration": 1812.1797179999999,
    "total_photons": 16,
    "q1q3_com_distance": 97.64970487666601,
    "moments_of_inertia": [
        203794.99460477708,
        130626.61883165254,
        167927.31953857036
    ]
}