{
    "time_duration": 2213.296447,
    "total_photons": 25,
    "q1q3_com_distance": 89.85789050493985,
    "moments_of_inertia": [
        189016.9077521031,
        415246.4783938328,
        500843.3626380643
    ]
}