{
    "time_duration": 1751.7540279999998,
    "total_photons": 11,
    "q1q3_com_distance": 474.16056115577067,
    "moments_of_inertia": [
        38341.36909377761,
        567264.5906656769,
        599904.3306041822
    ]
}