{
    "time_duration": 2850.036255,
    "total_photons": 54,
    "q1q3_com_distance": 326.53894585516764,
    "moments_of_inertia": [
        232812.82294354402,
        2413089.2531348504,
        2528943.451662349
    ]
}