{
    "time_duration": 2327.203506,
    "total_photons": 186,
    "q1q3_com_distance": 72.30295889116975,
    "moments_of_inertia": [
        863227.6095745289,
        1232676.4587401478,
        1104354.241303603
    ]
}