{
    "time_duration": 1563.3400880000002,
    "total_photons": 10,
    "q1q3_com_distance": 156.67685208025375,
    "moments_of_inertia": [
        30570.960964433005,
        122081.95049319837,
        109945.22706236874
    ]
}