{
    "time_duration": 3547.518859,
    "total_photons": 42,
    "q1q3_com_distance": 205.6653721541518,
    "moments_of_inertia": [
        180262.90950992703,
        566445.94568675,
        629253.8661033233
    ]
}