{
    "time_duration": 633.2863769999999,
    "total_photons": 4,
    "q1q3_com_distance": 51.059999999999945,
    "moments_of_inertia": [
        21149.392499999994,
        21149.392499999994,
        0.0
    ]
}