{
    "time_duration": 560.90773,
    "total_photons": 15,
    "q1q3_com_distance": 34.039999999999964,
    "moments_of_inertia": [
        7995.179039999983,
        7995.179039999983,
        0.0
    ]
}