{
    "time_duration": 1053.261108,
    "total_photons": 8,
    "q1q3_com_distance": 118.96943346927395,
    "moments_of_inertia": [
        5355.568294408815,
        32545.22522499996,
        27189.65693059116
    ]
}