{
    "time_duration": 2473.311889,
    "total_photons": 46,
    "q1q3_com_distance": 270.77001947891307,
    "moments_of_inertia": [
        1753350.3829813898,
        1791823.1625300238,
        275082.06150597753
    ]
}