{
    "time_duration": 2211.425537,
    "total_photons": 23,
    "q1q3_com_distance": 187.36099705292636,
    "moments_of_inertia": [
        53578.78211604137,
        250487.69495023857,
        290851.22465545917
    ]
}