{
    "time_duration": 1232.998077,
    "total_photons": 28,
    "q1q3_com_distance": 33.20691226911933,
    "moments_of_inertia": [
        1522.8334850296378,
        79687.45848214289,
        78164.62499711322
    ]
}