{
    "time_duration": 749.8165580000001,
    "total_photons": 4,
    "q1q3_com_distance": 125.29236249668213,
    "moments_of_inertia": [
        191.63863122232033,
        12056.16407500001,
        11864.525443777682
    ]
}