{
    "time_duration": 1906.684448,
    "total_photons": 10,
    "q1q3_com_distance": 249.20774675849168,
    "moments_of_inertia": [
        8506.794400503277,
        322312.1840386685,
        329303.073360829
    ]
}