{
    "time_duration": 2269.127105,
    "total_photons": 32,
    "q1q3_com_distance": 400.1282742563627,
    "moments_of_inertia": [
        67954.4331294056,
        1543440.7571941498,
        1560403.5391076938
    ]
}