{
    "time_duration": 3739.335026,
    "total_photons": 116,
    "q1q3_com_distance": 269.8849956558213,
    "moments_of_inertia": [
        492038.4952473794,
        2393665.730619654,
        2587803.5244105505
    ]
}