{
    "time_duration": 1185.613647,
    "total_photons": 4,
    "q1q3_com_distance": 268.79117563640364,
    "moments_of_inertia": [
        6654.705898038432,
        60088.536275000006,
        53433.83037696156
    ]
}