{
    "time_duration": 3848.636475,
    "total_photons": 12,
    "q1q3_com_distance": 154.46855231909024,
    "moments_of_inertia": [
        51190.651193586236,
        268330.2839387151,
        304271.8081010321
    ]
}