{
    "time_duration": 533.6764069999999,
    "total_photons": 11,
    "q1q3_com_distance": 54.140574638825456,
    "moments_of_inertia": [
        7471.747560691281,
        23649.154036363645,
        16177.406475672353
    ]
}