{
    "time_duration": 1240.288574,
    "total_photons": 19,
    "q1q3_com_distance": 73.84247029995677,
    "moments_of_inertia": [
        35391.980992059354,
        68199.2580276498,
        56606.226706606525
    ]
}