{
    "time_duration": 1985.6254880000001,
    "total_photons": 7,
    "q1q3_com_distance": 169.8602117183421,
    "moments_of_inertia": [
        30289.86471842772,
        93036.04788119173,
        73999.72477180925
    ]
}