{
    "time_duration": 2665.326782,
    "total_photons": 14,
    "q1q3_com_distance": 298.25417644812603,
    "moments_of_inertia": [
        42640.53327710062,
        495171.9549753496,
        494017.146176121
    ]
}