{
    "time_duration": 677.8688050000001,
    "total_photons": 27,
    "q1q3_com_distance": 34.38522253194586,
    "moments_of_inertia": [
        26394.000066524663,
        105022.10849766184,
        96371.64672470248
    ]
}