{
    "time_duration": 1339.845154,
    "total_photons": 15,
    "q1q3_com_distance": 58.639512169696694,
    "moments_of_inertia": [
        143685.70295809943,
        185549.61868707775,
        69875.84304815617
    ]
}