{
    "time_duration": 953.9826659999999,
    "total_photons": 7,
    "q1q3_com_distance": 131.4489263934856,
    "moments_of_inertia": [
        881.6348978034293,
        34657.68773593422,
        35493.96890911953
    ]
}