{
    "time_duration": 1750.60498,
    "total_photons": 10,
    "q1q3_com_distance": 150.94987372561062,
    "moments_of_inertia": [
        76809.77245387656,
        458362.35716129036,
        529061.471944833
    ]
}