{
    "time_duration": 831.8322760000001,
    "total_photons": 14,
    "q1q3_com_distance": 63.94775807250787,
    "moments_of_inertia": [
        73158.79502245825,
        110581.20049349598,
        114986.17749833153
    ]
}