{
    "time_duration": 2346.3067630000005,
    "total_photons": 15,
    "q1q3_com_distance": 115.59191021109565,
    "moments_of_inertia": [
        104946.16233360632,
        151923.96501245842,
        179147.6859606017
    ]
}