{
    "time_duration": 416.844788,
    "total_photons": 5,
    "q1q3_com_distance": 8.509999999999991,
    "moments_of_inertia": [
        2665.0596799999944,
        2665.0596799999944,
        0.0
    ]
}