{
    "time_duration": 4283.256348,
    "total_photons": 53,
    "q1q3_com_distance": 263.6353127897158,
    "moments_of_inertia": [
        418366.2385710466,
        1259827.3670016727,
        1478253.1355669037
    ]
}