{
    "time_duration": 1670.730942,
    "total_photons": 46,
    "q1q3_com_distance": 41.9300658752828,
    "moments_of_inertia": [
        118786.57747470307,
        155678.97811543575,
        194888.1398185566
    ]
}