{
    "time_duration": 649.706818,
    "total_photons": 14,
    "q1q3_com_distance": 0.0,
    "moments_of_inertia": [
        6641.957742857128,
        6641.957742857128,
        0.0
    ]
}