{
    "time_duration": 3103.2363279999995,
    "total_photons": 11,
    "q1q3_com_distance": 672.9317422212217,
    "moments_of_inertia": [
        27073.34171210602,
        968659.5190291605,
        959652.3254041875
    ]
}