{
    "time_duration": 2503.8754580000004,
    "total_photons": 52,
    "q1q3_com_distance": 72.70596201430835,
    "moments_of_inertia": [
        400036.73411292024,
        541996.2860734232,
        628314.4338675028
    ]
}