{
    "time_duration": 1193.401977,
    "total_photons": 15,
    "q1q3_com_distance": 76.69394373905926,
    "moments_of_inertia": [
        39426.81182893028,
        30178.283943905913,
        21950.275027163938
    ]
}