{
    "time_duration": 1225.541778,
    "total_photons": 10,
    "q1q3_com_distance": 85.30052025372143,
    "moments_of_inertia": [
        15143.110456765433,
        35795.18350323455,
        50938.29395999996
    ]
}