{
    "time_duration": 1685.8796380000003,
    "total_photons": 5,
    "q1q3_com_distance": 333.4718880205646,
    "moments_of_inertia": [
        9552.40573561858,
        99742.3079794842,
        106384.18564489727
    ]
}