{
    "time_duration": 1700.9416959999999,
    "total_photons": 66,
    "q1q3_com_distance": 36.07836126005561,
    "moments_of_inertia": [
        108766.98568636367,
        64615.52258053461,
        44151.463105829076
    ]
}