{
    "time_duration": 2201.6687549999997,
    "total_photons": 79,
    "q1q3_com_distance": 29.730530288745175,
    "moments_of_inertia": [
        156368.69341262744,
        349506.44107854395,
        292925.99895186635
    ]
}