{
    "time_duration": 2178.231568,
    "total_photons": 5,
    "q1q3_com_distance": 277.45618050423735,
    "moments_of_inertia": [
        31806.674515522085,
        349324.61291024165,
        380783.9020142363
    ]
}