{
    "time_duration": 1652.572632,
    "total_photons": 14,
    "q1q3_com_distance": 60.779352014068095,
    "moments_of_inertia": [
        9593.379023187212,
        57779.46000000002,
        48186.08097681275
    ]
}