{
    "time_duration": 2739.0533450000003,
    "total_photons": 21,
    "q1q3_com_distance": 383.1038287608491,
    "moments_of_inertia": [
        54794.92577145784,
        735949.9343226291,
        790744.8534678171
    ]
}