{
    "time_duration": 760.547241,
    "total_photons": 8,
    "q1q3_com_distance": 70.03706393760379,
    "moments_of_inertia": [
        22217.221582390153,
        28112.729376502462,
        46405.95689110745
    ]
}