{
    "time_duration": 3732.4954230000003,
    "total_photons": 28,
    "q1q3_com_distance": 246.050938964488,
    "moments_of_inertia": [
        185764.21637956056,
        408050.5777441399,
        508498.70252630016
    ]
}