{
    "time_duration": 1798.3013919999999,
    "total_photons": 13,
    "q1q3_com_distance": 89.72360827145793,
    "moments_of_inertia": [
        44803.09004080926,
        171007.67284501775,
        172823.54837571157
    ]
}