{
    "time_duration": 1571.1170350000002,
    "total_photons": 12,
    "q1q3_com_distance": 119.67739975079294,
    "moments_of_inertia": [
        32674.54659104853,
        51634.730701999244,
        61216.25370695216
    ]
}