{
    "time_duration": 1982.7852169999999,
    "total_photons": 17,
    "q1q3_com_distance": 201.83052521608315,
    "moments_of_inertia": [
        46629.04469890316,
        246531.83383903466,
        211978.48496794442
    ]
}