{
    "time_duration": 2799.019592,
    "total_photons": 14,
    "q1q3_com_distance": 485.2990811667069,
    "moments_of_inertia": [
        68240.4670638995,
        872732.759421454,
        930343.9656003605
    ]
}