{
    "time_duration": 2360.059204,
    "total_photons": 22,
    "q1q3_com_distance": 380.1266665899378,
    "moments_of_inertia": [
        65246.84312091966,
        865703.5789914138,
        863618.4120785753
    ]
}