{
    "time_duration": 4803.081870999999,
    "total_photons": 428,
    "q1q3_com_distance": 43.33801325257753,
    "moments_of_inertia": [
        702026.5102263992,
        789307.7540939606,
        1142790.581376837
    ]
}