{
    "time_duration": 2784.87262,
    "total_photons": 8,
    "q1q3_com_distance": 64.06400705544402,
    "moments_of_inertia": [
        6215.298986691952,
        69866.91322532433,
        73788.23816298369
    ]
}