{
    "time_duration": 1399.141235,
    "total_photons": 4,
    "q1q3_com_distance": 450.1895473020225,
    "moments_of_inertia": [
        24872.199363941734,
        164528.243479165,
        139743.81085689308
    ]
}