{
    "time_duration": 3461.325775,
    "total_photons": 30,
    "q1q3_com_distance": 337.5195535562532,
    "moments_of_inertia": [
        58395.652334933984,
        782476.946386435,
        770817.2213719647
    ]
}