{
    "time_duration": 3659.536545,
    "total_photons": 92,
    "q1q3_com_distance": 109.73470795539878,
    "moments_of_inertia": [
        395993.7585856507,
        1002400.54863875,
        912810.756934294
    ]
}