{
    "time_duration": 4262.214111,
    "total_photons": 24,
    "q1q3_com_distance": 398.99752732107675,
    "moments_of_inertia": [
        110189.95930222003,
        979888.6210243206,
        935235.3820984575
    ]
}