{
    "time_duration": 2049.3270869999997,
    "total_photons": 16,
    "q1q3_com_distance": 233.36600847702744,
    "moments_of_inertia": [
        26505.82889555907,
        351624.77557007276,
        343243.0968593684
    ]
}