{
    "time_duration": 3794.7939460000002,
    "total_photons": 24,
    "q1q3_com_distance": 730.0999951547733,
    "moments_of_inertia": [
        72973.76396979438,
        2417211.115665406,
        2478473.9020814663
    ]
}