{
    "time_duration": 1697.6342160000002,
    "total_photons": 5,
    "q1q3_com_distance": 466.40070379449475,
    "moments_of_inertia": [
        11075.208133157896,
        241466.74578859282,
        237168.76407824957
    ]
}