{
    "time_duration": 4375.8079099999995,
    "total_photons": 23,
    "q1q3_com_distance": 63.083923841357866,
    "moments_of_inertia": [
        21799.67976849241,
        272876.95360177016,
        288844.91944712884
    ]
}