{
    "time_duration": 2842.5653380000003,
    "total_photons": 6,
    "q1q3_com_distance": 455.82654365449156,
    "moments_of_inertia": [
        13448.745067239157,
        268728.4674632508,
        280719.7600028437
    ]
}