{
    "time_duration": 568.3811039999999,
    "total_photons": 5,
    "q1q3_com_distance": 76.46714588632167,
    "moments_of_inertia": [
        12221.80963855009,
        25877.988803875483,
        36388.69051757447
    ]
}