{
    "time_duration": 1780.215423,
    "total_photons": 25,
    "q1q3_com_distance": 24.293199117366406,
    "moments_of_inertia": [
        55659.605135999984,
        22983.422837350503,
        32676.182298649506
    ]
}