{
    "time_duration": 1129.973755,
    "total_photons": 5,
    "q1q3_com_distance": 67.34908666789767,
    "moments_of_inertia": [
        1258.8250995097387,
        15019.010719999995,
        13760.185620490256
    ]
}