{
    "time_duration": 333.3050539999999,
    "total_photons": 6,
    "q1q3_com_distance": 8.509999999999991,
    "moments_of_inertia": [
        965.6013333333312,
        965.6013333333312,
        0.0
    ]
}