{
    "time_duration": 1368.41452,
    "total_photons": 29,
    "q1q3_com_distance": 75.25537327987713,
    "moments_of_inertia": [
        43627.3972126695,
        109623.97036834415,
        81963.0771776072
    ]
}