{
    "time_duration": 2761.554596,
    "total_photons": 1104,
    "q1q3_com_distance": 10.715694111509162,
    "moments_of_inertia": [
        83550.64637522749,
        1281587.1507460747,
        1251845.4494384795
    ]
}