{
    "time_duration": 2266.9782720000003,
    "total_photons": 7,
    "q1q3_com_distance": 168.9092687658081,
    "moments_of_inertia": [
        37850.330071624536,
        74717.3272876306,
        98376.8464121734
    ]
}