{
    "time_duration": 537.503784,
    "total_photons": 4,
    "q1q3_com_distance": 223.37326361944017,
    "moments_of_inertia": [
        15141.114370650594,
        35893.432929349336,
        51034.547299999904
    ]
}