{
    "time_duration": 1280.692657,
    "total_photons": 7,
    "q1q3_com_distance": 123.69528588430526,
    "moments_of_inertia": [
        20768.49108625947,
        54929.09685497043,
        63517.69680162719
    ]
}