{
    "time_duration": 3231.6547849999997,
    "total_photons": 69,
    "q1q3_com_distance": 197.6985875785792,
    "moments_of_inertia": [
        192827.4237954641,
        1002015.8005491968,
        1038310.3763799781
    ]
}