{
    "time_duration": 3421.259766,
    "total_photons": 7,
    "q1q3_com_distance": 170.1781838985244,
    "moments_of_inertia": [
        17354.700163174137,
        66974.29616446605,
        81976.10441521682
    ]
}