{
    "time_duration": 2392.5678860000003,
    "total_photons": 6,
    "q1q3_com_distance": 124.73096137286844,
    "moments_of_inertia": [
        73122.8273798534,
        43537.36612226026,
        33795.76413121967
    ]
}