{
    "time_duration": 1545.114349,
    "total_photons": 10,
    "q1q3_com_distance": 44.936996017881654,
    "moments_of_inertia": [
        2298.64849779842,
        17756.59869000002,
        15457.95019220159
    ]
}