{
    "time_duration": 1426.7739260000003,
    "total_photons": 4,
    "q1q3_com_distance": 313.0489921721518,
    "moments_of_inertia": [
        2386.78404873806,
        69943.4757772729,
        67556.69287398897
    ]
}