{
    "time_duration": 1254.108734,
    "total_photons": 23,
    "q1q3_com_distance": 32.6822135198271,
    "moments_of_inertia": [
        12064.20150016708,
        21409.149656354683,
        33473.35115652177
    ]
}