{
    "time_duration": 3239.4951170000004,
    "total_photons": 17,
    "q1q3_com_distance": 569.6736557573996,
    "moments_of_inertia": [
        70322.82868341496,
        1062438.979741057,
        1085875.9490108218
    ]
}