{
    "time_duration": 4156.980713,
    "total_photons": 68,
    "q1q3_com_distance": 70.80716187165193,
    "moments_of_inertia": [
        389153.61215342174,
        934987.9087290309,
        978495.7907704891
    ]
}