{
    "time_duration": 4174.048172,
    "total_photons": 105,
    "q1q3_com_distance": 169.37796001700994,
    "moments_of_inertia": [
        227637.7530656592,
        1115046.2514625657,
        1072447.9433460613
    ]
}