{
    "time_duration": 4524.513573,
    "total_photons": 35,
    "q1q3_com_distance": 423.4600949817767,
    "moments_of_inertia": [
        107941.79892180255,
        1220894.370743333,
        1247082.4551348642
    ]
}