{
    "time_duration": 555.822205,
    "total_photons": 8,
    "q1q3_com_distance": 80.20865617251033,
    "moments_of_inertia": [
        13242.874230824156,
        58940.573818232224,
        55232.12002594366
    ]
}