{
    "time_duration": 4724.679932,
    "total_photons": 640,
    "q1q3_com_distance": 130.32960588597885,
    "moments_of_inertia": [
        3819168.301451152,
        9524263.020919757,
        9782185.329525625
    ]
}