{
    "time_duration": 2868.0575479999998,
    "total_photons": 18,
    "q1q3_com_distance": 80.6297698372012,
    "moments_of_inertia": [
        58380.91187941515,
        99624.11995911929,
        87191.28125035447
    ]
}