{
    "time_duration": 1858.1035310000002,
    "total_photons": 100,
    "q1q3_com_distance": 56.59392086929476,
    "moments_of_inertia": [
        190373.1584369429,
        311786.2051664576,
        373771.5128885994
    ]
}