{
    "time_duration": 1863.076043,
    "total_photons": 67,
    "q1q3_com_distance": 123.08979564124509,
    "moments_of_inertia": [
        25871.675216637203,
        771192.9819010069,
        763122.1461420576
    ]
}