{
    "time_duration": 1032.3383789999998,
    "total_photons": 17,
    "q1q3_com_distance": 140.7780514284808,
    "moments_of_inertia": [
        23461.16373888121,
        222947.95308287826,
        236162.7684017697
    ]
}