{
    "time_duration": 997.1552120000001,
    "total_photons": 10,
    "q1q3_com_distance": 28.366666666666333,
    "moments_of_inertia": [
        19954.046930249864,
        34388.09835975014,
        54342.14529000005
    ]
}