{
    "time_duration": 3319.600418,
    "total_photons": 45,
    "q1q3_com_distance": 65.69124189260181,
    "moments_of_inertia": [
        295206.2173642331,
        544306.7590027669,
        395500.1196329995
    ]
}