{
    "time_duration": 275.06426999999996,
    "total_photons": 4,
    "q1q3_com_distance": 34.039999999999964,
    "moments_of_inertia": [
        1448.4019999999969,
        1448.4019999999969,
        0.0
    ]
}