{
    "time_duration": 693.98938,
    "total_photons": 6,
    "q1q3_com_distance": 72.95137730022648,
    "moments_of_inertia": [
        2809.7389357491847,
        11917.985380718323,
        14727.72388353248
    ]
}