{
    "time_duration": 3936.793854,
    "total_photons": 101,
    "q1q3_com_distance": 84.14773337592541,
    "moments_of_inertia": [
        665131.25452204,
        830093.2146686768,
        935655.4567934405
    ]
}