{
    "time_duration": 1403.6452100000001,
    "total_photons": 19,
    "q1q3_com_distance": 40.163864754278954,
    "moments_of_inertia": [
        1573.0330405563436,
        30306.81764210527,
        28733.78460154893
    ]
}