{
    "time_duration": 1137.7827149999998,
    "total_photons": 9,
    "q1q3_com_distance": 111.18700814643564,
    "moments_of_inertia": [
        25490.68862682477,
        56813.65139450475,
        63119.43166755936
    ]
}