{
    "time_duration": 2056.868622,
    "total_photons": 22,
    "q1q3_com_distance": 76.90152066477971,
    "moments_of_inertia": [
        251868.71093619254,
        151205.43165594462,
        185201.30545331712
    ]
}