{
    "time_duration": 1898.9287109999996,
    "total_photons": 14,
    "q1q3_com_distance": 115.97567323042355,
    "moments_of_inertia": [
        57222.55578308186,
        111512.80811250354,
        141254.50531870013
    ]
}