{
    "time_duration": 101.14172299999996,
    "total_photons": 5,
    "q1q3_com_distance": 269.2302068862259,
    "moments_of_inertia": [
        57987.923440000006,
        -7.275957614183426e-12,
        57987.923440000006
    ]
}