{
    "time_duration": 4775.072266,
    "total_photons": 174,
    "q1q3_com_distance": 166.84259932039424,
    "moments_of_inertia": [
        867103.2421555836,
        5607014.754679657,
        5391354.057065914
    ]
}