{
    "time_duration": 2964.1392060000003,
    "total_photons": 9,
    "q1q3_com_distance": 144.9967250588019,
    "moments_of_inertia": [
        24024.20381071716,
        53177.48645838039,
        71532.22204201359
    ]
}