{
    "time_duration": 2912.025299,
    "total_photons": 22,
    "q1q3_com_distance": 195.06406768033898,
    "moments_of_inertia": [
        84671.84203222074,
        290068.68571773655,
        338882.29374095233
    ]
}