{
    "time_duration": 1719.1765440000001,
    "total_photons": 9,
    "q1q3_com_distance": 309.4781149415542,
    "moments_of_inertia": [
        19029.123682353587,
        142138.9699039588,
        156689.28721368758
    ]
}