{
    "time_duration": 1384.1333009999998,
    "total_photons": 4,
    "q1q3_com_distance": 122.22425495784375,
    "moments_of_inertia": [
        1512.308064737268,
        13817.071875000001,
        12304.763810262726
    ]
}