{
    "time_duration": 1031.4008789999998,
    "total_photons": 13,
    "q1q3_com_distance": 166.4409038017198,
    "moments_of_inertia": [
        15704.884203420748,
        180268.30731493668,
        171176.3157739505
    ]
}