{
    "time_duration": 652.3110350000002,
    "total_photons": 8,
    "q1q3_com_distance": 25.529999999999973,
    "moments_of_inertia": [
        1122.5115499999977,
        1122.5115499999977,
        0.0
    ]
}