{
    "time_duration": 3396.7115479999998,
    "total_photons": 125,
    "q1q3_com_distance": 89.9726675810297,
    "moments_of_inertia": [
        704827.422024598,
        474151.3951324321,
        490942.06404616963
    ]
}