{
    "time_duration": 966.1910089999999,
    "total_photons": 11,
    "q1q3_com_distance": 84.05262214166129,
    "moments_of_inertia": [
        17787.41537081929,
        61621.89536243056,
        70536.79763038657
    ]
}