{
    "time_duration": 999.590576,
    "total_photons": 24,
    "q1q3_com_distance": 41.92024736197164,
    "moments_of_inertia": [
        149822.7201704228,
        98715.91906433755,
        85100.23259023942
    ]
}