{
    "time_duration": 975.3502500000001,
    "total_photons": 23,
    "q1q3_com_distance": 96.35074917543021,
    "moments_of_inertia": [
        75372.76249628483,
        162586.4051617277,
        206883.19945503105
    ]
}