{
    "time_duration": 2489.404221,
    "total_photons": 14,
    "q1q3_com_distance": 415.6292801358561,
    "moments_of_inertia": [
        37692.87243290752,
        401754.2216076616,
        426588.59791657375
    ]
}