{
    "time_duration": 2734.777954,
    "total_photons": 22,
    "q1q3_com_distance": 66.86928052385332,
    "moments_of_inertia": [
        132461.8947066701,
        70842.33635858676,
        85319.87243474333
    ]
}