{
    "time_duration": 2819.961426,
    "total_photons": 9,
    "q1q3_com_distance": 310.0964757315236,
    "moments_of_inertia": [
        35805.892805165815,
        219318.9471413907,
        206814.8881423325
    ]
}