{
    "time_duration": 3676.8786619999996,
    "total_photons": 14,
    "q1q3_com_distance": 399.04462136144633,
    "moments_of_inertia": [
        29785.265987176565,
        802688.8924405512,
        784340.3802294156
    ]
}