{
    "time_duration": 2688.9663090000004,
    "total_photons": 12,
    "q1q3_com_distance": 481.287594618159,
    "moments_of_inertia": [
        41218.25651464856,
        620747.8624885188,
        630240.7134468326
    ]
}