{
    "time_duration": 1990.5532230000003,
    "total_photons": 4,
    "q1q3_com_distance": 252.3822378853155,
    "moments_of_inertia": [
        2311.4481747367317,
        48911.44926450343,
        46600.068910759815
    ]
}