{
    "time_duration": 2765.14624,
    "total_photons": 13,
    "q1q3_com_distance": 330.56033553418405,
    "moments_of_inertia": [
        82159.94734710094,
        533228.2141829454,
        502226.70428533875
    ]
}