{
    "time_duration": 3866.8012689999996,
    "total_photons": 20,
    "q1q3_com_distance": 567.9871675839163,
    "moments_of_inertia": [
        82346.22805141704,
        1778489.2697973768,
        1800699.6827812067
    ]
}