{
    "time_duration": 1648.507294,
    "total_photons": 8,
    "q1q3_com_distance": 128.96079123128862,
    "moments_of_inertia": [
        20524.676789698282,
        36091.786002567664,
        38069.98425773414
    ]
}