{
    "time_duration": 5086.084564,
    "total_photons": 121,
    "q1q3_com_distance": 495.84370122524786,
    "moments_of_inertia": [
        718257.9247247353,
        6519964.656825952,
        6573574.61048898
    ]
}