{
    "time_duration": 3974.967956,
    "total_photons": 190,
    "q1q3_com_distance": 117.44202019012076,
    "moments_of_inertia": [
        675341.0975832059,
        3988399.743921773,
        4126867.733364493
    ]
}