{
    "time_duration": 611.731628,
    "total_photons": 6,
    "q1q3_com_distance": 8.509999999999764,
    "moments_of_inertia": [
        26460.653733333347,
        26460.653733333347,
        0.0
    ]
}