{
    "time_duration": 811.8648680000001,
    "total_photons": 7,
    "q1q3_com_distance": 80.14772704200674,
    "moments_of_inertia": [
        90005.49139874877,
        55661.73253534853,
        50364.4567516169
    ]
}