{
    "time_duration": 4272.492127,
    "total_photons": 77,
    "q1q3_com_distance": 89.52350649525309,
    "moments_of_inertia": [
        580767.0137908923,
        692043.0107547643,
        1055011.2302335636
    ]
}