{
    "time_duration": 2395.7537840000005,
    "total_photons": 60,
    "q1q3_com_distance": 88.24542949448795,
    "moments_of_inertia": [
        168382.137187066,
        244155.76056863804,
        224923.00894429543
    ]
}