{
    "time_duration": 1524.31369,
    "total_photons": 9,
    "q1q3_com_distance": 17.02000000000021,
    "moments_of_inertia": [
        16801.463200000013,
        -1.5907928245750605e-55,
        16801.463200000013
    ]
}