{
    "time_duration": 262.09814499999993,
    "total_photons": 4,
    "q1q3_com_distance": 159.6074117953174,
    "moments_of_inertia": [
        4191.388415429588,
        15105.314234570425,
        19296.702650000007
    ]
}