{
    "time_duration": 1891.902161,
    "total_photons": 24,
    "q1q3_com_distance": 72.61405272244339,
    "moments_of_inertia": [
        74905.14401381568,
        211427.9918910467,
        188711.36234513766
    ]
}