{
    "time_duration": 1618.9817039999998,
    "total_photons": 9,
    "q1q3_com_distance": 295.8898447620893,
    "moments_of_inertia": [
        16889.780833922705,
        230789.8500874498,
        247231.09307862734
    ]
}