{
    "time_duration": 4173.6817630000005,
    "total_photons": 18,
    "q1q3_com_distance": 235.9375351655602,
    "moments_of_inertia": [
        18611.14839278243,
        358748.8588436582,
        340144.6154524482
    ]
}