{
    "time_duration": 1636.20427,
    "total_photons": 30,
    "q1q3_com_distance": 27.609786393369692,
    "moments_of_inertia": [
        61229.67530144495,
        44858.52197050709,
        29123.424428047805
    ]
}