{
    "time_duration": 4177.523277,
    "total_photons": 66,
    "q1q3_com_distance": 155.86217506031687,
    "moments_of_inertia": [
        38438.691543677356,
        1323847.587076609,
        1330955.1779797126
    ]
}