{
    "time_duration": 203.038391,
    "total_photons": 5,
    "q1q3_com_distance": 8.50500000000011,
    "moments_of_inertia": [
        4635.56727999999,
        4635.56727999999,
        0.0
    ]
}