{
    "time_duration": 1430.412445,
    "total_photons": 50,
    "q1q3_com_distance": 101.54628128688539,
    "moments_of_inertia": [
        72491.7857644927,
        532372.7142418752,
        482304.85437763156
    ]
}