{
    "time_duration": 5731.634033,
    "total_photons": 34,
    "q1q3_com_distance": 258.1906930550498,
    "moments_of_inertia": [
        362826.19936551293,
        1525711.6905233478,
        1769459.1288934927
    ]
}