{
    "time_duration": 1895.3784180000002,
    "total_photons": 6,
    "q1q3_com_distance": 299.97150985551946,
    "moments_of_inertia": [
        692.6977628280001,
        172400.16785906837,
        171707.64637810332
    ]
}