{
    "time_duration": 2304.260162,
    "total_photons": 28,
    "q1q3_com_distance": 352.2969173893532,
    "moments_of_inertia": [
        111201.43923083507,
        1514589.7420622413,
        1575217.8526140654
    ]
}