{
    "time_duration": 1878.7204590000001,
    "total_photons": 4,
    "q1q3_com_distance": 142.64836557072775,
    "moments_of_inertia": [
        399.60557318389147,
        15441.172376816083,
        15840.777949999985
    ]
}