{
    "time_duration": 1181.69001,
    "total_photons": 68,
    "q1q3_com_distance": 24.12389825011722,
    "moments_of_inertia": [
        44311.97455735309,
        29657.430216889778,
        14654.544340463312
    ]
}