{
    "time_duration": 1803.990112,
    "total_photons": 14,
    "q1q3_com_distance": 123.48341422029105,
    "moments_of_inertia": [
        208594.0907700484,
        162016.35705635333,
        107157.55667359848
    ]
}