{
    "time_duration": 4189.179688,
    "total_photons": 63,
    "q1q3_com_distance": 147.44794184092575,
    "moments_of_inertia": [
        164355.5206586531,
        677706.6614078144,
        709831.0078700414
    ]
}