{
    "time_duration": 2362.791969,
    "total_photons": 123,
    "q1q3_com_distance": 73.01270885766827,
    "moments_of_inertia": [
        500576.01149093383,
        1016977.8316541022,
        1047274.1614500852
    ]
}