{
    "time_duration": 2319.606629,
    "total_photons": 5,
    "q1q3_com_distance": 165.2603398429279,
    "moments_of_inertia": [
        12809.883152839204,
        44831.188089055955,
        38507.94747810492
    ]
}