{
    "time_duration": 3173.172149,
    "total_photons": 54,
    "q1q3_com_distance": 248.97719699086613,
    "moments_of_inertia": [
        238704.09709543502,
        1564738.607527219,
        1639772.427425495
    ]
}