{
    "time_duration": 632.586365,
    "total_photons": 10,
    "q1q3_com_distance": 53.79483463431549,
    "moments_of_inertia": [
        5403.520747216957,
        16833.53362278303,
        22237.05436999998
    ]
}