{
    "time_duration": 1550.153534,
    "total_photons": 11,
    "q1q3_com_distance": 58.07191595101908,
    "moments_of_inertia": [
        49640.58006263667,
        88398.14854907725,
        71331.41542464968
    ]
}