{
    "time_duration": 1604.571861,
    "total_photons": 72,
    "q1q3_com_distance": 65.07716094646288,
    "moments_of_inertia": [
        90215.89177051792,
        220088.69830257146,
        171221.23750191054
    ]
}