{
    "time_duration": 1225.2826850000001,
    "total_photons": 5,
    "q1q3_com_distance": 61.540696697388825,
    "moments_of_inertia": [
        15666.845629521347,
        50012.33862581576,
        43525.081904662824
    ]
}