{
    "time_duration": 2278.974609,
    "total_photons": 23,
    "q1q3_com_distance": 250.93723101825896,
    "moments_of_inertia": [
        63994.3695551299,
        760703.4022626019,
        724807.9803561813
    ]
}