{
    "time_duration": 2589.5534509999998,
    "total_photons": 79,
    "q1q3_com_distance": 22.559754398042507,
    "moments_of_inertia": [
        117016.51043767447,
        91399.37991914323,
        44974.46550647309
    ]
}