{
    "time_duration": 1896.1555170000001,
    "total_photons": 6,
    "q1q3_com_distance": 167.44760046056203,
    "moments_of_inertia": [
        13100.522402160488,
        36288.26807011268,
        45879.02659439351
    ]
}