{
    "time_duration": 3449.7385249999998,
    "total_photons": 15,
    "q1q3_com_distance": 495.2531284479685,
    "moments_of_inertia": [
        110166.26891600585,
        1132120.4373996877,
        1161141.8806976404
    ]
}