{
    "time_duration": 3262.9051520000003,
    "total_photons": 23,
    "q1q3_com_distance": 125.67514770232006,
    "moments_of_inertia": [
        215925.04897815437,
        455961.22428374586,
        305154.6951728824
    ]
}