{
    "time_duration": 3127.261566,
    "total_photons": 41,
    "q1q3_com_distance": 56.471533550867726,
    "moments_of_inertia": [
        325914.5140963322,
        389443.1121167497,
        455847.92809911317
    ]
}