{
    "time_duration": 2351.255829,
    "total_photons": 24,
    "q1q3_com_distance": 444.7970057165905,
    "moments_of_inertia": [
        96876.40042475238,
        1142227.1526709974,
        1172242.9824875835
    ]
}