{
    "time_duration": 3825.160431,
    "total_photons": 36,
    "q1q3_com_distance": 204.43338762975526,
    "moments_of_inertia": [
        259074.93543116446,
        994683.1471599354,
        1182330.547942234
    ]
}