{
    "time_duration": 3911.5065310000005,
    "total_photons": 25,
    "q1q3_com_distance": 394.296924787144,
    "moments_of_inertia": [
        50372.21256297454,
        898292.2476364471,
        932316.8830805793
    ]
}