{
    "time_duration": 2496.910035,
    "total_photons": 20,
    "q1q3_com_distance": 347.5146789072369,
    "moments_of_inertia": [
        40292.24871841853,
        637487.1499840417,
        649580.6178875397
    ]
}