{
    "time_duration": 2940.625122,
    "total_photons": 11,
    "q1q3_com_distance": 304.99196983964464,
    "moments_of_inertia": [
        53875.21092984342,
        417477.7039562643,
        426755.2123138919
    ]
}