{
    "time_duration": 2352.653931,
    "total_photons": 23,
    "q1q3_com_distance": 463.8941901716381,
    "moments_of_inertia": [
        206637.8070626154,
        1741163.8343491873,
        1842435.1351273283
    ]
}