{
    "time_duration": 1801.1769100000001,
    "total_photons": 76,
    "q1q3_com_distance": 99.96591127289592,
    "moments_of_inertia": [
        841127.2434544319,
        903637.0540905441,
        262633.7572839709
    ]
}