{
    "time_duration": 2126.601136,
    "total_photons": 12,
    "q1q3_com_distance": 508.75651146256155,
    "moments_of_inertia": [
        9210.796869125217,
        897531.3374622456,
        889274.8555852964
    ]
}