{
    "time_duration": 1452.903686,
    "total_photons": 8,
    "q1q3_com_distance": 350.46038995156067,
    "moments_of_inertia": [
        16683.75239276263,
        342004.6190989939,
        336062.4104082437
    ]
}