{
    "time_duration": 4264.8476869999995,
    "total_photons": 39,
    "q1q3_com_distance": 839.1502892414445,
    "moments_of_inertia": [
        217370.99536550976,
        6643180.391368943,
        6735481.650527084
    ]
}