{
    "time_duration": 4128.049926000001,
    "total_photons": 11,
    "q1q3_com_distance": 98.8318422034789,
    "moments_of_inertia": [
        188.47125678567681,
        61778.82809090901,
        61590.356834123384
    ]
}