{
    "time_duration": 2009.8941349999998,
    "total_photons": 29,
    "q1q3_com_distance": 504.06699981872447,
    "moments_of_inertia": [
        9323.706966503989,
        1741453.3358940831,
        1732131.219760103
    ]
}