{
    "time_duration": 849.0114750000002,
    "total_photons": 5,
    "q1q3_com_distance": 261.082209275163,
    "moments_of_inertia": [
        1114.9092558202246,
        65676.35340000002,
        64561.4441441798
    ]
}