{
    "time_duration": 2422.9067379999997,
    "total_photons": 7,
    "q1q3_com_distance": 326.4529016948694,
    "moments_of_inertia": [
        26297.041049845313,
        139082.31519506438,
        157013.81238366177
    ]
}