{
    "time_duration": 1058.935974,
    "total_photons": 5,
    "q1q3_com_distance": 147.47449135358963,
    "moments_of_inertia": [
        9827.711199340993,
        37765.63014280598,
        47241.646897853076
    ]
}