{
    "time_duration": 3327.6076970000004,
    "total_photons": 18,
    "q1q3_com_distance": 60.240574333251566,
    "moments_of_inertia": [
        366354.9369845202,
        238092.12920113935,
        187568.97989211837
    ]
}