{
    "time_duration": 1588.087646,
    "total_photons": 20,
    "q1q3_com_distance": 68.96680676963375,
    "moments_of_inertia": [
        115531.52087157068,
        161051.4082410674,
        215744.13539736212
    ]
}