{
    "time_duration": 4164.427978000001,
    "total_photons": 32,
    "q1q3_com_distance": 341.2152820640695,
    "moments_of_inertia": [
        88119.8129556512,
        1158754.0263758174,
        1130275.844087282
    ]
}