{
    "time_duration": 3489.5043330000003,
    "total_photons": 17,
    "q1q3_com_distance": 307.57645621292284,
    "moments_of_inertia": [
        57643.33286038216,
        849649.042872316,
        872699.5665496549
    ]
}