{
    "time_duration": 2593.441101,
    "total_photons": 55,
    "q1q3_com_distance": 52.59045968129425,
    "moments_of_inertia": [
        580621.7015304419,
        907747.7950930564,
        813320.4857546833
    ]
}