{
    "time_duration": 184.39276099999995,
    "total_photons": 7,
    "q1q3_com_distance": 0.004999999999881766,
    "moments_of_inertia": [
        11258.097971428544,
        -5.2164886431997126e-58,
        11258.097971428544
    ]
}