{
    "time_duration": 1212.5632469999998,
    "total_photons": 18,
    "q1q3_com_distance": 32.18245298295352,
    "moments_of_inertia": [
        6010.207598896755,
        25631.260233333327,
        19621.05263443656
    ]
}