{
    "time_duration": 1961.665298,
    "total_photons": 45,
    "q1q3_com_distance": 92.08847657454349,
    "moments_of_inertia": [
        140756.18412220688,
        222003.66124390118,
        269836.9425716701
    ]
}