{
    "time_duration": 1657.7832039999998,
    "total_photons": 10,
    "q1q3_com_distance": 314.7223280749063,
    "moments_of_inertia": [
        33819.24711431097,
        311901.69128233247,
        323279.76302335656
    ]
}