{
    "time_duration": 3682.204956,
    "total_photons": 136,
    "q1q3_com_distance": 70.51964966414928,
    "moments_of_inertia": [
        868423.2160528676,
        1036370.9337544743,
        1384895.7888132478
    ]
}