{
    "time_duration": 2096.2828600000003,
    "total_photons": 86,
    "q1q3_com_distance": 19.37587473898462,
    "moments_of_inertia": [
        53805.955816279056,
        40821.07760678531,
        12984.878209493785
    ]
}