{
    "time_duration": 1169.17749,
    "total_photons": 12,
    "q1q3_com_distance": 231.28303098632713,
    "moments_of_inertia": [
        3159.9663170808635,
        229416.2810452486,
        226876.0312043371
    ]
}