{
    "time_duration": 2561.5921630000003,
    "total_photons": 25,
    "q1q3_com_distance": 509.251181622488,
    "moments_of_inertia": [
        30973.064154710155,
        1244355.6063488685,
        1262174.9662644214
    ]
}