{
    "time_duration": 258.0112309999995,
    "total_photons": 4,
    "q1q3_com_distance": 34.039999999999964,
    "moments_of_inertia": [
        1158.7215999999976,
        1158.7215999999976,
        0.0
    ]
}