{
    "time_duration": 744.020966,
    "total_photons": 11,
    "q1q3_com_distance": 28.366666666666788,
    "moments_of_inertia": [
        20574.84872319275,
        32509.23236135048,
        39422.630806366
    ]
}