{
    "time_duration": 1944.034179,
    "total_photons": 69,
    "q1q3_com_distance": 279.36459074229737,
    "moments_of_inertia": [
        365210.47580651985,
        2438615.4764901195,
        2522997.363627998
    ]
}