{
    "time_duration": 3347.663452,
    "total_photons": 152,
    "q1q3_com_distance": 191.39831962461056,
    "moments_of_inertia": [
        602778.740603664,
        4413081.26925642,
        4235101.751305702
    ]
}