{
    "time_duration": 550.3562929999999,
    "total_photons": 16,
    "q1q3_com_distance": 0.0025000000000545697,
    "moments_of_inertia": [
        6645.544193750007,
        6645.544193750007,
        0.0
    ]
}