{
    "time_duration": 2577.725158,
    "total_photons": 51,
    "q1q3_com_distance": 289.32393790417456,
    "moments_of_inertia": [
        164407.04846151313,
        1605228.6523878379,
        1576351.554013394
    ]
}