{
    "time_duration": 1569.525742,
    "total_photons": 113,
    "q1q3_com_distance": 33.624831381371706,
    "moments_of_inertia": [
        139407.9574104587,
        193230.53065754136,
        207697.93438155754
    ]
}