{
    "time_duration": 2257.9437869999997,
    "total_photons": 4,
    "q1q3_com_distance": 150.1685869281588,
    "moments_of_inertia": [
        6400.833108700237,
        39220.086696385275,
        32947.21954491448
    ]
}