{
    "time_duration": 4024.8039550000003,
    "total_photons": 77,
    "q1q3_com_distance": 58.39983197561237,
    "moments_of_inertia": [
        633029.2563789063,
        868976.8524601803,
        1230388.9491816927
    ]
}