{
    "time_duration": 2249.4875490000004,
    "total_photons": 14,
    "q1q3_com_distance": 370.572315521883,
    "moments_of_inertia": [
        7132.733038842562,
        540565.3289129081,
        544861.5346339638
    ]
}