{
    "time_duration": 689.897797,
    "total_photons": 10,
    "q1q3_com_distance": 111.00560556416356,
    "moments_of_inertia": [
        23140.10898225104,
        44152.625310827054,
        37421.329426921846
    ]
}