{
    "time_duration": 956.4345709999998,
    "total_photons": 10,
    "q1q3_com_distance": 60.83843996831108,
    "moments_of_inertia": [
        25321.534919999973,
        8917.20100874388,
        16404.333911256086
    ]
}