{
    "time_duration": 3362.087525,
    "total_photons": 251,
    "q1q3_com_distance": 365.1548563760607,
    "moments_of_inertia": [
        194062.1343206931,
        13800351.331871452,
        13733922.909167225
    ]
}