{
    "time_duration": 2976.332794,
    "total_photons": 28,
    "q1q3_com_distance": 534.0730472605821,
    "moments_of_inertia": [
        59833.96284224,
        1453695.6680074972,
        1435593.5603502612
    ]
}