{
    "time_duration": 438.17739800000004,
    "total_photons": 8,
    "q1q3_com_distance": 51.065000000000055,
    "moments_of_inertia": [
        35030.66956250006,
        21487.954845116008,
        13542.714717384051
    ]
}