{
    "time_duration": 1848.391571,
    "total_photons": 17,
    "q1q3_com_distance": 45.34896647113328,
    "moments_of_inertia": [
        22831.97537369378,
        42758.35455360127,
        53363.634166822514
    ]
}