{
    "time_duration": 3135.083496,
    "total_photons": 13,
    "q1q3_com_distance": 190.80979239444488,
    "moments_of_inertia": [
        168860.6370678501,
        607843.8335659691,
        716541.6215507968
    ]
}