{
    "time_duration": 539.6796869999998,
    "total_photons": 5,
    "q1q3_com_distance": 42.55500000000029,
    "moments_of_inertia": [
        7301.716280000022,
        7301.716280000022,
        0.0
    ]
}