{
    "time_duration": 4979.928512,
    "total_photons": 99,
    "q1q3_com_distance": 229.8998157629533,
    "moments_of_inertia": [
        260762.16213258123,
        1785488.188170544,
        1865061.0437696013
    ]
}