{
    "time_duration": 2733.2696,
    "total_photons": 83,
    "q1q3_com_distance": 100.78694571036273,
    "moments_of_inertia": [
        349850.29628275614,
        726000.1442039425,
        798094.3385398072
    ]
}