{
    "time_duration": 1908.1920019999998,
    "total_photons": 8,
    "q1q3_com_distance": 136.16499999999996,
    "moments_of_inertia": [
        63660.13933517224,
        58395.441558096034,
        20814.237656731788
    ]
}