{
    "time_duration": 2101.1787409999997,
    "total_photons": 111,
    "q1q3_com_distance": 43.85416076122558,
    "moments_of_inertia": [
        317697.9209127153,
        301785.4239556472,
        235655.2824541598
    ]
}