{
    "time_duration": 835.896027,
    "total_photons": 11,
    "q1q3_com_distance": 47.647687830109405,
    "moments_of_inertia": [
        7191.532276246835,
        49975.747236363655,
        42784.21496011681
    ]
}