{
    "time_duration": 890.9333500000002,
    "total_photons": 4,
    "q1q3_com_distance": 119.13999999999987,
    "moments_of_inertia": [
        1039.0935418918089,
        108123.18155810829,
        109162.27510000001
    ]
}