{
    "time_duration": 1502.793389,
    "total_photons": 294,
    "q1q3_com_distance": 26.225240008692,
    "moments_of_inertia": [
        151285.34126267105,
        107140.17404676313,
        62594.125705531544
    ]
}