{
    "time_duration": 1405.3391110000002,
    "total_photons": 6,
    "q1q3_com_distance": 78.91550608087105,
    "moments_of_inertia": [
        3454.646359960767,
        89492.71713333341,
        86038.07077337259
    ]
}