{
    "time_duration": 816.3383789999998,
    "total_photons": 7,
    "q1q3_com_distance": 125.35767228215434,
    "moments_of_inertia": [
        962.9199187774211,
        54790.71542857145,
        53827.795509794036
    ]
}