{
    "time_duration": 3633.59375,
    "total_photons": 15,
    "q1q3_com_distance": 308.35274554882756,
    "moments_of_inertia": [
        29935.702897417825,
        658989.5012106473,
        685052.534558602
    ]
}