{
    "time_duration": 1216.0328370000002,
    "total_photons": 4,
    "q1q3_com_distance": 0.0,
    "moments_of_inertia": [
        7821.370799999983,
        7821.370799999983,
        0.0
    ]
}