{
    "time_duration": 1887.5370489999998,
    "total_photons": 24,
    "q1q3_com_distance": 76.60284579135,
    "moments_of_inertia": [
        53923.29236905393,
        159433.57203683868,
        127633.89981910754
    ]
}