{
    "time_duration": 1198.4877319999998,
    "total_photons": 13,
    "q1q3_com_distance": 44.64669629746158,
    "moments_of_inertia": [
        11300.97711267187,
        62609.02369230766,
        51308.04657963585
    ]
}