{
    "time_duration": 5238.788452,
    "total_photons": 18,
    "q1q3_com_distance": 592.1377060110262,
    "moments_of_inertia": [
        303331.3996754057,
        1296135.7586247455,
        1134318.8051442932
    ]
}