{
    "time_duration": 1103.068421,
    "total_photons": 11,
    "q1q3_com_distance": 157.72291575911078,
    "moments_of_inertia": [
        45353.26739498327,
        180971.6649971914,
        201915.35266237074
    ]
}