{
    "time_duration": 2820.8291019999997,
    "total_photons": 15,
    "q1q3_com_distance": 366.2355040817315,
    "moments_of_inertia": [
        38062.45336692722,
        629854.4169680813,
        615662.8211849907
    ]
}