{
    "time_duration": 1023.524414,
    "total_photons": 4,
    "q1q3_com_distance": 51.059999999999945,
    "moments_of_inertia": [
        11007.855199999976,
        11007.855199999976,
        0.0
    ]
}