{
    "time_duration": 664.141784,
    "total_photons": 23,
    "q1q3_com_distance": 41.81171357008305,
    "moments_of_inertia": [
        48387.712660869554,
        19908.284613324155,
        28479.42804754542
    ]
}