{
    "time_duration": 2752.7827150000003,
    "total_photons": 8,
    "q1q3_com_distance": 226.46544554302318,
    "moments_of_inertia": [
        58492.42929509093,
        123105.13188361621,
        175138.2091962927
    ]
}