{
    "time_duration": 2836.1809080000003,
    "total_photons": 24,
    "q1q3_com_distance": 298.02784611229396,
    "moments_of_inertia": [
        165815.2058045651,
        535024.3958777728,
        499684.96513432835
    ]
}