{
    "time_duration": 3763.874237,
    "total_photons": 129,
    "q1q3_com_distance": 169.23530679524336,
    "moments_of_inertia": [
        873926.3713729577,
        2350004.766280166,
        2577376.9486476486
    ]
}