{
    "time_duration": 2875.3455810000005,
    "total_photons": 10,
    "q1q3_com_distance": 152.10724265026522,
    "moments_of_inertia": [
        63249.99759360879,
        177664.80752434168,
        197082.46562204906
    ]
}