{
    "time_duration": 840.101929,
    "total_photons": 13,
    "q1q3_com_distance": 141.3140184620368,
    "moments_of_inertia": [
        26010.172868705078,
        89963.08599728168,
        102132.8920570901
    ]
}