{
    "time_duration": 2038.492707,
    "total_photons": 19,
    "q1q3_com_distance": 153.99748316125164,
    "moments_of_inertia": [
        59514.685352383705,
        285979.04263187846,
        259056.30222626418
    ]
}