{
    "time_duration": 2725.442131,
    "total_photons": 14,
    "q1q3_com_distance": 365.48026189864163,
    "moments_of_inertia": [
        80893.45783782989,
        498018.72059008834,
        425741.9769720813
    ]
}