{
    "time_duration": 2351.206055,
    "total_photons": 141,
    "q1q3_com_distance": 291.21185150014975,
    "moments_of_inertia": [
        115242.78283288702,
        3301817.284511154,
        3346764.5968460334
    ]
}