{
    "time_duration": 930.629211,
    "total_photons": 15,
    "q1q3_com_distance": 87.76032190004778,
    "moments_of_inertia": [
        33918.69676652364,
        53801.992687914506,
        71419.29190556184
    ]
}