{
    "time_duration": 2791.578125,
    "total_photons": 8,
    "q1q3_com_distance": 275.212411420706,
    "moments_of_inertia": [
        29440.498242697344,
        156160.04938464862,
        176670.3670476541
    ]
}