{
    "time_duration": 3717.575879,
    "total_photons": 10728,
    "q1q3_com_distance": 11.868814504399062,
    "moments_of_inertia": [
        2133626.159086436,
        17106537.425794147,
        18137413.62533076
    ]
}