{
    "time_duration": 1809.2147209999998,
    "total_photons": 23,
    "q1q3_com_distance": 308.0451891678304,
    "moments_of_inertia": [
        61276.51140674844,
        490168.7301685905,
        513541.5629637916
    ]
}