{
    "time_duration": 303.31518600000004,
    "total_photons": 5,
    "q1q3_com_distance": 0.0,
    "moments_of_inertia": [
        926.977279999998,
        926.977279999998,
        0.0
    ]
}