{
    "time_duration": 1725.010773,
    "total_photons": 6,
    "q1q3_com_distance": 327.65574270108556,
    "moments_of_inertia": [
        4683.002881866327,
        154564.21742906584,
        155631.77512240113
    ]
}