{
    "time_duration": 4763.940918,
    "total_photons": 58,
    "q1q3_com_distance": 43.255720243428215,
    "moments_of_inertia": [
        626017.9125188736,
        508955.96634999674,
        431661.06649664714
    ]
}