{
    "time_duration": 1582.796433,
    "total_photons": 32,
    "q1q3_com_distance": 47.51299490007956,
    "moments_of_inertia": [
        28487.671411631425,
        54142.08159996813,
        75022.31955090049
    ]
}