{
    "time_duration": 2892.714477,
    "total_photons": 41,
    "q1q3_com_distance": 164.6781048073297,
    "moments_of_inertia": [
        75444.63185142435,
        619918.8317257852,
        589158.5639837664
    ]
}