{
    "time_duration": 739.0958560000001,
    "total_photons": 6,
    "q1q3_com_distance": 70.31627923176814,
    "moments_of_inertia": [
        13679.810302822974,
        59151.15504568142,
        52762.187584828935
    ]
}