{
    "time_duration": 1040.5834960000002,
    "total_photons": 6,
    "q1q3_com_distance": 64.00031718671399,
    "moments_of_inertia": [
        3000.9697768694277,
        22969.706066666655,
        19968.736289797234
    ]
}