{
    "time_duration": 533.8974,
    "total_photons": 8,
    "q1q3_com_distance": 63.02680322688121,
    "moments_of_inertia": [
        15820.34052118277,
        32475.441776697207,
        37137.56800211998
    ]
}