{
    "time_duration": 2959.456543,
    "total_photons": 13,
    "q1q3_com_distance": 644.9555940021935,
    "moments_of_inertia": [
        29165.425138372695,
        1058206.0920636686,
        1044282.6814441128
    ]
}