{
    "time_duration": 1078.8672029999998,
    "total_photons": 25,
    "q1q3_com_distance": 54.34745676845922,
    "moments_of_inertia": [
        110441.61562830035,
        82489.24508476042,
        95411.35067893926
    ]
}