{
    "time_duration": 2331.375519,
    "total_photons": 93,
    "q1q3_com_distance": 44.04367376389422,
    "moments_of_inertia": [
        659968.75257179,
        844759.13333975,
        966876.6975078151
    ]
}