{
    "time_duration": 961.4995120000003,
    "total_photons": 24,
    "q1q3_com_distance": 97.6090784712159,
    "moments_of_inertia": [
        57370.46691302706,
        101093.89381481975,
        105282.37717215318
    ]
}