{
    "time_duration": 999.6859440000001,
    "total_photons": 19,
    "q1q3_com_distance": 71.05879292529534,
    "moments_of_inertia": [
        29979.23967906824,
        72874.34714208412,
        89650.85185253201
    ]
}