{
    "time_duration": 994.6553039999999,
    "total_photons": 5,
    "q1q3_com_distance": 154.01935235547515,
    "moments_of_inertia": [
        230.32970453058806,
        27380.329935469414,
        27610.65964000002
    ]
}