{
    "time_duration": 2807.176178,
    "total_photons": 72,
    "q1q3_com_distance": 55.0063031236722,
    "moments_of_inertia": [
        477749.13859247416,
        855689.8091131261,
        944417.8818388451
    ]
}