{
    "time_duration": 1583.345032,
    "total_photons": 24,
    "q1q3_com_distance": 121.36066831510445,
    "moments_of_inertia": [
        89154.84248463543,
        169230.08913053328,
        241689.80633483108
    ]
}