{
    "time_duration": 3846.0600589999995,
    "total_photons": 11,
    "q1q3_com_distance": 507.3444660736487,
    "moments_of_inertia": [
        51215.29733940784,
        608537.4671084938,
        599501.7556611897
    ]
}