{
    "time_duration": 236.23779299999933,
    "total_photons": 11,
    "q1q3_com_distance": 0.00666666666643323,
    "moments_of_inertia": [
        11272.841290909106,
        11272.841290909106,
        0.0
    ]
}