{
    "time_duration": 2388.989029,
    "total_photons": 78,
    "q1q3_com_distance": 24.579946267231694,
    "moments_of_inertia": [
        244804.19800863066,
        135527.96053806372,
        149763.143663562
    ]
}