{
    "time_duration": 1444.9534910000002,
    "total_photons": 5,
    "q1q3_com_distance": 111.29727815629629,
    "moments_of_inertia": [
        10798.651709708458,
        19376.94422130724,
        28297.991348984262
    ]
}