{
    "time_duration": 534.695267,
    "total_photons": 9,
    "q1q3_com_distance": 5.670000000000073,
    "moments_of_inertia": [
        28392.423755555577,
        28392.423755555577,
        0.0
    ]
}