{
    "time_duration": 2097.812744,
    "total_photons": 9,
    "q1q3_com_distance": 493.9464863896359,
    "moments_of_inertia": [
        38098.59569621342,
        555671.8403087506,
        568406.3013283692
    ]
}