{
    "time_duration": 2229.141999,
    "total_photons": 15,
    "q1q3_com_distance": 244.79342885890551,
    "moments_of_inertia": [
        27033.315758436744,
        217322.84647865823,
        230801.6222162379
    ]
}