{
    "time_duration": 657.69751,
    "total_photons": 61,
    "q1q3_com_distance": 4.184083333333319,
    "moments_of_inertia": [
        26707.583108196755,
        26707.58310819676,
        -4.547473508864641e-13
    ]
}