{
    "time_duration": 837.197754,
    "total_photons": 5,
    "q1q3_com_distance": 245.35097085603715,
    "moments_of_inertia": [
        14495.375754193388,
        54368.69532176227,
        62432.01468404417
    ]
}