{
    "time_duration": 1066.5597989999999,
    "total_photons": 16,
    "q1q3_com_distance": 38.2974999999999,
    "moments_of_inertia": [
        9272.155900000032,
        9272.155900000032,
        0.0
    ]
}