{
    "time_duration": 2621.2983550000004,
    "total_photons": 97,
    "q1q3_com_distance": 67.38142975868396,
    "moments_of_inertia": [
        269595.03376678587,
        779105.3873628365,
        758778.2389775945
    ]
}