{
    "time_duration": 2427.878021,
    "total_photons": 44,
    "q1q3_com_distance": 60.8686077947906,
    "moments_of_inertia": [
        136874.1633466772,
        219815.15058967355,
        189301.90893637654
    ]
}