{
    "time_duration": 1214.3027339999999,
    "total_photons": 8,
    "q1q3_com_distance": 25.534999999999854,
    "moments_of_inertia": [
        3911.7917874999903,
        3911.7917874999903,
        0.0
    ]
}