{
    "time_duration": 1245.409057,
    "total_photons": 8,
    "q1q3_com_distance": 91.14398965373425,
    "moments_of_inertia": [
        2246.3976730058057,
        49104.50210199427,
        51350.89977500005
    ]
}