{
    "time_duration": 760.6945489999999,
    "total_photons": 10,
    "q1q3_com_distance": 42.87713726451419,
    "moments_of_inertia": [
        61415.09467734611,
        41298.70427415593,
        29453.30068849796
    ]
}