{
    "time_duration": 3728.3877939999998,
    "total_photons": 296,
    "q1q3_com_distance": 62.05549272054443,
    "moments_of_inertia": [
        358913.39634671574,
        2148212.6295071086,
        2045737.622540094
    ]
}