{
    "time_duration": 5751.582275,
    "total_photons": 21,
    "q1q3_com_distance": 691.0120059063935,
    "moments_of_inertia": [
        80523.84425781923,
        1793953.7061593381,
        1836602.9420780796
    ]
}