{
    "time_duration": 1907.4958800000002,
    "total_photons": 55,
    "q1q3_com_distance": 520.6130874585879,
    "moments_of_inertia": [
        77397.80703578005,
        3551563.6682715327,
        3520322.9799363296
    ]
}