{
    "time_duration": 675.503082,
    "total_photons": 5,
    "q1q3_com_distance": 109.4679600385428,
    "moments_of_inertia": [
        8834.172629701676,
        15944.933209206603,
        22078.642961091726
    ]
}