{
    "time_duration": 2249.739136,
    "total_photons": 12,
    "q1q3_com_distance": 456.7562429057028,
    "moments_of_inertia": [
        12509.77962537203,
        666610.0503687029,
        676621.3392559261
    ]
}