{
    "time_duration": 1008.649963,
    "total_photons": 31,
    "q1q3_com_distance": 16.57945311598059,
    "moments_of_inertia": [
        217956.45090677292,
        165720.10932637024,
        120920.68259266338
    ]
}