{
    "time_duration": 3405.8971100000003,
    "total_photons": 55,
    "q1q3_com_distance": 59.27314233741141,
    "moments_of_inertia": [
        328764.89745889115,
        256281.83133764565,
        239075.3825634642
    ]
}