{
    "time_duration": 3582.671142,
    "total_photons": 27,
    "q1q3_com_distance": 676.8494737640665,
    "moments_of_inertia": [
        74174.88827794325,
        2432699.797476213,
        2391190.5921421396
    ]
}