{
    "time_duration": 1405.1329339999998,
    "total_photons": 22,
    "q1q3_com_distance": 173.79541188324455,
    "moments_of_inertia": [
        9340.861324364902,
        194750.61796536125,
        204076.54091027373
    ]
}