{
    "time_duration": 1820.434037,
    "total_photons": 102,
    "q1q3_com_distance": 16.42011002294701,
    "moments_of_inertia": [
        110171.82697183389,
        78110.20447036921,
        60093.03471073805
    ]
}