{
    "time_duration": 2024.5194090000002,
    "total_photons": 13,
    "q1q3_com_distance": 126.52794591127994,
    "moments_of_inertia": [
        23674.249249193526,
        108368.86058281836,
        120801.58032183425
    ]
}