{
    "time_duration": 513.3940429999998,
    "total_photons": 8,
    "q1q3_com_distance": 75.74640271986513,
    "moments_of_inertia": [
        327.13868776775416,
        17640.302937499975,
        17313.16424973223
    ]
}