{
    "time_duration": 3422.291932,
    "total_photons": 11,
    "q1q3_com_distance": 117.69759385815836,
    "moments_of_inertia": [
        50566.00325185835,
        18336.39109034559,
        33931.284239614164
    ]
}