{
    "time_duration": 3486.280762,
    "total_photons": 12,
    "q1q3_com_distance": 748.2074451573502,
    "moments_of_inertia": [
        54096.40297890548,
        1278391.3844921247,
        1313247.7302956383
    ]
}