{
    "time_duration": 1512.6179200000001,
    "total_photons": 111,
    "q1q3_com_distance": 29.732828574246092,
    "moments_of_inertia": [
        381189.5443463797,
        454870.8007015636,
        630015.1107682734
    ]
}