{
    "time_duration": 181.30951,
    "total_photons": 6,
    "q1q3_com_distance": 0.0,
    "moments_of_inertia": [
        1979.4827333333292,
        1979.4827333333292,
        0.0
    ]
}