{
    "time_duration": 1496.467651,
    "total_photons": 44,
    "q1q3_com_distance": 51.01520405357711,
    "moments_of_inertia": [
        75926.28061227975,
        195883.2373741027,
        140719.50304543617
    ]
}