{
    "time_duration": 3818.234749,
    "total_photons": 115,
    "q1q3_com_distance": 55.469635019132255,
    "moments_of_inertia": [
        310095.51280998986,
        548268.5610417246,
        624241.2888508947
    ]
}