{
    "time_duration": 4057.409851,
    "total_photons": 14,
    "q1q3_com_distance": 499.63684892754856,
    "moments_of_inertia": [
        67894.97334088781,
        880874.4562188066,
        864761.8635974486
    ]
}