{
    "time_duration": 547.7592780000001,
    "total_photons": 16,
    "q1q3_com_distance": 74.19552656663329,
    "moments_of_inertia": [
        118346.63901572383,
        94443.29597806034,
        56279.14268121578
    ]
}