{
    "time_duration": 1746.010772,
    "total_photons": 15,
    "q1q3_com_distance": 25.5300000000002,
    "moments_of_inertia": [
        19528.58134361043,
        75962.64937333326,
        56434.06802972284
    ]
}