{
    "time_duration": 2966.227906,
    "total_photons": 91,
    "q1q3_com_distance": 56.03168977106725,
    "moments_of_inertia": [
        454958.02523863397,
        669386.4917413092,
        814991.7005585176
    ]
}