{
    "time_duration": 1541.048615,
    "total_photons": 35,
    "q1q3_com_distance": 28.38464436632015,
    "moments_of_inertia": [
        62906.89990167939,
        119115.43448735829,
        101164.49098239093
    ]
}