{
    "time_duration": 1037.033081,
    "total_photons": 35,
    "q1q3_com_distance": 33.008801276756536,
    "moments_of_inertia": [
        147922.1084989393,
        184308.81488456338,
        224771.4893364972
    ]
}