{
    "time_duration": 1003.1446679999999,
    "total_photons": 9,
    "q1q3_com_distance": 42.488400247074004,
    "moments_of_inertia": [
        2569.769058287593,
        16427.288222222218,
        13857.51916393462
    ]
}