{
    "time_duration": 809.0588380000004,
    "total_photons": 4,
    "q1q3_com_distance": 170.21070647876417,
    "moments_of_inertia": [
        6912.702773824887,
        31596.07320231833,
        24683.370723856828
    ]
}