{
    "time_duration": 3245.2764890000003,
    "total_photons": 46,
    "q1q3_com_distance": 358.97999477880245,
    "moments_of_inertia": [
        259740.9857227672,
        1743574.7480988475,
        1697033.0245740365
    ]
}