{
    "time_duration": 4520.234986,
    "total_photons": 74,
    "q1q3_com_distance": 100.50217667465475,
    "moments_of_inertia": [
        419676.0619978534,
        671784.9468117569,
        607641.0334876874
    ]
}