{
    "time_duration": 1533.49141,
    "total_photons": 36,
    "q1q3_com_distance": 56.71747863503849,
    "moments_of_inertia": [
        111848.12773218128,
        91423.1202570557,
        43325.677666318414
    ]
}