{
    "time_duration": 3468.671723,
    "total_photons": 45,
    "q1q3_com_distance": 335.7270304296501,
    "moments_of_inertia": [
        140526.17028873507,
        2250721.574816153,
        2283514.2715440006
    ]
}