{
    "time_duration": 2022.0174410000002,
    "total_photons": 13,
    "q1q3_com_distance": 32.138466286955634,
    "moments_of_inertia": [
        49799.2367537494,
        45217.7753274735,
        40712.57933416175
    ]
}