{
    "time_duration": 3053.437424,
    "total_photons": 63,
    "q1q3_com_distance": 89.64759141703145,
    "moments_of_inertia": [
        204109.25983395707,
        329866.3379998574,
        381436.4006106303
    ]
}