{
    "time_duration": 2007.0275880000002,
    "total_photons": 36,
    "q1q3_com_distance": 41.957345712750374,
    "moments_of_inertia": [
        140754.79023730702,
        274922.2562425437,
        283805.8435145938
    ]
}