{
    "time_duration": 287.24433899999997,
    "total_photons": 4,
    "q1q3_com_distance": 34.039999999999964,
    "moments_of_inertia": [
        2896.8039999999937,
        2896.8039999999937,
        0.0
    ]
}