{
    "time_duration": 2239.9770510000003,
    "total_photons": 25,
    "q1q3_com_distance": 164.59314925089868,
    "moments_of_inertia": [
        161589.04611619853,
        325332.9455105492,
        422504.76957325236
    ]
}