{
    "time_duration": 1838.281555,
    "total_photons": 64,
    "q1q3_com_distance": 35.970536195875006,
    "moments_of_inertia": [
        76712.60697227149,
        147312.90191407752,
        130227.84030740101
    ]
}