{
    "time_duration": 2309.605087,
    "total_photons": 72,
    "q1q3_com_distance": 299.00448142415604,
    "moments_of_inertia": [
        169740.04129200103,
        2393470.4615407796,
        2431758.4574033306
    ]
}