{
    "time_duration": 1332.7768099999998,
    "total_photons": 22,
    "q1q3_com_distance": 38.211476969913406,
    "moments_of_inertia": [
        15351.90642726286,
        55672.51165617263,
        54923.42222565553
    ]
}