{
    "time_duration": 1828.5744630000002,
    "total_photons": 8,
    "q1q3_com_distance": 143.1592803488477,
    "moments_of_inertia": [
        9436.788999816781,
        32992.44034527953,
        40493.97570490362
    ]
}