{
    "time_duration": 801.547119,
    "total_photons": 5,
    "q1q3_com_distance": 70.77164174300306,
    "moments_of_inertia": [
        2655.262190163452,
        21456.19947999999,
        18800.93728983654
    ]
}