{
    "time_duration": 1568.3081049999996,
    "total_photons": 5,
    "q1q3_com_distance": 137.75901377042453,
    "moments_of_inertia": [
        46387.66800000006,
        22477.31275476177,
        23910.35524523826
    ]
}