{
    "time_duration": 865.272553,
    "total_photons": 9,
    "q1q3_com_distance": 107.05635987127951,
    "moments_of_inertia": [
        9367.133614901017,
        58459.77970354801,
        52187.50383710651
    ]
}