{
    "time_duration": 3063.0424810000004,
    "total_photons": 20,
    "q1q3_com_distance": 301.2756429716813,
    "moments_of_inertia": [
        74143.30911543989,
        392266.12446347077,
        418374.3357710896
    ]
}