{
    "time_duration": 1330.678955,
    "total_photons": 25,
    "q1q3_com_distance": 193.7289353131094,
    "moments_of_inertia": [
        51285.591929000744,
        294393.74093783245,
        282901.7682531667
    ]
}