{
    "time_duration": 942.806824,
    "total_photons": 20,
    "q1q3_com_distance": 71.48838115386295,
    "moments_of_inertia": [
        15657.609799939273,
        53280.20847999992,
        37622.59868006065
    ]
}