{
    "time_duration": 1542.15683,
    "total_photons": 37,
    "q1q3_com_distance": 35.124643890290834,
    "moments_of_inertia": [
        56821.37918144511,
        61147.57647789379,
        42270.68705417426
    ]
}