{
    "time_duration": 2167.3125,
    "total_photons": 5,
    "q1q3_com_distance": 702.7399644249643,
    "moments_of_inertia": [
        417.0817456675082,
        594500.3709199994,
        594083.2891743324
    ]
}