{
    "time_duration": 2073.8328859999997,
    "total_photons": 16,
    "q1q3_com_distance": 32.30118322136204,
    "moments_of_inertia": [
        25113.77477525483,
        116334.82958027409,
        100476.553331971
    ]
}