{
    "time_duration": 3134.555297,
    "total_photons": 6,
    "q1q3_com_distance": 185.4763352155741,
    "moments_of_inertia": [
        70463.49612233922,
        146198.65606496585,
        203740.23531269503
    ]
}