{
    "time_duration": 2048.682373,
    "total_photons": 12,
    "q1q3_com_distance": 119.15273247204847,
    "moments_of_inertia": [
        17657.874011255662,
        67151.70410539395,
        75267.32611668373
    ]
}