{
    "time_duration": 3788.5161130000006,
    "total_photons": 33,
    "q1q3_com_distance": 371.9731867271126,
    "moments_of_inertia": [
        119122.85706476751,
        1090070.7875029938,
        1035424.5108504213
    ]
}