{
    "time_duration": 2960.565185,
    "total_photons": 8,
    "q1q3_com_distance": 155.3964190385353,
    "moments_of_inertia": [
        61009.674089458014,
        43874.11062834611,
        28351.871632196006
    ]
}