{
    "time_duration": 1090.701782,
    "total_photons": 17,
    "q1q3_com_distance": 45.696653074924065,
    "moments_of_inertia": [
        53314.800936640604,
        66186.24497647052,
        12871.444039829881
    ]
}