{
    "time_duration": 6296.139648,
    "total_photons": 17,
    "q1q3_com_distance": 694.9120619292415,
    "moments_of_inertia": [
        115910.17839694535,
        2173293.23064206,
        2106473.344631585
    ]
}