{
    "time_duration": 1913.795044,
    "total_photons": 30,
    "q1q3_com_distance": 96.37956329177103,
    "moments_of_inertia": [
        97261.41840036918,
        175896.24187556826,
        166009.97022406274
    ]
}