{
    "time_duration": 1675.7799680000003,
    "total_photons": 8,
    "q1q3_com_distance": 144.67999999999984,
    "moments_of_inertia": [
        157058.12340357597,
        108032.6435754913,
        49097.47087093298
    ]
}