{
    "time_duration": 1390.373611,
    "total_photons": 29,
    "q1q3_com_distance": 20.48168131485845,
    "moments_of_inertia": [
        65404.10856147851,
        192731.99172506653,
        169263.59967207556
    ]
}