{
    "time_duration": 2254.3569329999996,
    "total_photons": 19,
    "q1q3_com_distance": 404.1135019224179,
    "moments_of_inertia": [
        16310.32194705389,
        614043.0908141828,
        606309.0767756056
    ]
}