{
    "time_duration": 586.189178,
    "total_photons": 6,
    "q1q3_com_distance": 63.30144429631922,
    "moments_of_inertia": [
        1882.8028003936433,
        15457.80156666666,
        13574.998766273007
    ]
}