{
    "time_duration": 5470.830994,
    "total_photons": 50,
    "q1q3_com_distance": 249.37146413503714,
    "moments_of_inertia": [
        721947.9769587587,
        1796398.2733577508,
        1367632.1315154913
    ]
}