{
    "time_duration": 3205.250488,
    "total_photons": 11,
    "q1q3_com_distance": 574.0465624745862,
    "moments_of_inertia": [
        45452.78809133347,
        844871.207550487,
        829217.2654854525
    ]
}