{
    "time_duration": 507.40716499999996,
    "total_photons": 11,
    "q1q3_com_distance": 33.95178100384916,
    "moments_of_inertia": [
        2383.999027164391,
        44211.89712727274,
        41827.89810010835
    ]
}