{
    "time_duration": 2533.539734,
    "total_photons": 8,
    "q1q3_com_distance": 199.31257210723052,
    "moments_of_inertia": [
        58847.07799399321,
        95422.41782284154,
        132071.99623316512
    ]
}