{
    "time_duration": 4497.236755,
    "total_photons": 13,
    "q1q3_com_distance": 176.98772610064736,
    "moments_of_inertia": [
        69986.77878997802,
        196552.80657172922,
        231732.10439213915
    ]
}