{
    "time_duration": 1046.640091,
    "total_photons": 34,
    "q1q3_com_distance": 43.96062807772069,
    "moments_of_inertia": [
        7817.293287747976,
        69309.51785000003,
        61492.22456225199
    ]
}