{
    "time_duration": 2192.4209779999996,
    "total_photons": 9,
    "q1q3_com_distance": 306.09141198159904,
    "moments_of_inertia": [
        839.2115274338873,
        332597.00762812176,
        333436.2191555556
    ]
}