{
    "time_duration": 2032.8590689999999,
    "total_photons": 5,
    "q1q3_com_distance": 181.10706426034312,
    "moments_of_inertia": [
        88114.08675345982,
        60776.96581717456,
        28983.895669365607
    ]
}