{
    "time_duration": 1752.8034359999997,
    "total_photons": 24,
    "q1q3_com_distance": 83.5050655981752,
    "moments_of_inertia": [
        44414.24355790875,
        243124.24472500023,
        198710.00116709154
    ]
}