{
    "time_duration": 3606.851654,
    "total_photons": 11,
    "q1q3_com_distance": 267.7068921621388,
    "moments_of_inertia": [
        55313.92221112066,
        205442.24301812978,
        166991.18502529475
    ]
}