{
    "time_duration": 1660.0982060000001,
    "total_photons": 7,
    "q1q3_com_distance": 264.2573984773181,
    "moments_of_inertia": [
        184586.71226902484,
        149031.77592196473,
        43385.652837581685
    ]
}