{
    "time_duration": 672.166931,
    "total_photons": 7,
    "q1q3_com_distance": 85.10500000000002,
    "moments_of_inertia": [
        44185.03805714288,
        23802.443580905805,
        20382.59447623706
    ]
}