{
    "time_duration": 5146.132965,
    "total_photons": 59,
    "q1q3_com_distance": 182.54639537754036,
    "moments_of_inertia": [
        155213.44959890866,
        1690556.5615523688,
        1623214.5663538089
    ]
}