{
    "time_duration": 1639.5599359999999,
    "total_photons": 4,
    "q1q3_com_distance": 456.43232587098817,
    "moments_of_inertia": [
        4508.636604653642,
        128740.01417034632,
        133248.6507749999
    ]
}