{
    "time_duration": 2010.296967,
    "total_photons": 24,
    "q1q3_com_distance": 185.6602743438789,
    "moments_of_inertia": [
        434544.4159149647,
        398624.2216126867,
        78937.81110568141
    ]
}