{
    "time_duration": 678.80484,
    "total_photons": 16,
    "q1q3_com_distance": 78.58054104706841,
    "moments_of_inertia": [
        56320.990868749985,
        29150.85333389756,
        27170.137534852423
    ]
}