{
    "time_duration": 1688.9467780000004,
    "total_photons": 4,
    "q1q3_com_distance": 276.1144903839709,
    "moments_of_inertia": [
        71875.85083075568,
        47606.252384787935,
        31757.314034456365
    ]
}