{
    "time_duration": 3269.02829,
    "total_photons": 30,
    "q1q3_com_distance": 44.351898247143886,
    "moments_of_inertia": [
        48115.58960507889,
        94881.6175177368,
        123064.82131718438
    ]
}