{
    "time_duration": 3486.1993110000003,
    "total_photons": 36,
    "q1q3_com_distance": 426.22645546211965,
    "moments_of_inertia": [
        134622.97271055868,
        2376022.3860536795,
        2285353.481469097
    ]
}