{
    "time_duration": 531.269241,
    "total_photons": 21,
    "q1q3_com_distance": 2.836666666666588,
    "moments_of_inertia": [
        8276.58285714284,
        8276.58285714284,
        0.0
    ]
}