{
    "time_duration": 5168.657753,
    "total_photons": 46,
    "q1q3_com_distance": 217.37616371485825,
    "moments_of_inertia": [
        130287.47148863133,
        1263450.896559592,
        1299154.464708298
    ]
}