{
    "time_duration": 3060.476089,
    "total_photons": 29,
    "q1q3_com_distance": 98.69770930990698,
    "moments_of_inertia": [
        260885.92995691558,
        394217.39932993636,
        422952.260630389
    ]
}