{
    "time_duration": 2273.6135249999998,
    "total_photons": 13,
    "q1q3_com_distance": 123.40489448131486,
    "moments_of_inertia": [
        94203.2499174772,
        498530.3552408297,
        562589.9590263087
    ]
}