{
    "time_duration": 3450.524505,
    "total_photons": 18,
    "q1q3_com_distance": 332.4235871174004,
    "moments_of_inertia": [
        93901.38823860278,
        577810.9138377133,
        626280.6239903497
    ]
}