{
    "time_duration": 636.811432,
    "total_photons": 15,
    "q1q3_com_distance": 20.717249002944374,
    "moments_of_inertia": [
        39082.22931944351,
        79667.70540070643,
        88530.28381318339
    ]
}