{
    "time_duration": 1666.9253840000001,
    "total_photons": 43,
    "q1q3_com_distance": 15.045707688065523,
    "moments_of_inertia": [
        314868.70908899955,
        139672.44614860526,
        206722.8822972787
    ]
}