{
    "time_duration": 1426.756409,
    "total_photons": 9,
    "q1q3_com_distance": 90.42203772065454,
    "moments_of_inertia": [
        29890.753385913005,
        141986.25602939414,
        134169.57214024843
    ]
}