{
    "time_duration": 4376.731872,
    "total_photons": 68,
    "q1q3_com_distance": 522.5998031104423,
    "moments_of_inertia": [
        445456.1395221511,
        5152783.573654051,
        5030622.100073796
    ]
}