{
    "time_duration": 2293.445618,
    "total_photons": 11,
    "q1q3_com_distance": 216.9538877017163,
    "moments_of_inertia": [
        116736.14640759697,
        280968.1448438639,
        363995.253330357
    ]
}