{
    "time_duration": 2938.119385,
    "total_photons": 16,
    "q1q3_com_distance": 403.7333518316886,
    "moments_of_inertia": [
        103333.92103625846,
        557429.9636029184,
        547293.0538983226
    ]
}