{
    "time_duration": 1951.330078,
    "total_photons": 14,
    "q1q3_com_distance": 126.46119231803883,
    "moments_of_inertia": [
        15757.554062228883,
        156617.4858105049,
        141758.83312726626
    ]
}