{
    "time_duration": 1484.5491029999998,
    "total_photons": 24,
    "q1q3_com_distance": 35.79799459001386,
    "moments_of_inertia": [
        10181.408528651358,
        102043.62226249995,
        91862.2137338486
    ]
}