{
    "time_duration": 1509.185936,
    "total_photons": 25,
    "q1q3_com_distance": 44.280124964744914,
    "moments_of_inertia": [
        27097.8242965553,
        83135.39698166742,
        65368.106961777245
    ]
}