{
    "time_duration": 559.5417789999999,
    "total_photons": 17,
    "q1q3_com_distance": 56.69984245128023,
    "moments_of_inertia": [
        23383.678567497824,
        62042.90117915749,
        72967.18032393305
    ]
}