{
    "time_duration": 1195.03537,
    "total_photons": 9,
    "q1q3_com_distance": 127.994474533517,
    "moments_of_inertia": [
        21601.570270872486,
        80085.7142188949,
        89663.13293245484
    ]
}