{
    "time_duration": 4018.6625969999996,
    "total_photons": 44,
    "q1q3_com_distance": 477.2562224721955,
    "moments_of_inertia": [
        79438.30437835352,
        2565498.9775224566,
        2576113.84115828
    ]
}