{
    "time_duration": 784.329529,
    "total_photons": 7,
    "q1q3_com_distance": 64.86323920372774,
    "moments_of_inertia": [
        21679.556677809756,
        64971.33233538169,
        75319.60361538008
    ]
}