{
    "time_duration": 195.7397459999993,
    "total_photons": 12,
    "q1q3_com_distance": 47.36431497798029,
    "moments_of_inertia": [
        6257.937145848482,
        90229.47929999988,
        83971.54215415142
    ]
}