{
    "time_duration": 741.8213500000002,
    "total_photons": 8,
    "q1q3_com_distance": 109.81260503694466,
    "moments_of_inertia": [
        11539.331596830118,
        29534.759495021197,
        23897.412158148716
    ]
}