{
    "time_duration": 669.3337710000001,
    "total_photons": 20,
    "q1q3_com_distance": 56.96075659609876,
    "moments_of_inertia": [
        7621.6278922914935,
        39725.61494000003,
        32103.9870477085
    ]
}