{
    "time_duration": 4270.9678349999995,
    "total_photons": 66,
    "q1q3_com_distance": 594.8097605771576,
    "moments_of_inertia": [
        331431.308107635,
        5691666.108123053,
        5594094.097254158
    ]
}