{
    "time_duration": 2873.995972,
    "total_photons": 18,
    "q1q3_com_distance": 469.01120239499636,
    "moments_of_inertia": [
        80664.87477968854,
        937354.0698528028,
        973899.6693341751
    ]
}