{
    "time_duration": 1334.665435,
    "total_photons": 21,
    "q1q3_com_distance": 76.35074890777281,
    "moments_of_inertia": [
        58986.83941542439,
        97111.14352931903,
        111983.99014097103
    ]
}