{
    "time_duration": 2369.754181,
    "total_photons": 9,
    "q1q3_com_distance": 110.54738858164953,
    "moments_of_inertia": [
        39689.477436936155,
        62486.99292435593,
        90746.58932759675
    ]
}