{
    "time_duration": 2065.904235,
    "total_photons": 18,
    "q1q3_com_distance": 212.3760728801622,
    "moments_of_inertia": [
        50917.902013924904,
        306282.82972265495,
        324157.16237453086
    ]
}