{
    "time_duration": 1747.987153,
    "total_photons": 125,
    "q1q3_com_distance": 29.624906917377697,
    "moments_of_inertia": [
        273769.37271772476,
        227566.13635352204,
        155130.81315275322
    ]
}