{
    "time_duration": 3128.640442,
    "total_photons": 34,
    "q1q3_com_distance": 282.013860310814,
    "moments_of_inertia": [
        165171.74902326846,
        790487.1531772523,
        744868.4299347728
    ]
}