{
    "time_duration": 4242.597229,
    "total_photons": 50,
    "q1q3_com_distance": 58.79211677320841,
    "moments_of_inertia": [
        218281.146871918,
        116782.54490628913,
        142789.04988579245
    ]
}