{
    "time_duration": 2843.325073,
    "total_photons": 5,
    "q1q3_com_distance": 324.97890893102584,
    "moments_of_inertia": [
        8671.428874776524,
        253189.4542261723,
        247756.43633905082
    ]
}