{
    "time_duration": 2396.704346,
    "total_photons": 5,
    "q1q3_com_distance": 435.5323289378184,
    "moments_of_inertia": [
        9613.992235894519,
        222422.671332626,
        230050.8070714798
    ]
}