{
    "time_duration": 2115.840363,
    "total_photons": 31,
    "q1q3_com_distance": 70.1567407889294,
    "moments_of_inertia": [
        57846.10879429814,
        297867.55778751685,
        262077.94299237855
    ]
}