{
    "time_duration": 739.0786130000001,
    "total_photons": 4,
    "q1q3_com_distance": 217.1708735074757,
    "moments_of_inertia": [
        2428.44428866162,
        23698.889303243403,
        25903.589658094963
    ]
}