{
    "time_duration": 1355.2762450000002,
    "total_photons": 4,
    "q1q3_com_distance": 240.33356174284103,
    "moments_of_inertia": [
        2453.104462317853,
        60938.41867499999,
        58485.314212682126
    ]
}