{
    "time_duration": 3253.538407,
    "total_photons": 51,
    "q1q3_com_distance": 455.0729373811262,
    "moments_of_inertia": [
        187919.80478262156,
        3211712.467219612,
        3317835.073848747
    ]
}