{
    "time_duration": 2468.126343,
    "total_photons": 43,
    "q1q3_com_distance": 61.00038708046813,
    "moments_of_inertia": [
        54957.01542561196,
        152293.3829102307,
        126028.68949671552
    ]
}