{
    "time_duration": 4099.224663000001,
    "total_photons": 534,
    "q1q3_com_distance": 112.125158669054,
    "moments_of_inertia": [
        1630148.7162641417,
        6918713.028589764,
        6763241.60194198
    ]
}