{
    "time_duration": 1377.572021,
    "total_photons": 7,
    "q1q3_com_distance": 42.55000000000018,
    "moments_of_inertia": [
        0.0,
        177134.04559999984,
        177134.04559999984
    ]
}