{
    "time_duration": 4093.450347,
    "total_photons": 230,
    "q1q3_com_distance": 641.5117676231586,
    "moments_of_inertia": [
        634584.3272199664,
        23064433.287846424,
        23043577.00141626
    ]
}