{
    "time_duration": 2100.8600690000003,
    "total_photons": 105,
    "q1q3_com_distance": 64.06173540157303,
    "moments_of_inertia": [
        117592.53697312088,
        381192.7629598881,
        408574.472836514
    ]
}