{
    "time_duration": 4519.898681999999,
    "total_photons": 5,
    "q1q3_com_distance": 475.06297532537735,
    "moments_of_inertia": [
        55929.00003146776,
        258976.51510019696,
        249129.27894833512
    ]
}