{
    "time_duration": 956.479187,
    "total_photons": 6,
    "q1q3_com_distance": 166.65785587544323,
    "moments_of_inertia": [
        72462.55145736647,
        58882.7770197963,
        18452.686589503835
    ]
}