{
    "time_duration": 2376.697937,
    "total_photons": 19,
    "q1q3_com_distance": 100.0271140241484,
    "moments_of_inertia": [
        59924.96466964058,
        156730.47272072485,
        134528.59273595046
    ]
}