{
    "time_duration": 5169.442550000001,
    "total_photons": 20,
    "q1q3_com_distance": 121.603850087076,
    "moments_of_inertia": [
        76713.99503848245,
        236671.05685963234,
        265358.2360418844
    ]
}