{
    "time_duration": 740.106766,
    "total_photons": 9,
    "q1q3_com_distance": 53.246586327721936,
    "moments_of_inertia": [
        25466.294514038807,
        40257.755571110996,
        54454.34111485016
    ]
}