{
    "time_duration": 1647.700836,
    "total_photons": 7,
    "q1q3_com_distance": 199.2789502807561,
    "moments_of_inertia": [
        39135.6682660285,
        133525.15907329784,
        111178.13237495936
    ]
}