{
    "time_duration": 1488.839726,
    "total_photons": 28,
    "q1q3_com_distance": 171.54205606194418,
    "moments_of_inertia": [
        685.2319749828673,
        367023.2460678571,
        366338.0140928743
    ]
}