{
    "time_duration": 2171.900604,
    "total_photons": 69,
    "q1q3_com_distance": 158.87141492159517,
    "moments_of_inertia": [
        205733.61645383725,
        612944.9754975231,
        701439.6187037115
    ]
}