{
    "time_duration": 2045.796219,
    "total_photons": 20,
    "q1q3_com_distance": 67.42356421904735,
    "moments_of_inertia": [
        100573.50001258802,
        188032.995140766,
        158622.76955664565
    ]
}