{
    "time_duration": 3171.180988,
    "total_photons": 253,
    "q1q3_com_distance": 80.46643429139456,
    "moments_of_inertia": [
        602678.3867919713,
        1197540.50804401,
        1066379.6169774586
    ]
}