{
    "time_duration": 1801.122406,
    "total_photons": 16,
    "q1q3_com_distance": 402.54092746110933,
    "moments_of_inertia": [
        18056.101194383285,
        533610.08323548,
        525099.0104951367
    ]
}