{
    "time_duration": 2755.68222,
    "total_photons": 14,
    "q1q3_com_distance": 86.1093343880321,
    "moments_of_inertia": [
        33170.46681207039,
        127643.46892610859,
        104675.93603324957
    ]
}