{
    "time_duration": 1633.267807,
    "total_photons": 23,
    "q1q3_com_distance": 37.1599507758912,
    "moments_of_inertia": [
        24813.20065013632,
        97577.68621996664,
        73157.67627772302
    ]
}