{
    "time_duration": 2661.791886,
    "total_photons": 52,
    "q1q3_com_distance": 164.80198430650293,
    "moments_of_inertia": [
        63221.022731487756,
        678905.5773001765,
        700478.3957029509
    ]
}