{
    "time_duration": 3368.0048829999996,
    "total_photons": 15,
    "q1q3_com_distance": 481.38335125188956,
    "moments_of_inertia": [
        43109.22131818032,
        748725.5865110806,
        782930.6592374054
    ]
}