{
    "time_duration": 2527.861755,
    "total_photons": 15,
    "q1q3_com_distance": 60.13574384257677,
    "moments_of_inertia": [
        36154.32616814761,
        88322.01704906672,
        92536.12134278564
    ]
}