{
    "time_duration": 2997.898926,
    "total_photons": 243,
    "q1q3_com_distance": 44.394231586991275,
    "moments_of_inertia": [
        1193141.9145215554,
        1585946.542804424,
        1450404.9194707281
    ]
}