{
    "time_duration": 512.354141,
    "total_photons": 15,
    "q1q3_com_distance": 32.5341672323114,
    "moments_of_inertia": [
        5320.136330625624,
        20384.555359999995,
        15064.419029374369
    ]
}