{
    "time_duration": 2907.3134609999997,
    "total_photons": 45,
    "q1q3_com_distance": 55.73397865366157,
    "moments_of_inertia": [
        292878.9080295674,
        261465.25211316432,
        227091.03708393488
    ]
}