{
    "time_duration": 641.768371,
    "total_photons": 5,
    "q1q3_com_distance": 248.467549993958,
    "moments_of_inertia": [
        7425.367348719432,
        78021.42953264006,
        85146.91951864057
    ]
}