{
    "time_duration": 668.452683,
    "total_photons": 13,
    "q1q3_com_distance": 33.41456513549814,
    "moments_of_inertia": [
        2198.4948041693933,
        34426.3348923077,
        32227.8400881383
    ]
}