{
    "time_duration": 2575.3618779999997,
    "total_photons": 48,
    "q1q3_com_distance": 265.76228145682916,
    "moments_of_inertia": [
        94754.91466532735,
        1337207.7790382104,
        1339472.968546465
    ]
}