{
    "time_duration": 2152.6499029999995,
    "total_photons": 78,
    "q1q3_com_distance": 84.1747087936749,
    "moments_of_inertia": [
        232662.09885089064,
        634649.9237345647,
        730742.256517109
    ]
}