{
    "time_duration": 1214.2708739999998,
    "total_photons": 8,
    "q1q3_com_distance": 64.45505042275589,
    "moments_of_inertia": [
        29634.05355000437,
        24038.83186541102,
        18821.1185595846
    ]
}