{
    "time_duration": 2200.177185,
    "total_photons": 13,
    "q1q3_com_distance": 66.70400750600464,
    "moments_of_inertia": [
        100286.18215998315,
        183659.71356031892,
        155290.68874123643
    ]
}