{
    "time_duration": 648.621521,
    "total_photons": 4,
    "q1q3_com_distance": 34.039999999999964,
    "moments_of_inertia": [
        765.221456699217,
        11650.130249999993,
        10884.90879330078
    ]
}