{
    "time_duration": 855.8595270000001,
    "total_photons": 7,
    "q1q3_com_distance": 81.50165182375142,
    "moments_of_inertia": [
        14267.720475112003,
        28386.189448237183,
        34750.10716236502
    ]
}