{
    "time_duration": 3389.5905760000005,
    "total_photons": 8,
    "q1q3_com_distance": 338.2312509585713,
    "moments_of_inertia": [
        57638.54963911133,
        285037.75794932345,
        338324.3851365651
    ]
}