{
    "time_duration": 1636.4411010000001,
    "total_photons": 56,
    "q1q3_com_distance": 123.36826593081194,
    "moments_of_inertia": [
        101840.88819994713,
        377331.53135381226,
        355227.9894176701
    ]
}