{
    "time_duration": 2942.9283450000003,
    "total_photons": 13,
    "q1q3_com_distance": 83.78688514867156,
    "moments_of_inertia": [
        162072.35120207525,
        96194.71822704446,
        66007.43752472644
    ]
}