{
    "time_duration": 2666.9038089999995,
    "total_photons": 15,
    "q1q3_com_distance": 422.48525380331324,
    "moments_of_inertia": [
        21800.259586849133,
        581412.0029921402,
        585635.1591010111
    ]
}