{
    "time_duration": 1421.0141599999997,
    "total_photons": 6,
    "q1q3_com_distance": 177.8285871984592,
    "moments_of_inertia": [
        2549.196137057719,
        51575.27359627564,
        54124.46973333335
    ]
}