{
    "time_duration": 1117.8724370000002,
    "total_photons": 9,
    "q1q3_com_distance": 141.18134032355562,
    "moments_of_inertia": [
        43719.524433897655,
        109614.7919555219,
        78851.0904550248
    ]
}