{
    "time_duration": 3509.964821,
    "total_photons": 162,
    "q1q3_com_distance": 128.68401672507616,
    "moments_of_inertia": [
        434202.488194603,
        1377233.4930121824,
        1310898.873936423
    ]
}