{
    "time_duration": 2166.536293,
    "total_photons": 113,
    "q1q3_com_distance": 66.20387937197326,
    "moments_of_inertia": [
        44246.24430579587,
        780136.454951475,
        742095.1058294546
    ]
}