{
    "time_duration": 871.371124,
    "total_photons": 6,
    "q1q3_com_distance": 36.835894518797964,
    "moments_of_inertia": [
        8704.622107667681,
        11585.460004661774,
        18261.51728767057
    ]
}