{
    "time_duration": 1352.516358,
    "total_photons": 6,
    "q1q3_com_distance": 206.62115513664133,
    "moments_of_inertia": [
        10223.554045444485,
        102903.46705495774,
        92687.63799959751
    ]
}