{
    "time_duration": 443.56518600000027,
    "total_photons": 5,
    "q1q3_com_distance": 17.019999999999982,
    "moments_of_inertia": [
        347.6164799999992,
        -7.508624985787256e-55,
        347.6164799999992
    ]
}