{
    "time_duration": 1715.9655149999999,
    "total_photons": 17,
    "q1q3_com_distance": 221.2979389171983,
    "moments_of_inertia": [
        48981.93962719245,
        359739.3597733406,
        314082.8824112318
    ]
}