{
    "time_duration": 2838.3968360000003,
    "total_photons": 18,
    "q1q3_com_distance": 114.12432613601739,
    "moments_of_inertia": [
        65087.886082608165,
        206816.09086850472,
        250862.49928222017
    ]
}