{
    "time_duration": 1616.645752,
    "total_photons": 5,
    "q1q3_com_distance": 49.931067483080945,
    "moments_of_inertia": [
        1872.958311509312,
        129199.18105947043,
        127326.24062902022
    ]
}