{
    "time_duration": 484.37872300000004,
    "total_photons": 5,
    "q1q3_com_distance": 86.50201861806462,
    "moments_of_inertia": [
        2520.3223264829503,
        31021.11507351706,
        33541.437399999966
    ]
}