{
    "time_duration": 3187.6120610000003,
    "total_photons": 44,
    "q1q3_com_distance": 203.70408548628006,
    "moments_of_inertia": [
        107961.08903279202,
        1774738.9085770068,
        1747490.1239129289
    ]
}