{
    "time_duration": 2933.423584,
    "total_photons": 12,
    "q1q3_com_distance": 183.84925781737599,
    "moments_of_inertia": [
        46135.734048838494,
        350392.4522653966,
        318832.8876857646
    ]
}