{
    "time_duration": 2972.895203,
    "total_photons": 59,
    "q1q3_com_distance": 84.35102522725433,
    "moments_of_inertia": [
        616230.3320313422,
        507783.37309050566,
        363709.5617188301
    ]
}