{
    "time_duration": 1317.805054,
    "total_photons": 8,
    "q1q3_com_distance": 85.13120594118236,
    "moments_of_inertia": [
        902.1398146846077,
        26201.570372815415,
        27103.710187500004
    ]
}