{
    "time_duration": 1335.3149409999999,
    "total_photons": 28,
    "q1q3_com_distance": 366.5726747724056,
    "moments_of_inertia": [
        80201.90971170715,
        954124.8882974528,
        983154.2716408403
    ]
}