{
    "time_duration": 5165.961364,
    "total_photons": 267,
    "q1q3_com_distance": 224.18791621139218,
    "moments_of_inertia": [
        569689.0811290555,
        4857338.491482714,
        4732651.666573254
    ]
}