{
    "time_duration": 2096.251495,
    "total_photons": 76,
    "q1q3_com_distance": 76.03284936674066,
    "moments_of_inertia": [
        388894.7784821042,
        227126.26192854994,
        257311.5344393454
    ]
}