{
    "time_duration": 3669.938477,
    "total_photons": 8,
    "q1q3_com_distance": 281.47045177957847,
    "moments_of_inertia": [
        53999.98732392432,
        267969.7084420233,
        244013.85340905222
    ]
}