{
    "time_duration": 4118.667846,
    "total_photons": 135,
    "q1q3_com_distance": 172.78208869920377,
    "moments_of_inertia": [
        345496.92111573275,
        2841699.217742362,
        2779197.240617459
    ]
}