{
    "time_duration": 3121.731217,
    "total_photons": 108,
    "q1q3_com_distance": 509.0327143283776,
    "moments_of_inertia": [
        531492.1682472015,
        7642535.517412145,
        7525365.667175841
    ]
}