{
    "time_duration": 2249.997406,
    "total_photons": 10,
    "q1q3_com_distance": 310.10588075329656,
    "moments_of_inertia": [
        15301.532977935509,
        170268.52902015526,
        180768.6132219094
    ]
}