{
    "time_duration": 1676.606567,
    "total_photons": 6,
    "q1q3_com_distance": 109.67483496682362,
    "moments_of_inertia": [
        231.3193265185837,
        41292.33381666665,
        41061.01449014807
    ]
}