{
    "time_duration": 2000.170532,
    "total_photons": 49,
    "q1q3_com_distance": 61.54404255187952,
    "moments_of_inertia": [
        225578.37571184873,
        449142.6514752522,
        402599.4290659603
    ]
}