{
    "time_duration": 1256.340424,
    "total_photons": 50,
    "q1q3_com_distance": 67.338335811204,
    "moments_of_inertia": [
        141592.61208882704,
        314103.27273489395,
        399487.7785562788
    ]
}