{
    "time_duration": 1216.556472,
    "total_photons": 6,
    "q1q3_com_distance": 169.8531386963455,
    "moments_of_inertia": [
        811.3850814731923,
        45806.24328333332,
        44994.858201860145
    ]
}