{
    "time_duration": 2483.110657,
    "total_photons": 15,
    "q1q3_com_distance": 166.51816605103488,
    "moments_of_inertia": [
        45117.09134782266,
        164157.29348563807,
        165758.7303932061
    ]
}