{
    "time_duration": 3741.196594,
    "total_photons": 34,
    "q1q3_com_distance": 323.12657423261965,
    "moments_of_inertia": [
        248686.75593138416,
        1840812.6624701405,
        1818426.9314631822
    ]
}