{
    "time_duration": 2905.5531309999997,
    "total_photons": 43,
    "q1q3_com_distance": 174.39536252506244,
    "moments_of_inertia": [
        323683.9309051215,
        713948.3510775422,
        862831.5237661743
    ]
}