{
    "time_duration": 1856.37439,
    "total_photons": 23,
    "q1q3_com_distance": 83.84565616854172,
    "moments_of_inertia": [
        75791.77895337032,
        137930.29140999328,
        123002.80579315808
    ]
}