{
    "time_duration": 707.3388980000001,
    "total_photons": 5,
    "q1q3_com_distance": 59.65669639696787,
    "moments_of_inertia": [
        15283.660605960406,
        40508.71148599377,
        55790.88750804582
    ]
}