{
    "time_duration": 3798.098084,
    "total_photons": 51,
    "q1q3_com_distance": 415.6575365133601,
    "moments_of_inertia": [
        166499.88045800175,
        1788670.1288671794,
        1848840.3062669737
    ]
}