{
    "time_duration": 929.6887509999999,
    "total_photons": 29,
    "q1q3_com_distance": 15.845358403647834,
    "moments_of_inertia": [
        12537.443252044308,
        41917.36225140398,
        54454.8055034483
    ]
}