{
    "time_duration": 1264.0397950000001,
    "total_photons": 13,
    "q1q3_com_distance": 44.41080021452481,
    "moments_of_inertia": [
        91443.30805038832,
        48217.84399490945,
        66220.78740085612
    ]
}