{
    "time_duration": 532.915009,
    "total_photons": 4,
    "q1q3_com_distance": 134.4413548726731,
    "moments_of_inertia": [
        156.22970871128746,
        14680.71022500001,
        14524.48051628872
    ]
}