{
    "time_duration": 3551.4125970000005,
    "total_photons": 78,
    "q1q3_com_distance": 342.5266091127082,
    "moments_of_inertia": [
        379874.54693081835,
        3038169.0584788434,
        3061996.2011903366
    ]
}