{
    "time_duration": 3193.764679,
    "total_photons": 42,
    "q1q3_com_distance": 168.2736123079715,
    "moments_of_inertia": [
        237740.531990866,
        627778.9085860543,
        744079.4510278426
    ]
}