{
    "time_duration": 2038.8330379999998,
    "total_photons": 31,
    "q1q3_com_distance": 47.69359543285133,
    "moments_of_inertia": [
        133541.40941502157,
        251289.74085992458,
        223592.87913150564
    ]
}