{
    "time_duration": 812.5350960000001,
    "total_photons": 8,
    "q1q3_com_distance": 133.4054718705346,
    "moments_of_inertia": [
        4343.570044337532,
        40052.2609875,
        35708.69094316245
    ]
}