{
    "time_duration": 2894.820801,
    "total_photons": 4,
    "q1q3_com_distance": 216.56446430566578,
    "moments_of_inertia": [
        11586.544009253383,
        50335.66161363686,
        57712.98037710972
    ]
}