{
    "time_duration": 4551.267884,
    "total_photons": 142,
    "q1q3_com_distance": 533.7614167563509,
    "moments_of_inertia": [
        914333.2498603854,
        10715703.698127573,
        10390442.376478232
    ]
}