{
    "time_duration": 2363.529786,
    "total_photons": 25,
    "q1q3_com_distance": 231.7849260125515,
    "moments_of_inertia": [
        108612.98227927217,
        526649.6655639338,
        506679.8191647946
    ]
}