{
    "time_duration": 3130.730713,
    "total_photons": 114,
    "q1q3_com_distance": 402.9687283766135,
    "moments_of_inertia": [
        174770.53271626076,
        3544475.514001796,
        3600586.0617450993
    ]
}