{
    "time_duration": 531.142578,
    "total_photons": 10,
    "q1q3_com_distance": 34.04000000000019,
    "moments_of_inertia": [
        0.0,
        9385.644960000021,
        9385.644960000021
    ]
}