{
    "time_duration": 1575.081817,
    "total_photons": 62,
    "q1q3_com_distance": 35.88627584663265,
    "moments_of_inertia": [
        96149.09569128443,
        54603.550589160484,
        68623.84362923242
    ]
}