{
    "time_duration": 3263.093262,
    "total_photons": 18,
    "q1q3_com_distance": 187.0109704268705,
    "moments_of_inertia": [
        145946.73106165463,
        283292.3022410931,
        271534.49404169654
    ]
}