{
    "time_duration": 1494.046325,
    "total_photons": 20,
    "q1q3_com_distance": 40.09594797482648,
    "moments_of_inertia": [
        24406.11902229693,
        82078.86042580381,
        75129.85822189915
    ]
}