{
    "time_duration": 4132.563721,
    "total_photons": 94,
    "q1q3_com_distance": 704.3050390765186,
    "moments_of_inertia": [
        400371.84172492474,
        10645056.511726592,
        10699835.771967638
    ]
}