{
    "time_duration": 1581.2309569999998,
    "total_photons": 8,
    "q1q3_com_distance": 123.6358376442689,
    "moments_of_inertia": [
        16224.079495939994,
        42897.11682131755,
        38492.1311577425
    ]
}