{
    "time_duration": 1630.887847,
    "total_photons": 8,
    "q1q3_com_distance": 204.59606124019137,
    "moments_of_inertia": [
        21615.077083512704,
        72200.73660762815,
        80150.82578385924
    ]
}