{
    "time_duration": 858.3543090000001,
    "total_photons": 6,
    "q1q3_com_distance": 51.065000000000055,
    "moments_of_inertia": [
        3837.2896050486124,
        28677.178311618074,
        32514.46791666668
    ]
}