{
    "time_duration": 2412.3345640000002,
    "total_photons": 99,
    "q1q3_com_distance": 67.38853943038079,
    "moments_of_inertia": [
        712468.4683891252,
        484571.35354280676,
        550918.5174175638
    ]
}