{
    "time_duration": 2936.779297,
    "total_photons": 11,
    "q1q3_com_distance": 110.43219754924537,
    "moments_of_inertia": [
        88461.88437186199,
        65287.33266437521,
        39261.528309217305
    ]
}