{
    "time_duration": 5203.028229,
    "total_photons": 178,
    "q1q3_com_distance": 437.0489058211974,
    "moments_of_inertia": [
        854145.4534825254,
        9786446.043459063,
        9488975.776703345
    ]
}