{
    "time_duration": 4459.942024,
    "total_photons": 162,
    "q1q3_com_distance": 111.42209890898009,
    "moments_of_inertia": [
        122434.5372343224,
        734430.5898407003,
        765721.5348583121
    ]
}