{
    "time_duration": 4760.089905000001,
    "total_photons": 75,
    "q1q3_com_distance": 512.3086542293989,
    "moments_of_inertia": [
        328972.4210580699,
        3748595.184006485,
        3787743.2543007815
    ]
}