{
    "time_duration": 1484.590637,
    "total_photons": 25,
    "q1q3_com_distance": 55.1850637907537,
    "moments_of_inertia": [
        31249.110160373748,
        111398.09088693671,
        100022.42831268955
    ]
}