{
    "time_duration": 1870.426742,
    "total_photons": 60,
    "q1q3_com_distance": 62.79853942392118,
    "moments_of_inertia": [
        251610.21361467452,
        210549.23275047544,
        119565.04209818311
    ]
}