{
    "time_duration": 1420.688965,
    "total_photons": 5,
    "q1q3_com_distance": 584.5235867567706,
    "moments_of_inertia": [
        16026.80943347502,
        507123.8409053334,
        523150.6491811907
    ]
}