{
    "time_duration": 1480.8129879999997,
    "total_photons": 19,
    "q1q3_com_distance": 48.94328758880018,
    "moments_of_inertia": [
        68375.40311962708,
        119700.52272222748,
        136218.4485370928
    ]
}