{
    "time_duration": 1356.6936030000002,
    "total_photons": 13,
    "q1q3_com_distance": 121.10851262630361,
    "moments_of_inertia": [
        36786.771004007736,
        83921.25838559665,
        69906.75245654954
    ]
}