{
    "time_duration": 471.7402339999999,
    "total_photons": 4,
    "q1q3_com_distance": 130.49742411250884,
    "moments_of_inertia": [
        192.94861943621436,
        12991.487100000002,
        12798.538480563784
    ]
}