{
    "time_duration": 930.583404,
    "total_photons": 50,
    "q1q3_com_distance": 37.8456927582917,
    "moments_of_inertia": [
        64141.05578685753,
        146958.2961358035,
        127563.16035733919
    ]
}