{
    "time_duration": 5044.935425,
    "total_photons": 153,
    "q1q3_com_distance": 445.91220057808755,
    "moments_of_inertia": [
        629363.006071657,
        8438339.695741557,
        8367963.672657364
    ]
}