{
    "time_duration": 2387.24289,
    "total_photons": 53,
    "q1q3_com_distance": 315.3140410825578,
    "moments_of_inertia": [
        143950.84044536785,
        1721067.0060644194,
        1745675.3253619103
    ]
}