{
    "time_duration": 1613.3703610000002,
    "total_photons": 4,
    "q1q3_com_distance": 150.60859238436564,
    "moments_of_inertia": [
        14891.831445701922,
        63258.89144768656,
        76583.85190661157
    ]
}