{
    "time_duration": 1873.3630369999998,
    "total_photons": 28,
    "q1q3_com_distance": 18.16136002504172,
    "moments_of_inertia": [
        27327.118555522437,
        102497.80650729571,
        75170.76035861034
    ]
}