{
    "time_duration": 816.1284180000001,
    "total_photons": 10,
    "q1q3_com_distance": 11.346666666666806,
    "moments_of_inertia": [
        0.0,
        3505.13284000003,
        3505.13284000003
    ]
}