{
    "time_duration": 1135.0583499999998,
    "total_photons": 76,
    "q1q3_com_distance": 88.3414792979093,
    "moments_of_inertia": [
        45452.72077302419,
        332676.4347365015,
        340927.0383378426
    ]
}