{
    "time_duration": 2948.2534180000002,
    "total_photons": 86,
    "q1q3_com_distance": 32.245226048091986,
    "moments_of_inertia": [
        352814.6174721712,
        292600.83254433324,
        169039.73038814712
    ]
}