{
    "time_duration": 2851.185913,
    "total_photons": 15,
    "q1q3_com_distance": 226.6732084687119,
    "moments_of_inertia": [
        176473.0136599657,
        203439.7497599998,
        26966.736100034173
    ]
}