{
    "time_duration": 1537.747559,
    "total_photons": 4,
    "q1q3_com_distance": 198.59911706752357,
    "moments_of_inertia": [
        21154.569162452564,
        73704.26801336567,
        52549.70542418166
    ]
}