{
    "time_duration": 2536.1418460000004,
    "total_photons": 65,
    "q1q3_com_distance": 179.4527947236477,
    "moments_of_inertia": [
        209135.67454867845,
        946080.9744491599,
        895362.0926636996
    ]
}