{
    "time_duration": 3171.420654,
    "total_photons": 51,
    "q1q3_com_distance": 275.90649050960224,
    "moments_of_inertia": [
        435939.7211097169,
        1869948.7411539573,
        2064665.5078225979
    ]
}