{
    "time_duration": 5485.034668,
    "total_photons": 1412,
    "q1q3_com_distance": 295.86201658864763,
    "moments_of_inertia": [
        3637687.5183832496,
        28341690.97508052,
        28480391.141083844
    ]
}