{
    "time_duration": 3654.3358150000004,
    "total_photons": 20,
    "q1q3_com_distance": 75.18682475008505,
    "moments_of_inertia": [
        135828.20532267986,
        319860.6956424583,
        409364.87529486156
    ]
}