{
    "time_duration": 4130.150847999999,
    "total_photons": 92,
    "q1q3_com_distance": 640.1155049382744,
    "moments_of_inertia": [
        174084.98334843665,
        6274724.338950902,
        6331081.219559355
    ]
}