{
    "time_duration": 4516.0673830000005,
    "total_photons": 72,
    "q1q3_com_distance": 342.50427286016276,
    "moments_of_inertia": [
        433678.7837681486,
        2668325.569671916,
        2801708.7195543814
    ]
}