{
    "time_duration": 3481.883545,
    "total_photons": 42,
    "q1q3_com_distance": 305.22047217903,
    "moments_of_inertia": [
        202204.51458286424,
        1443944.1051597728,
        1517305.8153906958
    ]
}