{
    "time_duration": 1903.0854490000002,
    "total_photons": 24,
    "q1q3_com_distance": 309.4322223803171,
    "moments_of_inertia": [
        43864.30995741254,
        543922.8233807088,
        529749.2719618786
    ]
}