{
    "time_duration": 2876.544921999999,
    "total_photons": 18,
    "q1q3_com_distance": 160.0835045843262,
    "moments_of_inertia": [
        82999.2201881702,
        461877.68002264615,
        517906.4190669613
    ]
}