{
    "time_duration": 6189.788146999999,
    "total_photons": 52,
    "q1q3_com_distance": 884.9710059022121,
    "moments_of_inertia": [
        272870.56178475544,
        7753707.690534173,
        7680820.899457993
    ]
}