{
    "time_duration": 4730.720214999999,
    "total_photons": 162,
    "q1q3_com_distance": 368.55326076218785,
    "moments_of_inertia": [
        287859.8420324847,
        6096368.280080446,
        6020117.998164852
    ]
}