{
    "time_duration": 4503.231446,
    "total_photons": 97,
    "q1q3_com_distance": 303.66931830524004,
    "moments_of_inertia": [
        732032.2605735934,
        2857718.7820993657,
        2926791.061570339
    ]
}