{
    "time_duration": 4383.355667000001,
    "total_photons": 459,
    "q1q3_com_distance": 172.60803382742492,
    "moments_of_inertia": [
        722055.7034683395,
        11828140.792982822,
        11931109.384871712
    ]
}