{
    "time_duration": 1821.018555,
    "total_photons": 7,
    "q1q3_com_distance": 122.50190702597244,
    "moments_of_inertia": [
        22171.997962236506,
        78298.67245821391,
        90457.02329383547
    ]
}