{
    "time_duration": 4429.5723259999995,
    "total_photons": 115,
    "q1q3_com_distance": 127.06315866486658,
    "moments_of_inertia": [
        951797.5700325234,
        1088330.5238048607,
        815543.9879226163
    ]
}