{
    "time_duration": 2975.453369,
    "total_photons": 14,
    "q1q3_com_distance": 31.455964855651764,
    "moments_of_inertia": [
        202414.81369221234,
        117648.49152046461,
        101339.65007303761
    ]
}