{
    "time_duration": 6387.756836,
    "total_photons": 285,
    "q1q3_com_distance": 343.69912366057883,
    "moments_of_inertia": [
        1178566.844775172,
        9444208.224230343,
        9336791.610750278
    ]
}