{
    "time_duration": 2476.6489250000004,
    "total_photons": 14,
    "q1q3_com_distance": 159.61391120450625,
    "moments_of_inertia": [
        9214.064487024443,
        608828.5315734162,
        599676.5687395593
    ]
}