{
    "time_duration": 2600.3959959999997,
    "total_photons": 641,
    "q1q3_com_distance": 136.68963426306885,
    "moments_of_inertia": [
        2900448.7217563475,
        2978147.5227956357,
        151145.7678686162
    ]
}