{
    "time_duration": 2047.7832030000027,
    "total_photons": 4,
    "q1q3_com_distance": 429.96374928591365,
    "moments_of_inertia": [
        11323.848784217655,
        101172.38438406102,
        109882.89053172134
    ]
}