{
    "time_duration": 4477.02919,
    "total_photons": 427,
    "q1q3_com_distance": 114.8653128174273,
    "moments_of_inertia": [
        1310346.7839754932,
        5792288.18120569,
        5910139.386792587
    ]
}