{
    "time_duration": 2483.7724909999997,
    "total_photons": 258,
    "q1q3_com_distance": 234.4049705286151,
    "moments_of_inertia": [
        406400.8008253062,
        4737144.886126403,
        4804921.0362258125
    ]
}