{
    "time_duration": 1859.2631840000004,
    "total_photons": 6,
    "q1q3_com_distance": 251.87184797035178,
    "moments_of_inertia": [
        3786.212881337793,
        215839.0695333333,
        212052.85665199548
    ]
}