{
    "time_duration": 1482.536865,
    "total_photons": 15,
    "q1q3_com_distance": 235.44177186196163,
    "moments_of_inertia": [
        28215.229825091665,
        276753.76622758846,
        267483.5972273196
    ]
}