{
    "time_duration": 4691.401367,
    "total_photons": 125,
    "q1q3_com_distance": 869.2010788716577,
    "moments_of_inertia": [
        387615.93547843024,
        17373038.049781457,
        17478364.006724097
    ]
}