{
    "time_duration": 4498.107178,
    "total_photons": 44,
    "q1q3_com_distance": 748.9245407778668,
    "moments_of_inertia": [
        161375.0093976427,
        4705022.055709122,
        4621185.978306873
    ]
}