{
    "time_duration": 2464.914062,
    "total_photons": 8,
    "q1q3_com_distance": 123.79364139567103,
    "moments_of_inertia": [
        36687.48698700401,
        87360.94404105969,
        63453.89152193653
    ]
}