{
    "time_duration": 3971.9145500000004,
    "total_photons": 20,
    "q1q3_com_distance": 572.7148301414936,
    "moments_of_inertia": [
        114689.74129196559,
        1183263.3968490444,
        1272761.3365689889
    ]
}