{
    "time_duration": 1439.1972659999974,
    "total_photons": 6,
    "q1q3_com_distance": 169.77789800206617,
    "moments_of_inertia": [
        21021.545056253293,
        70973.20083519194,
        88347.29737522153
    ]
}