{
    "time_duration": 1468.34375,
    "total_photons": 6,
    "q1q3_com_distance": 328.5279035713709,
    "moments_of_inertia": [
        20144.25919461815,
        137556.6436539899,
        155066.85775139174
    ]
}