{
    "time_duration": 5074.671929,
    "total_photons": 2640,
    "q1q3_com_distance": 9.9454148929325,
    "moments_of_inertia": [
        6202794.50001861,
        6873655.072039249,
        6659810.463408349
    ]
}