{
    "time_duration": 3081.7583010000008,
    "total_photons": 53,
    "q1q3_com_distance": 334.9811726821831,
    "moments_of_inertia": [
        38813.25956537202,
        2465643.58945567,
        2451121.249228014
    ]
}