{
    "time_duration": 1645.7070319999984,
    "total_photons": 10,
    "q1q3_com_distance": 66.57887911676184,
    "moments_of_inertia": [
        38423.2950386263,
        125248.8097388794,
        97503.95570249426
    ]
}