{
    "time_duration": 7935.40287,
    "total_photons": 3132,
    "q1q3_com_distance": 214.11449720184817,
    "moments_of_inertia": [
        9012416.559260175,
        124021845.88110076,
        123714432.40720975
    ]
}