{
    "time_duration": 4185.189331,
    "total_photons": 195,
    "q1q3_com_distance": 785.2290078365279,
    "moments_of_inertia": [
        821861.7236684107,
        26060049.3139286,
        26044448.578240924
    ]
}