{
    "time_duration": 4811.168274000001,
    "total_photons": 148,
    "q1q3_com_distance": 312.90473011838634,
    "moments_of_inertia": [
        1332385.079098456,
        4955520.676690527,
        4830842.86073264
    ]
}