{
    "time_duration": 3664.8955079999987,
    "total_photons": 104,
    "q1q3_com_distance": 413.89143547810966,
    "moments_of_inertia": [
        488485.8832851872,
        4392865.373782108,
        4567567.010430788
    ]
}