{
    "time_duration": 4846.031250000001,
    "total_photons": 21,
    "q1q3_com_distance": 240.1318276546817,
    "moments_of_inertia": [
        190383.86442646023,
        476777.8272002882,
        372237.4444684891
    ]
}