{
    "time_duration": 5403.838379000001,
    "total_photons": 294,
    "q1q3_com_distance": 236.21173410897816,
    "moments_of_inertia": [
        1970799.1359130759,
        9795802.714451851,
        10214196.543868419
    ]
}