{
    "time_duration": 4674.881531,
    "total_photons": 45,
    "q1q3_com_distance": 653.3011720151079,
    "moments_of_inertia": [
        139727.342450012,
        4100836.601027305,
        4045426.6830737935
    ]
}