{
    "time_duration": 1580.0258789999998,
    "total_photons": 46,
    "q1q3_com_distance": 279.25803180655737,
    "moments_of_inertia": [
        63665.90396815771,
        888315.9391331553,
        868446.3126943408
    ]
}