{
    "time_duration": 3703.3996579999994,
    "total_photons": 42,
    "q1q3_com_distance": 244.94719556779805,
    "moments_of_inertia": [
        126368.78082228999,
        825837.3476639946,
        793299.5436470493
    ]
}