{
    "time_duration": 3647.169799,
    "total_photons": 2120,
    "q1q3_com_distance": 57.7564513481581,
    "moments_of_inertia": [
        3594600.4801378455,
        14940570.587220363,
        15238575.095161222
    ]
}