{
    "time_duration": 3249.586303,
    "total_photons": 27,
    "q1q3_com_distance": 99.41692720198961,
    "moments_of_inertia": [
        109178.67814750061,
        294960.7420863583,
        382836.26949947455
    ]
}