{
    "time_duration": 540.506836,
    "total_photons": 4,
    "q1q3_com_distance": 145.0545028601319,
    "moments_of_inertia": [
        271.0890438530769,
        49504.06714340669,
        49232.978312740226
    ]
}