{
    "time_duration": 2303.026855,
    "total_photons": 15,
    "q1q3_com_distance": 276.4165662772403,
    "moments_of_inertia": [
        36096.72504538021,
        278310.30882445537,
        293064.78386349784
    ]
}