{
    "time_duration": 1116.658692,
    "total_photons": 5,
    "q1q3_com_distance": 88.60650357056188,
    "moments_of_inertia": [
        11020.8264406308,
        52675.51705010342,
        41676.921469265835
    ]
}