{
    "time_duration": 2626.0502929999993,
    "total_photons": 30,
    "q1q3_com_distance": 321.58368290044274,
    "moments_of_inertia": [
        28317.60948558757,
        720911.1888300964,
        711203.4534776493
    ]
}