{
    "time_duration": 4955.893951999999,
    "total_photons": 305,
    "q1q3_com_distance": 624.6061634740581,
    "moments_of_inertia": [
        2036990.096078828,
        24580595.73395162,
        25327104.611523665
    ]
}