{
    "time_duration": 5864.549911,
    "total_photons": 224,
    "q1q3_com_distance": 43.48192600635258,
    "moments_of_inertia": [
        247410.05806146376,
        1481721.375023064,
        1515095.9657788624
    ]
}