{
    "time_duration": 3262.703667,
    "total_photons": 649,
    "q1q3_com_distance": 91.01627697778927,
    "moments_of_inertia": [
        696527.2441773736,
        3236147.2223531967,
        3074641.951312886
    ]
}