{
    "time_duration": 7880.587357,
    "total_photons": 738,
    "q1q3_com_distance": 946.2673830879173,
    "moments_of_inertia": [
        1980469.9809164107,
        144667917.5998095,
        145205403.36817288
    ]
}