{
    "time_duration": 3200.404137,
    "total_photons": 257,
    "q1q3_com_distance": 317.5557880136967,
    "moments_of_inertia": [
        554475.0303856777,
        8245711.614595412,
        8408256.823812678
    ]
}