{
    "time_duration": 5560.8032220000005,
    "total_photons": 56,
    "q1q3_com_distance": 694.911530338171,
    "moments_of_inertia": [
        221536.7982648285,
        5683118.623299547,
        5783629.452214198
    ]
}