{
    "time_duration": 1842.4083249999999,
    "total_photons": 13,
    "q1q3_com_distance": 68.35039612682908,
    "moments_of_inertia": [
        37991.03387561721,
        69093.68605133447,
        61828.27951920209
    ]
}