{
    "time_duration": 5157.828613,
    "total_photons": 191,
    "q1q3_com_distance": 371.37462733167166,
    "moments_of_inertia": [
        887484.7853136947,
        7706617.412467915,
        7632168.037370245
    ]
}