{
    "time_duration": 1647.5653690000001,
    "total_photons": 5,
    "q1q3_com_distance": 154.77467275042127,
    "moments_of_inertia": [
        1798.2501348014775,
        78858.61764000005,
        77060.36750519858
    ]
}