{
    "time_duration": 215.5092770000001,
    "total_photons": 4,
    "q1q3_com_distance": 122.12813312255285,
    "moments_of_inertia": [
        5100.700159793792,
        38340.2473,
        33239.54714020623
    ]
}