{
    "time_duration": 5710.416046,
    "total_photons": 74,
    "q1q3_com_distance": 659.8431225161446,
    "moments_of_inertia": [
        343814.96782460227,
        6947777.247250025,
        6937091.811579428
    ]
}