{
    "time_duration": 1761.6826169999995,
    "total_photons": 25,
    "q1q3_com_distance": 296.13107080466636,
    "moments_of_inertia": [
        36378.352906045155,
        384773.1551977797,
        395032.94316017505
    ]
}