{
    "time_duration": 2674.4042959999997,
    "total_photons": 106,
    "q1q3_com_distance": 90.92416932224874,
    "moments_of_inertia": [
        55297.952403721516,
        374407.13485610066,
        403615.1466307437
    ]
}