{
    "time_duration": 3528.625976999999,
    "total_photons": 25,
    "q1q3_com_distance": 734.7840944765283,
    "moments_of_inertia": [
        33387.05157513823,
        2527666.5797368484,
        2542843.0649600127
    ]
}