{
    "time_duration": 6547.445557000001,
    "total_photons": 54,
    "q1q3_com_distance": 576.1493474622031,
    "moments_of_inertia": [
        488697.11542087,
        4542069.047771008,
        4732696.45474146
    ]
}