{
    "time_duration": 1709.0097659999992,
    "total_photons": 30,
    "q1q3_com_distance": 157.98787631492496,
    "moments_of_inertia": [
        34703.2402213974,
        197119.46069494466,
        214776.40713032495
    ]
}