{
    "time_duration": 5323.5542,
    "total_photons": 27,
    "q1q3_com_distance": 1075.095984937425,
    "moments_of_inertia": [
        129334.12291123066,
        5684718.107457406,
        5661891.829749884
    ]
}