{
    "time_duration": 2757.520935,
    "total_photons": 38,
    "q1q3_com_distance": 76.36175862301756,
    "moments_of_inertia": [
        110998.08622865177,
        151014.93219853006,
        208518.0222307129
    ]
}