{
    "time_duration": 4863.9504400000005,
    "total_photons": 76,
    "q1q3_com_distance": 705.3803643107201,
    "moments_of_inertia": [
        504515.63712465856,
        7557356.776354569,
        7601095.106820768
    ]
}