{
    "time_duration": 3753.8984370000007,
    "total_photons": 74,
    "q1q3_com_distance": 269.3015803514313,
    "moments_of_inertia": [
        506331.1171158934,
        2115236.924137375,
        2164028.1861332203
    ]
}