{
    "time_duration": 1994.479752,
    "total_photons": 146,
    "q1q3_com_distance": 61.541137370250034,
    "moments_of_inertia": [
        406831.03052301856,
        655107.3161554814,
        589720.9630831438
    ]
}