{
    "time_duration": 2350.4471430000003,
    "total_photons": 357,
    "q1q3_com_distance": 95.28014884501802,
    "moments_of_inertia": [
        1106237.6997167375,
        3231695.964757223,
        2784856.259663856
    ]
}