{
    "time_duration": 6236.614747,
    "total_photons": 230,
    "q1q3_com_distance": 794.7963472817285,
    "moments_of_inertia": [
        711034.7764921188,
        28400445.34100667,
        28245676.70932557
    ]
}