{
    "time_duration": 1306.5,
    "total_photons": 6,
    "q1q3_com_distance": 151.64633015671697,
    "moments_of_inertia": [
        19641.601627780372,
        96493.64630037136,
        104763.53240518161
    ]
}