{
    "time_duration": 2444.596191999999,
    "total_photons": 41,
    "q1q3_com_distance": 59.207996280168054,
    "moments_of_inertia": [
        79911.34289224647,
        202607.10002291677,
        150557.66075312952
    ]
}