{
    "time_duration": 4898.862304000001,
    "total_photons": 96,
    "q1q3_com_distance": 434.14768034401624,
    "moments_of_inertia": [
        347544.08763735555,
        4228576.424981652,
        4249140.584070579
    ]
}