{
    "time_duration": 1252.7011719999991,
    "total_photons": 4,
    "q1q3_com_distance": 448.97550902025824,
    "moments_of_inertia": [
        9101.093360541083,
        122833.7733777201,
        129700.15181173886
    ]
}