{
    "time_duration": 4492.224564,
    "total_photons": 1072,
    "q1q3_com_distance": 122.77889788938353,
    "moments_of_inertia": [
        3334886.2065828256,
        20054689.424053546,
        19479869.662323177
    ]
}