{
    "time_duration": 1335.0426030000003,
    "total_photons": 5,
    "q1q3_com_distance": 128.38733446099738,
    "moments_of_inertia": [
        2737.351428437345,
        55659.60158059574,
        52930.96331096689
    ]
}