{
    "time_duration": 3248.590164,
    "total_photons": 127,
    "q1q3_com_distance": 87.487667926172,
    "moments_of_inertia": [
        846786.7416206176,
        1018927.1891996429,
        1005822.6183954871
    ]
}