{
    "time_duration": 1985.9313970000003,
    "total_photons": 7,
    "q1q3_com_distance": 60.10501642957924,
    "moments_of_inertia": [
        14254.125557429186,
        55763.75755746734,
        62774.86654224624
    ]
}