{
    "time_duration": 3830.766602,
    "total_photons": 854,
    "q1q3_com_distance": 41.52057925880945,
    "moments_of_inertia": [
        267304.1931545455,
        3727795.97761812,
        3709785.365340213
    ]
}