{
    "time_duration": 1164.097656,
    "total_photons": 5,
    "q1q3_com_distance": 64.96565573439554,
    "moments_of_inertia": [
        5727.865909044012,
        37459.10253983591,
        40520.030671120054
    ]
}