{
    "time_duration": 4309.8403929999995,
    "total_photons": 633,
    "q1q3_com_distance": 91.83997173515694,
    "moments_of_inertia": [
        1078741.5348345619,
        7638246.528869511,
        7938198.897871281
    ]
}