{
    "time_duration": 2620.9536129999997,
    "total_photons": 19,
    "q1q3_com_distance": 280.1215410638746,
    "moments_of_inertia": [
        33197.00168472907,
        461758.2988866136,
        488322.1088391837
    ]
}