{
    "time_duration": 3749.201141,
    "total_photons": 60,
    "q1q3_com_distance": 460.9107240487153,
    "moments_of_inertia": [
        164457.58152168244,
        4323512.180936011,
        4261090.556978974
    ]
}