{
    "time_duration": 3880.771483999999,
    "total_photons": 39,
    "q1q3_com_distance": 567.203610867385,
    "moments_of_inertia": [
        138383.33329769224,
        2532225.2489295043,
        2591167.7066446
    ]
}