{
    "time_duration": 2615.4093319999997,
    "total_photons": 1433,
    "q1q3_com_distance": 48.306419358378086,
    "moments_of_inertia": [
        2756074.7831630106,
        3837216.4641601257,
        4613623.585142464
    ]
}