{
    "time_duration": 1878.1579589999997,
    "total_photons": 5,
    "q1q3_com_distance": 134.48490974826876,
    "moments_of_inertia": [
        29937.843577604108,
        59027.9610055943,
        79056.21621680167
    ]
}