{
    "time_duration": 3024.3935550000006,
    "total_photons": 4,
    "q1q3_com_distance": 301.41686183755553,
    "moments_of_inertia": [
        7545.201195401569,
        60044.51172969893,
        52499.42482489954
    ]
}