{
    "time_duration": 1295.570801,
    "total_photons": 4,
    "q1q3_com_distance": 134.95667045389047,
    "moments_of_inertia": [
        13659.977174999996,
        2.7284841053187847e-12,
        13659.977174999996
    ]
}