{
    "time_duration": 4998.873535000001,
    "total_photons": 171,
    "q1q3_com_distance": 475.7794144959252,
    "moments_of_inertia": [
        689693.0712141246,
        9139224.344689924,
        9012877.05932168
    ]
}