{
    "time_duration": 4458.578613000001,
    "total_photons": 112,
    "q1q3_com_distance": 259.70296137253223,
    "moments_of_inertia": [
        569258.5817123959,
        3023608.0037320745,
        2759933.1880323114
    ]
}