{
    "time_duration": 3031.0234379999984,
    "total_photons": 18,
    "q1q3_com_distance": 387.9901865614646,
    "moments_of_inertia": [
        178054.93035842455,
        824443.313460286,
        927290.2473368446
    ]
}