{
    "time_duration": 2907.10254,
    "total_photons": 4,
    "q1q3_com_distance": 265.1014464313614,
    "moments_of_inertia": [
        5601.092442683519,
        66937.22880731648,
        72538.32125
    ]
}