{
    "time_duration": 3202.111328,
    "total_photons": 135,
    "q1q3_com_distance": 114.69670881756578,
    "moments_of_inertia": [
        998197.5867085075,
        1336352.739308718,
        1834053.0842316623
    ]
}