{
    "time_duration": 6670.589173,
    "total_photons": 139,
    "q1q3_com_distance": 394.2587458258388,
    "moments_of_inertia": [
        338324.4923246838,
        5617264.335569244,
        5537648.578658594
    ]
}