{
    "time_duration": 455.6816409999992,
    "total_photons": 14,
    "q1q3_com_distance": 0.0,
    "moments_of_inertia": [
        5266.8221899131895,
        19721.651435714284,
        14454.829245801106
    ]
}