{
    "time_duration": 867.8223870000002,
    "total_photons": 33,
    "q1q3_com_distance": 20.56694444444429,
    "moments_of_inertia": [
        50267.084806060535,
        50267.084806060535,
        0.0
    ]
}