{
    "time_duration": 2990.9067380000006,
    "total_photons": 46,
    "q1q3_com_distance": 393.2087282767967,
    "moments_of_inertia": [
        181285.48195205745,
        1497081.0201975042,
        1526229.0787373942
    ]
}