{
    "time_duration": 1401.758484,
    "total_photons": 25,
    "q1q3_com_distance": 30.703890535092214,
    "moments_of_inertia": [
        56443.56614184695,
        111477.29151207558,
        151461.26284207767
    ]
}