{
    "time_duration": 4761.447265999999,
    "total_photons": 43,
    "q1q3_com_distance": 748.5048237885383,
    "moments_of_inertia": [
        131675.12358167302,
        5191590.550707207,
        5131815.779487862
    ]
}