{
    "time_duration": 2248.194824,
    "total_photons": 16,
    "q1q3_com_distance": 443.19942882691083,
    "moments_of_inertia": [
        48330.66765858559,
        689150.087410091,
        664266.012606324
    ]
}