{
    "time_duration": 5742.648193,
    "total_photons": 282,
    "q1q3_com_distance": 830.3137527543629,
    "moments_of_inertia": [
        844990.8484674618,
        31024839.016232006,
        31297427.123230305
    ]
}