{
    "time_duration": 6186.230468,
    "total_photons": 248,
    "q1q3_com_distance": 649.2726526143962,
    "moments_of_inertia": [
        992979.0065186061,
        19298407.219299294,
        19098944.45593612
    ]
}