{
    "time_duration": 6744.914063,
    "total_photons": 160,
    "q1q3_com_distance": 895.0557866939425,
    "moments_of_inertia": [
        636331.453624405,
        21484924.608281456,
        21609065.24144416
    ]
}