{
    "time_duration": 4977.832459,
    "total_photons": 172,
    "q1q3_com_distance": 281.99741934396855,
    "moments_of_inertia": [
        925057.1120950393,
        4201813.309985155,
        4371325.724495387
    ]
}