{
    "time_duration": 1459.0205079999996,
    "total_photons": 13,
    "q1q3_com_distance": 175.28452035587443,
    "moments_of_inertia": [
        4034.5632149632584,
        95797.49732463335,
        91762.96078348033
    ]
}