{
    "time_duration": 4170.831909,
    "total_photons": 644,
    "q1q3_com_distance": 278.9076169850646,
    "moments_of_inertia": [
        2491117.693991028,
        20130500.102424648,
        20601833.548037123
    ]
}