{
    "time_duration": 2020.896973,
    "total_photons": 9,
    "q1q3_com_distance": 77.61033975000409,
    "moments_of_inertia": [
        18772.49461331525,
        45541.34201823791,
        48285.58492400242
    ]
}