{
    "time_duration": 6737.171082,
    "total_photons": 331,
    "q1q3_com_distance": 722.9628783552188,
    "moments_of_inertia": [
        2443175.9998400137,
        41468243.10836522,
        41265600.59005218
    ]
}