{
    "time_duration": 2742.0263669999986,
    "total_photons": 49,
    "q1q3_com_distance": 285.62545859749656,
    "moments_of_inertia": [
        273428.3946678337,
        1029671.2658263003,
        1140531.5232364784
    ]
}