{
    "time_duration": 2768.70784,
    "total_photons": 66,
    "q1q3_com_distance": 71.51263501495373,
    "moments_of_inertia": [
        292968.2301130464,
        515006.51008398185,
        571501.5050908506
    ]
}