{
    "time_duration": 2277.710936999996,
    "total_photons": 121,
    "q1q3_com_distance": 38.94999263995927,
    "moments_of_inertia": [
        113580.3863460875,
        408729.72748558904,
        379158.0480823729
    ]
}