{
    "time_duration": 2258.025207,
    "total_photons": 13,
    "q1q3_com_distance": 89.35750000000007,
    "moments_of_inertia": [
        74201.21397405042,
        57909.12961306126,
        32597.925243657683
    ]
}