{
    "time_duration": 2165.59375,
    "total_photons": 17,
    "q1q3_com_distance": 128.6691459441618,
    "moments_of_inertia": [
        43576.382122572366,
        151921.43256283374,
        173643.66813812323
    ]
}