{
    "time_duration": 3901.107666,
    "total_photons": 29,
    "q1q3_com_distance": 332.5419445748075,
    "moments_of_inertia": [
        119944.88558649493,
        659362.3854093376,
        778844.5670731338
    ]
}