{
    "time_duration": 2194.619385,
    "total_photons": 23,
    "q1q3_com_distance": 120.6020760140094,
    "moments_of_inertia": [
        314225.8080454888,
        282800.9946720265,
        171310.865073789
    ]
}