{
    "time_duration": 4332.512695,
    "total_photons": 27,
    "q1q3_com_distance": 572.5336580605938,
    "moments_of_inertia": [
        104292.8680238116,
        1919294.3332688543,
        1968850.3561147419
    ]
}