{
    "time_duration": 4592.496582000001,
    "total_photons": 205,
    "q1q3_com_distance": 460.46820249260367,
    "moments_of_inertia": [
        466793.5025093835,
        11084352.827390576,
        10959612.8105937
    ]
}