{
    "time_duration": 4190.4243160000005,
    "total_photons": 12,
    "q1q3_com_distance": 364.32193733320844,
    "moments_of_inertia": [
        169030.2913814818,
        504442.8295389732,
        615694.883779545
    ]
}