{
    "time_duration": 6530.613280999998,
    "total_photons": 23,
    "q1q3_com_distance": 994.0803620683793,
    "moments_of_inertia": [
        125146.85652703792,
        4102589.260214029,
        4068479.1863198057
    ]
}