{
    "time_duration": 1914.71875,
    "total_photons": 19,
    "q1q3_com_distance": 265.55773981565665,
    "moments_of_inertia": [
        22884.768363011826,
        410212.29048048164,
        418392.25277755916
    ]
}