{
    "time_duration": 3844.57367,
    "total_photons": 11,
    "q1q3_com_distance": 248.53222214522702,
    "moments_of_inertia": [
        52146.96809028817,
        265854.48947148584,
        224198.66382004446
    ]
}