{
    "time_duration": 3806.345703,
    "total_photons": 41,
    "q1q3_com_distance": 203.35578593656007,
    "moments_of_inertia": [
        497613.20356632007,
        922294.5516055067,
        1228355.5847208546
    ]
}