{
    "time_duration": 1804.7609869999997,
    "total_photons": 45,
    "q1q3_com_distance": 52.68256169027854,
    "moments_of_inertia": [
        13276.254429654335,
        164141.14728000006,
        150864.89285034582
    ]
}