{
    "time_duration": 1766.9423829999996,
    "total_photons": 8,
    "q1q3_com_distance": 461.9306262037624,
    "moments_of_inertia": [
        18759.37716666871,
        251556.3375309259,
        267318.02207740536
    ]
}