{
    "time_duration": 1576.9990230000003,
    "total_photons": 8,
    "q1q3_com_distance": 118.80941503096459,
    "moments_of_inertia": [
        42193.00164815588,
        19219.316761216443,
        25400.241365627662
    ]
}