{
    "time_duration": 2591.659866,
    "total_photons": 187,
    "q1q3_com_distance": 60.83547662215063,
    "moments_of_inertia": [
        222695.0663209979,
        1097893.8620275683,
        1069285.6481070481
    ]
}