{
    "time_duration": 4745.689880999999,
    "total_photons": 36,
    "q1q3_com_distance": 333.6972559257055,
    "moments_of_inertia": [
        188045.00212296797,
        1220312.333409919,
        1273280.8238171139
    ]
}