{
    "time_duration": 1379.668015,
    "total_photons": 41,
    "q1q3_com_distance": 241.6408454855577,
    "moments_of_inertia": [
        36787.35542610276,
        686487.8122175859,
        667444.6556441168
    ]
}