{
    "time_duration": 2750.9866330000004,
    "total_photons": 8,
    "q1q3_com_distance": 214.24656041579766,
    "moments_of_inertia": [
        9457.01064643872,
        169212.34624204083,
        172878.50106152028
    ]
}