{
    "time_duration": 4122.862793,
    "total_photons": 18,
    "q1q3_com_distance": 332.51775345686434,
    "moments_of_inertia": [
        160692.6399509671,
        476180.59560856695,
        558484.5671737996
    ]
}