{
    "time_duration": 4219.568177,
    "total_photons": 18,
    "q1q3_com_distance": 84.5623537278852,
    "moments_of_inertia": [
        52965.29962058272,
        306060.4053237197,
        280494.98877791956
    ]
}