{
    "time_duration": 4134.15625,
    "total_photons": 30,
    "q1q3_com_distance": 780.7077773845666,
    "moments_of_inertia": [
        83405.22786035854,
        3464639.821953901,
        3509728.968139073
    ]
}