{
    "time_duration": 2827.60205,
    "total_photons": 357,
    "q1q3_com_distance": 31.069539616159112,
    "moments_of_inertia": [
        1602453.336738302,
        2153435.309829989,
        2427528.4144457146
    ]
}