{
    "time_duration": 2158.452148,
    "total_photons": 69,
    "q1q3_com_distance": 35.193179208668276,
    "moments_of_inertia": [
        11003.155367102852,
        83034.38466666668,
        72031.22929956384
    ]
}