{
    "time_duration": 4827.653564,
    "total_photons": 408,
    "q1q3_com_distance": 81.33128045618162,
    "moments_of_inertia": [
        857539.6344689,
        4267486.877533762,
        4573585.998255176
    ]
}