{
    "time_duration": 6437.5732419999995,
    "total_photons": 531,
    "q1q3_com_distance": 285.9525106810126,
    "moments_of_inertia": [
        1905853.524631966,
        14437195.596712476,
        14833878.423018636
    ]
}