{
    "time_duration": 1447.0311729999999,
    "total_photons": 86,
    "q1q3_com_distance": 25.771906921367567,
    "moments_of_inertia": [
        65907.83143352871,
        229020.50392302196,
        202615.88250623975
    ]
}