{
    "time_duration": 3222.7709970000005,
    "total_photons": 14,
    "q1q3_com_distance": 436.2941760584248,
    "moments_of_inertia": [
        45745.71056973585,
        1003698.9462477935,
        1022029.4621396136
    ]
}