{
    "time_duration": 1982.9783940000002,
    "total_photons": 17,
    "q1q3_com_distance": 165.07840463549428,
    "moments_of_inertia": [
        36171.112882746645,
        261294.36198267862,
        264504.1857933982
    ]
}