{
    "time_duration": 6216.589356,
    "total_photons": 1923,
    "q1q3_com_distance": 105.87183932097349,
    "moments_of_inertia": [
        3977608.239024617,
        38221900.42995843,
        38579242.63302694
    ]
}