{
    "time_duration": 3582.0017700000003,
    "total_photons": 98,
    "q1q3_com_distance": 666.4638988125915,
    "moments_of_inertia": [
        351376.5375847779,
        8413727.486337889,
        8472000.597148757
    ]
}