{
    "time_duration": 3214.0607139999997,
    "total_photons": 25,
    "q1q3_com_distance": 244.51139084104085,
    "moments_of_inertia": [
        21692.482139408938,
        559748.9762026827,
        572161.1560739083
    ]
}