{
    "time_duration": 3714.3722989999997,
    "total_photons": 909,
    "q1q3_com_distance": 209.0487990354745,
    "moments_of_inertia": [
        2802307.99559303,
        22421580.586844143,
        22255395.96248034
    ]
}