{
    "time_duration": 2623.719269,
    "total_photons": 53,
    "q1q3_com_distance": 166.7404625171585,
    "moments_of_inertia": [
        226458.55884578812,
        916263.9616566661,
        893790.4343730173
    ]
}