{
    "time_duration": 1487.440735,
    "total_photons": 11,
    "q1q3_com_distance": 111.33346636718603,
    "moments_of_inertia": [
        23130.47994699012,
        85885.0157899634,
        98798.27629941021
    ]
}