{
    "time_duration": 4785.1630860000005,
    "total_photons": 53,
    "q1q3_com_distance": 733.6819776236174,
    "moments_of_inertia": [
        123766.99792983942,
        5191650.571586814,
        5214808.409139947
    ]
}