{
    "time_duration": 1868.2048949999999,
    "total_photons": 89,
    "q1q3_com_distance": 30.96329554921646,
    "moments_of_inertia": [
        381298.77709395415,
        203396.62492357937,
        284987.3330611179
    ]
}