{
    "time_duration": 3973.5215760000006,
    "total_photons": 114,
    "q1q3_com_distance": 352.18413610752367,
    "moments_of_inertia": [
        659361.4192230348,
        4592407.744056984,
        4812732.526998929
    ]
}