{
    "time_duration": 2158.5,
    "total_photons": 62,
    "q1q3_com_distance": 28.43068657388528,
    "moments_of_inertia": [
        395298.13338879973,
        283337.2406481828,
        238042.75581140482
    ]
}