{
    "time_duration": 3493.251954,
    "total_photons": 13,
    "q1q3_com_distance": 144.14891692515204,
    "moments_of_inertia": [
        118621.91665448499,
        245400.16315959967,
        249528.71433976162
    ]
}