{
    "time_duration": 2070.888672000001,
    "total_photons": 12,
    "q1q3_com_distance": 386.39346471929076,
    "moments_of_inertia": [
        17655.896495473804,
        382380.04962279013,
        376819.8335317359
    ]
}