{
    "time_duration": 4507.303161,
    "total_photons": 527,
    "q1q3_com_distance": 509.5851219756575,
    "moments_of_inertia": [
        2230906.684078969,
        37790154.34480806,
        38006768.15722907
    ]
}