{
    "time_duration": 3665.384766,
    "total_photons": 87,
    "q1q3_com_distance": 56.67090412166451,
    "moments_of_inertia": [
        341758.0765900186,
        606549.0991920455,
        747245.9883558672
    ]
}