{
    "time_duration": 1825.9204100000002,
    "total_photons": 45,
    "q1q3_com_distance": 53.18696327222648,
    "moments_of_inertia": [
        467549.7243856598,
        369248.8003185804,
        279414.7448068714
    ]
}