{
    "time_duration": 3130.783202999999,
    "total_photons": 701,
    "q1q3_com_distance": 51.025555022876134,
    "moments_of_inertia": [
        1008978.9869732347,
        1470032.6805578182,
        1377641.8798606705
    ]
}