{
    "time_duration": 1723.4101570000003,
    "total_photons": 21,
    "q1q3_com_distance": 176.22673657031265,
    "moments_of_inertia": [
        71499.31679907534,
        302250.0375721365,
        248807.53606688333
    ]
}