{
    "time_duration": 4140.451531000001,
    "total_photons": 702,
    "q1q3_com_distance": 58.852281382363174,
    "moments_of_inertia": [
        1257523.9187567816,
        3330191.824010362,
        3411496.353559633
    ]
}