{
    "time_duration": 8919.998046,
    "total_photons": 672,
    "q1q3_com_distance": 577.7021597116623,
    "moments_of_inertia": [
        3329835.288933091,
        53051040.48846274,
        53505351.599154696
    ]
}