{
    "time_duration": 2597.290771,
    "total_photons": 73,
    "q1q3_com_distance": 204.2105133664019,
    "moments_of_inertia": [
        361610.53412711364,
        1895976.7099623324,
        1709494.0094502794
    ]
}