{
    "time_duration": 5574.387237,
    "total_photons": 648,
    "q1q3_com_distance": 171.93961197042552,
    "moments_of_inertia": [
        4286924.2052702755,
        12254405.26423333,
        10963515.844460277
    ]
}