{
    "time_duration": 1426.1279299999997,
    "total_photons": 15,
    "q1q3_com_distance": 62.65585238028452,
    "moments_of_inertia": [
        1065.4628055917856,
        33569.59368276826,
        32504.193778306682
    ]
}