{
    "time_duration": 5187.674859,
    "total_photons": 432,
    "q1q3_com_distance": 364.2596409507805,
    "moments_of_inertia": [
        2465163.2351847254,
        17530828.97457763,
        18070040.232197825
    ]
}