{
    "time_duration": 7555.9203640000005,
    "total_photons": 832,
    "q1q3_com_distance": 477.443317010126,
    "moments_of_inertia": [
        6732851.842621759,
        40500886.775597274,
        41954948.24594785
    ]
}