{
    "time_duration": 2566.405838,
    "total_photons": 1085,
    "q1q3_com_distance": 55.13059957006736,
    "moments_of_inertia": [
        3861908.5828456976,
        4603432.941056267,
        4442642.330464127
    ]
}