{
    "time_duration": 3545.84375,
    "total_photons": 65,
    "q1q3_com_distance": 312.98108343354835,
    "moments_of_inertia": [
        382146.01344544324,
        2072824.4496882895,
        1982663.3378816536
    ]
}