{
    "time_duration": 1812.2415310000001,
    "total_photons": 156,
    "q1q3_com_distance": 38.97786407315641,
    "moments_of_inertia": [
        262058.97099109754,
        333824.37424978765,
        475807.142398859
    ]
}