{
    "time_duration": 913.9854580000001,
    "total_photons": 38,
    "q1q3_com_distance": 36.39142330275082,
    "moments_of_inertia": [
        30801.64045982108,
        55962.86807866075,
        44461.69782993917
    ]
}