{
    "time_duration": 1835.402344,
    "total_photons": 6,
    "q1q3_com_distance": 161.84093734281203,
    "moments_of_inertia": [
        3251.0429745116053,
        36249.98665882175,
        39501.02963333334
    ]
}