{
    "time_duration": 2678.6527100000003,
    "total_photons": 105,
    "q1q3_com_distance": 380.2754338023803,
    "moments_of_inertia": [
        615700.9855167419,
        4624213.087733485,
        4884313.957625963
    ]
}