{
    "time_duration": 2521.5039060000017,
    "total_photons": 10,
    "q1q3_com_distance": 73.58626351281724,
    "moments_of_inertia": [
        14483.317468502675,
        102939.69588321657,
        99169.7101282807
    ]
}