{
    "time_duration": 3789.2124320000003,
    "total_photons": 280,
    "q1q3_com_distance": 770.6442206957732,
    "moments_of_inertia": [
        1604102.7101155408,
        32968645.222217772,
        33132641.554641664
    ]
}