{
    "time_duration": 2885.103973,
    "total_photons": 103,
    "q1q3_com_distance": 137.37105634916387,
    "moments_of_inertia": [
        521050.32252938044,
        2427166.273380274,
        2544292.9298340334
    ]
}