{
    "time_duration": 6125.1586910000005,
    "total_photons": 166,
    "q1q3_com_distance": 1010.4269776228792,
    "moments_of_inertia": [
        585519.2995958738,
        27786592.78183868,
        27639350.041853394
    ]
}