{
    "time_duration": 1373.5874019999997,
    "total_photons": 4,
    "q1q3_com_distance": 133.98150991834666,
    "moments_of_inertia": [
        25279.435186761297,
        17156.09511635114,
        9750.054446887661
    ]
}