{
    "time_duration": 6712.623115,
    "total_photons": 1637,
    "q1q3_com_distance": 204.27811732827863,
    "moments_of_inertia": [
        1117178.8384464234,
        47957359.00821233,
        48165797.124633156
    ]
}