{
    "time_duration": 3413.7421870000016,
    "total_photons": 25,
    "q1q3_com_distance": 280.0984751717465,
    "moments_of_inertia": [
        107429.33571932849,
        886519.7898274696,
        947507.0591572023
    ]
}