{
    "time_duration": 3379.125,
    "total_photons": 53,
    "q1q3_com_distance": 66.71094632361296,
    "moments_of_inertia": [
        331250.03349218814,
        793430.3365006308,
        871062.1081581238
    ]
}