{
    "time_duration": 4934.986327999999,
    "total_photons": 48,
    "q1q3_com_distance": 679.1827538345259,
    "moments_of_inertia": [
        199964.51916545257,
        4259972.298062702,
        4246229.191405179
    ]
}