{
    "time_duration": 5768.516601000001,
    "total_photons": 262,
    "q1q3_com_distance": 340.82435292516124,
    "moments_of_inertia": [
        1806411.0159416925,
        11801155.512706673,
        11621058.817695908
    ]
}