{
    "time_duration": 4478.079834,
    "total_photons": 21,
    "q1q3_com_distance": 436.22010856256196,
    "moments_of_inertia": [
        57130.61490038771,
        1003519.2396396833,
        1030415.4889837388
    ]
}