{
    "time_duration": 3173.4721680000002,
    "total_photons": 15,
    "q1q3_com_distance": 247.27363984561765,
    "moments_of_inertia": [
        79650.3675455969,
        279777.6168290365,
        299050.5021586999
    ]
}