{
    "time_duration": 1321.3447269999997,
    "total_photons": 5,
    "q1q3_com_distance": 184.94828310908954,
    "moments_of_inertia": [
        7013.664331079461,
        83560.21698892047,
        90573.88131999997
    ]
}