{
    "time_duration": 1073.6384280000002,
    "total_photons": 10,
    "q1q3_com_distance": 131.8776103901732,
    "moments_of_inertia": [
        8731.727611456234,
        41002.975698543756,
        49734.70331000003
    ]
}