{
    "time_duration": 2498.889725,
    "total_photons": 345,
    "q1q3_com_distance": 45.29543449545818,
    "moments_of_inertia": [
        996011.447346526,
        1376604.8752979673,
        1583059.352257538
    ]
}