{
    "time_duration": 8533.817138,
    "total_photons": 344,
    "q1q3_com_distance": 717.9819728217875,
    "moments_of_inertia": [
        1586350.1855946705,
        40182162.075772606,
        39887682.297189765
    ]
}