{
    "time_duration": 4226.063232,
    "total_photons": 57,
    "q1q3_com_distance": 535.5812181267671,
    "moments_of_inertia": [
        349050.4152804436,
        4846129.141260679,
        4831829.660062389
    ]
}