{
    "time_duration": 4018.689759,
    "total_photons": 47,
    "q1q3_com_distance": 466.92532257057854,
    "moments_of_inertia": [
        273049.11296673,
        2340557.8160972437,
        2463661.1077700676
    ]
}