{
    "time_duration": 5030.4328000000005,
    "total_photons": 321,
    "q1q3_com_distance": 713.0320779668883,
    "moments_of_inertia": [
        2248026.5466889367,
        39755470.04810793,
        39208900.749777645
    ]
}