{
    "time_duration": 5567.3774029999995,
    "total_photons": 1574,
    "q1q3_com_distance": 232.45682744584008,
    "moments_of_inertia": [
        3209696.0578355566,
        53912498.462175034,
        54360014.76586718
    ]
}