{
    "time_duration": 3541.925385,
    "total_photons": 47,
    "q1q3_com_distance": 162.97193783022556,
    "moments_of_inertia": [
        135024.50017833448,
        435655.52154876635,
        399070.4850388569
    ]
}