{
    "time_duration": 1739.8325189999996,
    "total_photons": 105,
    "q1q3_com_distance": 46.29173282877178,
    "moments_of_inertia": [
        17885.336603675823,
        206675.29134672365,
        219077.51630864837
    ]
}