{
    "time_duration": 3784.948471,
    "total_photons": 412,
    "q1q3_com_distance": 220.77397934601134,
    "moments_of_inertia": [
        1678617.3107876033,
        11097649.696636219,
        11171634.456492199
    ]
}