{
    "time_duration": 331.24755900000036,
    "total_photons": 6,
    "q1q3_com_distance": 62.616808047041175,
    "moments_of_inertia": [
        567.2986247609679,
        13346.839341905708,
        13914.137966666674
    ]
}