{
    "time_duration": 2365.46875,
    "total_photons": 62,
    "q1q3_com_distance": 186.44532667426074,
    "moments_of_inertia": [
        90631.78192402562,
        1029160.7953340452,
        1071572.455641929
    ]
}