{
    "time_duration": 3301.374283,
    "total_photons": 260,
    "q1q3_com_distance": 208.40112510076878,
    "moments_of_inertia": [
        459161.0343645299,
        8313780.449806644,
        8193323.934501912
    ]
}