{
    "time_duration": 7975.365967000001,
    "total_photons": 102,
    "q1q3_com_distance": 986.0263884953442,
    "moments_of_inertia": [
        572190.9219546653,
        17126096.847865354,
        17270670.06896627
    ]
}