{
    "time_duration": 5307.250488,
    "total_photons": 444,
    "q1q3_com_distance": 337.4627135818811,
    "moments_of_inertia": [
        1049513.6301303282,
        20130484.39302212,
        20070105.743008804
    ]
}