{
    "time_duration": 4502.7312010000005,
    "total_photons": 131,
    "q1q3_com_distance": 630.4357363493122,
    "moments_of_inertia": [
        327725.39294598333,
        9442286.832832934,
        9459528.66486537
    ]
}