{
    "time_duration": 4964.838623,
    "total_photons": 56,
    "q1q3_com_distance": 151.52070052723934,
    "moments_of_inertia": [
        211159.3527803294,
        721763.1817198386,
        663339.3247248316
    ]
}