{
    "time_duration": 4322.682571,
    "total_photons": 131,
    "q1q3_com_distance": 129.33132890156725,
    "moments_of_inertia": [
        565771.7833433729,
        2721407.15338721,
        3019157.9634404103
    ]
}