{
    "time_duration": 2744.3637689999996,
    "total_photons": 32,
    "q1q3_com_distance": 336.6603873179357,
    "moments_of_inertia": [
        28740.435251697898,
        951670.4360850137,
        943358.6766070378
    ]
}