{
    "time_duration": 1891.755432,
    "total_photons": 109,
    "q1q3_com_distance": 109.84709979272974,
    "moments_of_inertia": [
        288698.9156262581,
        597091.4168961692,
        657921.6653564734
    ]
}