{
    "time_duration": 4613.91217,
    "total_photons": 34,
    "q1q3_com_distance": 132.62133507113174,
    "moments_of_inertia": [
        136894.93033667136,
        394445.11250563775,
        466670.89094592637
    ]
}