{
    "time_duration": 6473.398193999999,
    "total_photons": 553,
    "q1q3_com_distance": 180.54132159195052,
    "moments_of_inertia": [
        3764464.4998740386,
        14432255.581585834,
        14660270.533379164
    ]
}