{
    "time_duration": 4400.2368160000005,
    "total_photons": 341,
    "q1q3_com_distance": 466.60414705821563,
    "moments_of_inertia": [
        715156.8938280605,
        18039268.32210984,
        18097106.896856233
    ]
}