{
    "time_duration": 3146.928222999999,
    "total_photons": 110,
    "q1q3_com_distance": 359.23280937169636,
    "moments_of_inertia": [
        230550.22438031487,
        2611411.1466158987,
        2619249.3171946965
    ]
}