{
    "time_duration": 4604.240234000001,
    "total_photons": 103,
    "q1q3_com_distance": 513.3822928565407,
    "moments_of_inertia": [
        181125.27965014894,
        5886437.110568914,
        5828028.435101325
    ]
}