{
    "time_duration": 3528.770019,
    "total_photons": 18,
    "q1q3_com_distance": 762.9057282154855,
    "moments_of_inertia": [
        64717.85304298671,
        1750066.5448616592,
        1779128.6286397993
    ]
}