{
    "time_duration": 3236.324524,
    "total_photons": 295,
    "q1q3_com_distance": 116.47226171259742,
    "moments_of_inertia": [
        751329.2579779951,
        6251060.820935923,
        6302504.292467777
    ]
}