{
    "time_duration": 3013.639161,
    "total_photons": 76,
    "q1q3_com_distance": 279.97190379317243,
    "moments_of_inertia": [
        33339.02852249984,
        3517859.2177099376,
        3494704.262972827
    ]
}