{
    "time_duration": 4507.979492,
    "total_photons": 77,
    "q1q3_com_distance": 589.218868531433,
    "moments_of_inertia": [
        134779.82085854653,
        5137850.389840297,
        5102192.402911545
    ]
}