{
    "time_duration": 1956.9982610000002,
    "total_photons": 31,
    "q1q3_com_distance": 315.14423461230405,
    "moments_of_inertia": [
        1069860.2942931957,
        997331.6395597018,
        113135.07519226287
    ]
}