{
    "time_duration": 2645.771485000001,
    "total_photons": 20,
    "q1q3_com_distance": 285.42371991829964,
    "moments_of_inertia": [
        31270.33383297024,
        384549.68455067783,
        367636.2511663518
    ]
}