{
    "time_duration": 2868.6281740000004,
    "total_photons": 49,
    "q1q3_com_distance": 315.32170922389287,
    "moments_of_inertia": [
        224560.44092743774,
        1609770.2629851599,
        1577101.2039486272
    ]
}