{
    "time_duration": 3671.4413449999997,
    "total_photons": 110,
    "q1q3_com_distance": 141.66069658704012,
    "moments_of_inertia": [
        565166.4479960713,
        1920127.6247366231,
        1746397.6076691232
    ]
}