{
    "time_duration": 1165.4516600000006,
    "total_photons": 19,
    "q1q3_com_distance": 149.39352439781322,
    "moments_of_inertia": [
        9773.228039986658,
        129723.85171449956,
        139352.51910867175
    ]
}