{
    "time_duration": 4683.007507,
    "total_photons": 2618,
    "q1q3_com_distance": 163.53809889011063,
    "moments_of_inertia": [
        1424220.4171507657,
        61027816.622472756,
        60572151.77436161
    ]
}