{
    "time_duration": 691.9594729999999,
    "total_photons": 7,
    "q1q3_com_distance": 192.3133162966101,
    "moments_of_inertia": [
        32.41634639578842,
        60828.198,
        60795.78165360422
    ]
}