{
    "time_duration": 1911.0522459999993,
    "total_photons": 118,
    "q1q3_com_distance": 62.24402968067635,
    "moments_of_inertia": [
        362139.1785610347,
        600604.4545119605,
        552272.2144337846
    ]
}