{
    "time_duration": 2713.0009759999994,
    "total_photons": 12,
    "q1q3_com_distance": 110.9289546912297,
    "moments_of_inertia": [
        47581.603748166235,
        121037.19233908877,
        146535.85401274497
    ]
}