{
    "time_duration": 3075.166015,
    "total_photons": 176,
    "q1q3_com_distance": 51.722586112882446,
    "moments_of_inertia": [
        76134.12091965822,
        830301.1443157552,
        863364.1359248132
    ]
}