{
    "time_duration": 1059.746338,
    "total_photons": 4,
    "q1q3_com_distance": 125.43569228891752,
    "moments_of_inertia": [
        4206.1719918718445,
        71994.8442593121,
        76114.10344881621
    ]
}