{
    "time_duration": 3144.179687,
    "total_photons": 108,
    "q1q3_com_distance": 267.7591980629706,
    "moments_of_inertia": [
        158737.80926898308,
        2064954.8892878443,
        2027436.6444079864
    ]
}