{
    "time_duration": 2220.891724,
    "total_photons": 37,
    "q1q3_com_distance": 221.62150655334722,
    "moments_of_inertia": [
        83241.70365882991,
        757437.6827848708,
        729050.5199022446
    ]
}