{
    "time_duration": 2640.6745610000003,
    "total_photons": 22,
    "q1q3_com_distance": 85.10618121238636,
    "moments_of_inertia": [
        103566.62336638765,
        221038.9643307188,
        173640.88394834803
    ]
}