{
    "time_duration": 4935.885926,
    "total_photons": 220,
    "q1q3_com_distance": 608.8477681728207,
    "moments_of_inertia": [
        213732.31839906797,
        20341040.85980242,
        20294230.317292154
    ]
}