{
    "time_duration": 931.7705079999996,
    "total_photons": 14,
    "q1q3_com_distance": 67.91832489284464,
    "moments_of_inertia": [
        5017.744205873882,
        46614.981581171334,
        41635.705041526206
    ]
}