{
    "time_duration": 2139.7534180000002,
    "total_photons": 48,
    "q1q3_com_distance": 433.47000964199094,
    "moments_of_inertia": [
        123251.08492013556,
        1934802.3160916225,
        1997323.2287799083
    ]
}