{
    "time_duration": 7586.009278,
    "total_photons": 445,
    "q1q3_com_distance": 319.8561446312142,
    "moments_of_inertia": [
        3105936.419207383,
        13784336.465129564,
        14037234.822237471
    ]
}