{
    "time_duration": 5281.918457,
    "total_photons": 22,
    "q1q3_com_distance": 557.8530136703674,
    "moments_of_inertia": [
        93224.25586494454,
        1527910.2230378576,
        1583789.468751744
    ]
}