{
    "time_duration": 4154.580078000001,
    "total_photons": 51,
    "q1q3_com_distance": 211.24930923874288,
    "moments_of_inertia": [
        137277.8596943185,
        1016249.0864182765,
        962572.2612677983
    ]
}