{
    "time_duration": 3875.5048830000005,
    "total_photons": 76,
    "q1q3_com_distance": 43.89263869149283,
    "moments_of_inertia": [
        487304.3644531354,
        758598.7589310838,
        699847.0377815693
    ]
}