{
    "time_duration": 5116.734893,
    "total_photons": 369,
    "q1q3_com_distance": 277.06882311744096,
    "moments_of_inertia": [
        1584572.378097428,
        14103578.858907886,
        13862867.144870026
    ]
}