{
    "time_duration": 4012.2179419999998,
    "total_photons": 64,
    "q1q3_com_distance": 253.53334218137118,
    "moments_of_inertia": [
        591056.2417630507,
        1256970.701947659,
        1375826.3097205416
    ]
}