{
    "time_duration": 6572.236328,
    "total_photons": 4,
    "q1q3_com_distance": 376.3431723839294,
    "moments_of_inertia": [
        3647.5649599214667,
        109628.95675,
        105981.39179007856
    ]
}