{
    "time_duration": 2505.9776,
    "total_photons": 903,
    "q1q3_com_distance": 81.1001369562699,
    "moments_of_inertia": [
        1344483.5419587959,
        6076872.490835556,
        6530914.348367554
    ]
}