{
    "time_duration": 2296.438964,
    "total_photons": 12,
    "q1q3_com_distance": 134.964947959749,
    "moments_of_inertia": [
        59843.85268390215,
        86901.86916958405,
        90721.22247984714
    ]
}