{
    "time_duration": 2807.0649410000005,
    "total_photons": 171,
    "q1q3_com_distance": 100.56710758017084,
    "moments_of_inertia": [
        151514.9616347414,
        1291835.0343277957,
        1233568.5402667029
    ]
}