{
    "time_duration": 2605.751709,
    "total_photons": 20,
    "q1q3_com_distance": 73.54489254870083,
    "moments_of_inertia": [
        137976.4076197764,
        214320.25542137717,
        313374.32010884647
    ]
}