{
    "time_duration": 3398.211914,
    "total_photons": 143,
    "q1q3_com_distance": 185.9443297884566,
    "moments_of_inertia": [
        435433.0139653953,
        3330808.579302811,
        3219060.199039482
    ]
}