{
    "time_duration": 2810.0869139999995,
    "total_photons": 78,
    "q1q3_com_distance": 291.054232390632,
    "moments_of_inertia": [
        122468.41803856636,
        1525279.5222989845,
        1491961.583021423
    ]
}