{
    "time_duration": 7258.030517000001,
    "total_photons": 395,
    "q1q3_com_distance": 941.5534474573459,
    "moments_of_inertia": [
        1585471.139944449,
        59529942.60992785,
        60016304.23635245
    ]
}