{
    "time_duration": 4189.450194999999,
    "total_photons": 48,
    "q1q3_com_distance": 402.75707617240494,
    "moments_of_inertia": [
        186082.72472762736,
        2315317.7414556337,
        2286211.545708405
    ]
}