{
    "time_duration": 3309.71347,
    "total_photons": 165,
    "q1q3_com_distance": 68.83682066223524,
    "moments_of_inertia": [
        619808.6014352337,
        1101894.4359436007,
        1009882.9518041961
    ]
}