{
    "time_duration": 3133.325012,
    "total_photons": 217,
    "q1q3_com_distance": 15.374435056346448,
    "moments_of_inertia": [
        1505836.8778391667,
        923434.7767462229,
        737147.0885113836
    ]
}