{
    "time_duration": 4777.316956000001,
    "total_photons": 183,
    "q1q3_com_distance": 88.48554361091452,
    "moments_of_inertia": [
        1017597.5297806594,
        1679178.0808216683,
        1387663.3116708952
    ]
}