{
    "time_duration": 2748.2724609999987,
    "total_photons": 9,
    "q1q3_com_distance": 488.8854874098841,
    "moments_of_inertia": [
        4732.522351011052,
        530145.3211600998,
        534877.8435111111
    ]
}