{
    "time_duration": 2140.0164489999997,
    "total_photons": 109,
    "q1q3_com_distance": 15.85478713196746,
    "moments_of_inertia": [
        101516.20510930556,
        292056.0397902801,
        278123.394307754
    ]
}