{
    "time_duration": 4165.942871,
    "total_photons": 81,
    "q1q3_com_distance": 598.460608603694,
    "moments_of_inertia": [
        122928.003159808,
        5114355.419073346,
        5078814.001826107
    ]
}