{
    "time_duration": 4219.726074,
    "total_photons": 48,
    "q1q3_com_distance": 499.1655362654144,
    "moments_of_inertia": [
        170982.52576190932,
        2364557.6550144623,
        2405986.598523628
    ]
}