{
    "time_duration": 7045.576782,
    "total_photons": 233,
    "q1q3_com_distance": 575.4841910762462,
    "moments_of_inertia": [
        1634043.3159176372,
        19688615.225463387,
        19368585.731537443
    ]
}