{
    "time_duration": 3692.2998050000006,
    "total_photons": 24,
    "q1q3_com_distance": 297.3351329261683,
    "moments_of_inertia": [
        125230.18538305396,
        671851.3965775623,
        588787.7218227171
    ]
}