{
    "time_duration": 530.3984369999998,
    "total_photons": 12,
    "q1q3_com_distance": 5.673333333333176,
    "moments_of_inertia": [
        265.5403666666661,
        -2.5163450134187396e-54,
        265.5403666666661
    ]
}