{
    "time_duration": 5865.335633000001,
    "total_photons": 39,
    "q1q3_com_distance": 68.37178371960171,
    "moments_of_inertia": [
        207973.33243375184,
        478265.85581999907,
        575286.4711513772
    ]
}