{
    "time_duration": 6080.944335999999,
    "total_photons": 402,
    "q1q3_com_distance": 623.5698299434422,
    "moments_of_inertia": [
        1600755.3114604242,
        32724263.95847886,
        32388748.112902522
    ]
}