{
    "time_duration": 2024.5800780000009,
    "total_photons": 37,
    "q1q3_com_distance": 64.0772205715327,
    "moments_of_inertia": [
        35748.93623251763,
        118127.62614650426,
        127000.741285843
    ]
}