{
    "time_duration": 1190.90625,
    "total_photons": 11,
    "q1q3_com_distance": 85.54036350687848,
    "moments_of_inertia": [
        32579.045777650786,
        26527.37406028591,
        16303.246089336055
    ]
}