{
    "time_duration": 2071.107239,
    "total_photons": 36,
    "q1q3_com_distance": 14.147962816315589,
    "moments_of_inertia": [
        162103.20464578393,
        387308.4912149416,
        373156.97190594114
    ]
}