{
    "time_duration": 4283.8818360000005,
    "total_photons": 180,
    "q1q3_com_distance": 454.23084662251546,
    "moments_of_inertia": [
        443682.31034218427,
        7994157.604953624,
        7946464.399665306
    ]
}