{
    "time_duration": 4575.863281999998,
    "total_photons": 31,
    "q1q3_com_distance": 459.19045948243246,
    "moments_of_inertia": [
        181744.52675272804,
        2018567.6846235772,
        2091830.620662405
    ]
}