{
    "time_duration": 4757.665832,
    "total_photons": 295,
    "q1q3_com_distance": 463.0045346699393,
    "moments_of_inertia": [
        870819.1940754671,
        15373090.564886477,
        15421753.879226543
    ]
}