{
    "time_duration": 2052.881592,
    "total_photons": 39,
    "q1q3_com_distance": 231.21792092526047,
    "moments_of_inertia": [
        127646.82262300124,
        638031.8795888626,
        660338.4462394179
    ]
}