{
    "time_duration": 2610.45285,
    "total_photons": 137,
    "q1q3_com_distance": 121.96948908116289,
    "moments_of_inertia": [
        771266.9375687782,
        2879061.5027585253,
        3055288.7883851063
    ]
}