{
    "time_duration": 5319.073242,
    "total_photons": 520,
    "q1q3_com_distance": 646.1795727206606,
    "moments_of_inertia": [
        1556290.0561169237,
        44769179.36654442,
        44901427.80410058
    ]
}