{
    "time_duration": 2982.6630860000005,
    "total_photons": 11,
    "q1q3_com_distance": 279.3193169315566,
    "moments_of_inertia": [
        71995.46220053476,
        175336.9865370065,
        225166.4667533679
    ]
}