{
    "time_duration": 3262.436279,
    "total_photons": 68,
    "q1q3_com_distance": 500.3693074144558,
    "moments_of_inertia": [
        521974.9996198639,
        4892865.886144382,
        4685065.495009276
    ]
}