{
    "time_duration": 2646.2542730000005,
    "total_photons": 37,
    "q1q3_com_distance": 242.76295680387608,
    "moments_of_inertia": [
        75783.32529853308,
        482295.5767388331,
        461441.30111939093
    ]
}