{
    "time_duration": 5208.977821,
    "total_photons": 4451,
    "q1q3_com_distance": 57.756347827665266,
    "moments_of_inertia": [
        12271288.910114897,
        10304882.140343351,
        10878090.58702988
    ]
}