{
    "time_duration": 5209.18628,
    "total_photons": 175,
    "q1q3_com_distance": 423.621317030939,
    "moments_of_inertia": [
        1475953.4259322546,
        7683811.457671441,
        7941390.004122025
    ]
}