{
    "time_duration": 3829.594605,
    "total_photons": 47,
    "q1q3_com_distance": 47.41817005525274,
    "moments_of_inertia": [
        131881.40477741952,
        346125.05468402716,
        359085.19978110655
    ]
}