{
    "time_duration": 4924.612305,
    "total_photons": 152,
    "q1q3_com_distance": 207.2973172824317,
    "moments_of_inertia": [
        858779.5741203343,
        2742806.9460761817,
        2962114.8061298025
    ]
}