{
    "time_duration": 1369.1772459999993,
    "total_photons": 10,
    "q1q3_com_distance": 149.8826769695405,
    "moments_of_inertia": [
        25016.793874453397,
        81467.75343896053,
        64772.83574658618
    ]
}