{
    "time_duration": 3886.3154900000004,
    "total_photons": 63,
    "q1q3_com_distance": 59.432961939009424,
    "moments_of_inertia": [
        413828.87056522485,
        811535.3970581659,
        853697.5402750219
    ]
}