{
    "time_duration": 5020.780761,
    "total_photons": 131,
    "q1q3_com_distance": 170.0270884530032,
    "moments_of_inertia": [
        1913712.299056063,
        1324087.8914868042,
        1540903.9970785084
    ]
}