{
    "time_duration": 677.5351569999993,
    "total_photons": 8,
    "q1q3_com_distance": 14.58098847815188,
    "moments_of_inertia": [
        4499.741118097132,
        50064.88717456803,
        54564.62765733483
    ]
}