{
    "time_duration": 4725.533447,
    "total_photons": 154,
    "q1q3_com_distance": 145.26219365430086,
    "moments_of_inertia": [
        452938.7899994566,
        2586378.555095363,
        2555975.838616867
    ]
}