{
    "time_duration": 4436.004608,
    "total_photons": 1175,
    "q1q3_com_distance": 142.16000069028559,
    "moments_of_inertia": [
        13613022.19730831,
        39008749.62323825,
        42114834.748928905
    ]
}