{
    "time_duration": 6397.608887,
    "total_photons": 164,
    "q1q3_com_distance": 606.3082431738097,
    "moments_of_inertia": [
        952185.4615398161,
        13675739.286191221,
        13440954.417170158
    ]
}