{
    "time_duration": 1178.615021,
    "total_photons": 20,
    "q1q3_com_distance": 67.67620849308868,
    "moments_of_inertia": [
        54373.95335718575,
        66199.87196178068,
        94935.4151110337
    ]
}