{
    "time_duration": 1601.605469,
    "total_photons": 18,
    "q1q3_com_distance": 64.10494857653323,
    "moments_of_inertia": [
        57088.97689444446,
        20995.27618988323,
        36093.70070456127
    ]
}