{
    "time_duration": 6644.709473,
    "total_photons": 272,
    "q1q3_com_distance": 346.2318706365818,
    "moments_of_inertia": [
        832235.6747229043,
        15762453.697493194,
        15989166.682801554
    ]
}