{
    "time_duration": 2513.9951180000007,
    "total_photons": 7,
    "q1q3_com_distance": 162.1034313332078,
    "moments_of_inertia": [
        25417.400746025553,
        191459.46111913715,
        178655.81756340852
    ]
}