{
    "time_duration": 4761.994751,
    "total_photons": 96,
    "q1q3_com_distance": 429.37885380629433,
    "moments_of_inertia": [
        134604.3148161834,
        4276659.820172854,
        4259421.156535963
    ]
}