{
    "time_duration": 4291.9106440000005,
    "total_photons": 110,
    "q1q3_com_distance": 565.6020260280777,
    "moments_of_inertia": [
        231156.250951507,
        7998466.684160758,
        8011145.044598646
    ]
}