{
    "time_duration": 1637.8125,
    "total_photons": 59,
    "q1q3_com_distance": 234.18772709564053,
    "moments_of_inertia": [
        34869.90732937574,
        691415.2426103217,
        676395.4409755572
    ]
}