{
    "time_duration": 2212.7431640000004,
    "total_photons": 7,
    "q1q3_com_distance": 190.72212253695142,
    "moments_of_inertia": [
        16170.89335625105,
        97990.15556363341,
        111011.49645154408
    ]
}