{
    "time_duration": 4202.806549,
    "total_photons": 648,
    "q1q3_com_distance": 47.729175690654955,
    "moments_of_inertia": [
        2775637.176357655,
        6416046.774416083,
        6806190.685501257
    ]
}