{
    "time_duration": 5223.85498,
    "total_photons": 239,
    "q1q3_com_distance": 88.33024679214462,
    "moments_of_inertia": [
        2240085.669496306,
        2937421.586489,
        4022958.1637335187
    ]
}