{
    "time_duration": 5041.6344149999995,
    "total_photons": 700,
    "q1q3_com_distance": 100.92889965293766,
    "moments_of_inertia": [
        5514497.039168419,
        7580604.803880368,
        9155577.24022636
    ]
}