{
    "time_duration": 2936.6577150000003,
    "total_photons": 69,
    "q1q3_com_distance": 353.6765636539717,
    "moments_of_inertia": [
        252075.21390248975,
        2226367.861330312,
        2167702.1412309674
    ]
}