{
    "time_duration": 3866.608398999999,
    "total_photons": 48,
    "q1q3_com_distance": 471.752204474329,
    "moments_of_inertia": [
        130269.15165309235,
        3314086.225281256,
        3240219.046490652
    ]
}