{
    "time_duration": 5003.821777,
    "total_photons": 102,
    "q1q3_com_distance": 619.2718070192882,
    "moments_of_inertia": [
        877679.033690976,
        8156416.602288805,
        7844969.387857468
    ]
}