{
    "time_duration": 4423.795013,
    "total_photons": 67,
    "q1q3_com_distance": 520.7472791932736,
    "moments_of_inertia": [
        330119.1737814862,
        4098379.71542529,
        4180756.703246956
    ]
}