{
    "time_duration": 1356.9853519999997,
    "total_photons": 20,
    "q1q3_com_distance": 81.77120701078103,
    "moments_of_inertia": [
        36003.78650839883,
        750363.9743483121,
        727307.3216432905
    ]
}