{
    "time_duration": 810.531616,
    "total_photons": 4,
    "q1q3_com_distance": 113.3050559330871,
    "moments_of_inertia": [
        6831.8673464904605,
        13017.251161413116,
        19661.8691920964
    ]
}