{
    "time_duration": 2517.375778,
    "total_photons": 232,
    "q1q3_com_distance": 127.45087421605365,
    "moments_of_inertia": [
        780474.1410673538,
        2843373.5413236753,
        3022419.557155525
    ]
}