{
    "time_duration": 1656.7185059999997,
    "total_photons": 18,
    "q1q3_com_distance": 307.5411914199462,
    "moments_of_inertia": [
        42698.360800072725,
        547969.6046890118,
        555511.1845775825
    ]
}