{
    "time_duration": 2125.7719730000003,
    "total_photons": 62,
    "q1q3_com_distance": 67.0698509309977,
    "moments_of_inertia": [
        269528.7817432517,
        684195.3455511149,
        620932.7806185371
    ]
}