{
    "time_duration": 3007.12024,
    "total_photons": 33,
    "q1q3_com_distance": 64.67981833795989,
    "moments_of_inertia": [
        123492.44646422146,
        429080.13777564524,
        504005.59386922437
    ]
}