{
    "time_duration": 2073.903351,
    "total_photons": 19,
    "q1q3_com_distance": 212.62538439236272,
    "moments_of_inertia": [
        43550.07288031798,
        253538.34152235155,
        273653.36843943584
    ]
}