{
    "time_duration": 1736.1235349999997,
    "total_photons": 14,
    "q1q3_com_distance": 287.6775896077064,
    "moments_of_inertia": [
        13979.33731128645,
        251516.86617323896,
        252166.05408690308
    ]
}