{
    "time_duration": 3016.059693,
    "total_photons": 61,
    "q1q3_com_distance": 62.085532220287746,
    "moments_of_inertia": [
        218427.50103400147,
        437580.9318891551,
        512809.374637499
    ]
}