{
    "time_duration": 4499.456055000001,
    "total_photons": 24,
    "q1q3_com_distance": 407.28217411956,
    "moments_of_inertia": [
        136131.69618895533,
        1380515.398811905,
        1311657.6625241388
    ]
}