{
    "time_duration": 3397.0574800000004,
    "total_photons": 250,
    "q1q3_com_distance": 252.3894964418783,
    "moments_of_inertia": [
        888178.0925063444,
        5464890.779008523,
        5596574.690181129
    ]
}