{
    "time_duration": 4909.124512,
    "total_photons": 400,
    "q1q3_com_distance": 755.398896393435,
    "moments_of_inertia": [
        714792.7685851753,
        44196864.79198238,
        44087886.93789796
    ]
}