{
    "time_duration": 3014.239746,
    "total_photons": 9,
    "q1q3_com_distance": 622.6755908889387,
    "moments_of_inertia": [
        38427.9370338188,
        794671.2971734022,
        810939.2987261132
    ]
}