{
    "time_duration": 3222.297851000001,
    "total_photons": 88,
    "q1q3_com_distance": 268.1768793740153,
    "moments_of_inertia": [
        192493.17085474636,
        2414896.4855549196,
        2439979.443406242
    ]
}