{
    "time_duration": 4057.4320070000003,
    "total_photons": 247,
    "q1q3_com_distance": 601.4751638202837,
    "moments_of_inertia": [
        1581279.3157956041,
        24489924.84163883,
        24853903.47849916
    ]
}