{
    "time_duration": 2588.8940430000002,
    "total_photons": 21,
    "q1q3_com_distance": 63.210915482305495,
    "moments_of_inertia": [
        120059.8320761904,
        108157.13981451221,
        11902.692261678181
    ]
}