{
    "time_duration": 4437.101318,
    "total_photons": 109,
    "q1q3_com_distance": 64.29243149399032,
    "moments_of_inertia": [
        623702.0353886144,
        1191800.2956233453,
        1135200.9981953797
    ]
}