{
    "time_duration": 5533.500427999999,
    "total_photons": 25,
    "q1q3_com_distance": 112.7816348822953,
    "moments_of_inertia": [
        162719.76707106346,
        352840.7100229071,
        303669.5901540295
    ]
}