{
    "time_duration": 1841.0068360000005,
    "total_photons": 23,
    "q1q3_com_distance": 217.41882687696472,
    "moments_of_inertia": [
        39107.65912497119,
        391698.54089903267,
        403145.31223686517
    ]
}