{
    "time_duration": 3219.0104979999996,
    "total_photons": 27,
    "q1q3_com_distance": 181.41775014972413,
    "moments_of_inertia": [
        41608.6788906295,
        308601.89298117434,
        313609.0832541223
    ]
}