{
    "time_duration": 8762.870117000002,
    "total_photons": 280,
    "q1q3_com_distance": 526.4787385288204,
    "moments_of_inertia": [
        687629.4008354843,
        19944709.26317692,
        19698673.220240433
    ]
}