{
    "time_duration": 3183.45224,
    "total_photons": 102,
    "q1q3_com_distance": 306.96800387902545,
    "moments_of_inertia": [
        265342.0737069587,
        2194696.18995149,
        2211219.0847278233
    ]
}