{
    "time_duration": 1929.378631,
    "total_photons": 60,
    "q1q3_com_distance": 116.19324690455178,
    "moments_of_inertia": [
        199624.7387911175,
        460347.6251198575,
        386601.8273956921
    ]
}