{
    "time_duration": 5815.85144,
    "total_photons": 53,
    "q1q3_com_distance": 558.4236714565997,
    "moments_of_inertia": [
        282355.08520185715,
        3682685.930060207,
        3792305.2334096367
    ]
}