{
    "time_duration": 5602.101075,
    "total_photons": 59,
    "q1q3_com_distance": 1017.8781623791936,
    "moments_of_inertia": [
        160437.74857683294,
        10082290.896678438,
        10049676.064432858
    ]
}