{
    "time_duration": 1303.7661129999997,
    "total_photons": 4,
    "q1q3_com_distance": 319.50582889831617,
    "moments_of_inertia": [
        8441.531164132888,
        59253.17416641044,
        66331.14196945674
    ]
}