{
    "time_duration": 4171.016754,
    "total_photons": 261,
    "q1q3_com_distance": 110.39297376961844,
    "moments_of_inertia": [
        1924662.7452066196,
        4750064.913946514,
        5984021.8112346
    ]
}