{
    "time_duration": 1678.1857910000003,
    "total_photons": 16,
    "q1q3_com_distance": 391.7612168225054,
    "moments_of_inertia": [
        27252.148247306934,
        642503.0142669923,
        615251.059510701
    ]
}