{
    "time_duration": 5018.519043,
    "total_photons": 69,
    "q1q3_com_distance": 157.41103098748914,
    "moments_of_inertia": [
        411636.4473084399,
        1064175.709830771,
        1217311.987527457
    ]
}