{
    "time_duration": 2892.192322,
    "total_photons": 689,
    "q1q3_com_distance": 90.23189288540632,
    "moments_of_inertia": [
        2319040.624219512,
        4392231.207088952,
        4140200.6423164946
    ]
}