{
    "time_duration": 3194.4733579999997,
    "total_photons": 170,
    "q1q3_com_distance": 352.66064527847635,
    "moments_of_inertia": [
        723910.6843095673,
        6872071.561372266,
        6965010.193334631
    ]
}