{
    "time_duration": 4320.544433,
    "total_photons": 106,
    "q1q3_com_distance": 247.7404995635665,
    "moments_of_inertia": [
        747973.7887979778,
        1987631.0388736252,
        2380173.068285001
    ]
}