{
    "time_duration": 1887.610321,
    "total_photons": 243,
    "q1q3_com_distance": 56.70498005982414,
    "moments_of_inertia": [
        1451607.1687571963,
        1194634.5766741994,
        989210.385101938
    ]
}