{
    "time_duration": 6611.714386,
    "total_photons": 100,
    "q1q3_com_distance": 870.2993512502237,
    "moments_of_inertia": [
        575826.3401091024,
        15113149.25873401,
        15178550.619144896
    ]
}