{
    "time_duration": 534.716797,
    "total_photons": 8,
    "q1q3_com_distance": 51.059999999999945,
    "moments_of_inertia": [
        6807.489400000028,
        6807.489400000028,
        0.0
    ]
}