{
    "time_duration": 3257.537108999999,
    "total_photons": 37,
    "q1q3_com_distance": 557.5896710508036,
    "moments_of_inertia": [
        99970.86068013217,
        2701934.8678262727,
        2733562.4483044078
    ]
}