{
    "time_duration": 1572.8477480000001,
    "total_photons": 59,
    "q1q3_com_distance": 33.46834066198479,
    "moments_of_inertia": [
        126225.71877213483,
        246456.8890249489,
        272968.1707995259
    ]
}