{
    "time_duration": 3664.016845,
    "total_photons": 413,
    "q1q3_com_distance": 71.41077103450574,
    "moments_of_inertia": [
        1869512.0039801472,
        4168437.8095336924,
        3658854.281677446
    ]
}