{
    "time_duration": 2954.508423,
    "total_photons": 11,
    "q1q3_com_distance": 112.06530878614186,
    "moments_of_inertia": [
        21214.60436133969,
        68378.26165618072,
        85596.80809157046
    ]
}