{
    "time_duration": 5350.837524,
    "total_photons": 181,
    "q1q3_com_distance": 522.5418428855451,
    "moments_of_inertia": [
        716099.9406221993,
        9506018.153643195,
        9717595.789339034
    ]
}