{
    "time_duration": 3470.558594,
    "total_photons": 5,
    "q1q3_com_distance": 290.4432074003454,
    "moments_of_inertia": [
        4997.970909890544,
        105881.4985441098,
        104392.77142599976
    ]
}