{
    "time_duration": 3255.7167959999997,
    "total_photons": 42,
    "q1q3_com_distance": 273.85168745415393,
    "moments_of_inertia": [
        46283.818210260826,
        1042059.9862153925,
        1079355.6948362517
    ]
}