{
    "time_duration": 1452.0410159999992,
    "total_photons": 39,
    "q1q3_com_distance": 109.58743891979589,
    "moments_of_inertia": [
        48457.05427866752,
        196430.03750016377,
        175914.21141091242
    ]
}