{
    "time_duration": 1354.2368160000005,
    "total_photons": 83,
    "q1q3_com_distance": 114.14934618700471,
    "moments_of_inertia": [
        34969.677377444634,
        337974.3694530423,
        351587.1418201151
    ]
}