{
    "time_duration": 7264.739014000001,
    "total_photons": 586,
    "q1q3_com_distance": 500.910926559239,
    "moments_of_inertia": [
        2336691.5672430396,
        37591139.60544222,
        37220367.16220414
    ]
}