{
    "time_duration": 7373.797852,
    "total_photons": 252,
    "q1q3_com_distance": 847.5380392282558,
    "moments_of_inertia": [
        629666.6087615415,
        30324314.92323308,
        30275141.48294509
    ]
}