{
    "time_duration": 3088.7954099999997,
    "total_photons": 56,
    "q1q3_com_distance": 128.53556147730362,
    "moments_of_inertia": [
        212847.7239452463,
        985373.0966298871,
        795283.0647891521
    ]
}