{
    "time_duration": 4026.012818,
    "total_photons": 585,
    "q1q3_com_distance": 94.34917363744692,
    "moments_of_inertia": [
        1882343.4370570253,
        3576951.9995451868,
        3354143.3077895828
    ]
}