{
    "time_duration": 4150.795288,
    "total_photons": 132,
    "q1q3_com_distance": 479.8846477794224,
    "moments_of_inertia": [
        280722.0160817597,
        6696384.653631056,
        6774952.720859922
    ]
}