{
    "time_duration": 1727.4382329999994,
    "total_photons": 8,
    "q1q3_com_distance": 247.05881875577725,
    "moments_of_inertia": [
        9937.221658258262,
        86280.55705235129,
        82623.73726439044
    ]
}