{
    "time_duration": 5206.349013999999,
    "total_photons": 1754,
    "q1q3_com_distance": 57.732998731729836,
    "moments_of_inertia": [
        4255725.646666285,
        21548448.99253036,
        22151496.578759346
    ]
}