{
    "time_duration": 624.0589910000001,
    "total_photons": 7,
    "q1q3_com_distance": 17.019999999999982,
    "moments_of_inertia": [
        3.2311742677852644e-27,
        5793.607999999987,
        5793.607999999987
    ]
}