{
    "time_duration": 1065.2183840000002,
    "total_photons": 5,
    "q1q3_com_distance": 126.60171049397398,
    "moments_of_inertia": [
        3665.342245598302,
        22485.500999999997,
        18820.15875440172
    ]
}