{
    "time_duration": 1633.7282719999998,
    "total_photons": 8,
    "q1q3_com_distance": 107.01218657237105,
    "moments_of_inertia": [
        88966.04888568955,
        55514.595951849755,
        33462.74868746066
    ]
}