{
    "time_duration": 2917.054688,
    "total_photons": 12,
    "q1q3_com_distance": 69.67768349893505,
    "moments_of_inertia": [
        27193.94558333339,
        11577.815967947272,
        15616.12961538611
    ]
}