{
    "time_duration": 3578.556884,
    "total_photons": 88,
    "q1q3_com_distance": 642.0376839677799,
    "moments_of_inertia": [
        176916.37256227154,
        5922499.538877101,
        5967752.039192441
    ]
}