{
    "time_duration": 4693.109985,
    "total_photons": 71,
    "q1q3_com_distance": 451.772665162086,
    "moments_of_inertia": [
        600182.5373270418,
        4246699.788911932,
        4314225.380375107
    ]
}