{
    "time_duration": 4297.656738000001,
    "total_photons": 14,
    "q1q3_com_distance": 919.327453026124,
    "moments_of_inertia": [
        97804.59225114482,
        2234900.951767476,
        2168491.138338521
    ]
}