{
    "time_duration": 2883.512696,
    "total_photons": 56,
    "q1q3_com_distance": 220.64826069899104,
    "moments_of_inertia": [
        1057694.0886233193,
        984273.0376864846,
        215681.18654376638
    ]
}