{
    "time_duration": 4667.427245999999,
    "total_photons": 199,
    "q1q3_com_distance": 410.83934224915697,
    "moments_of_inertia": [
        378287.67456171755,
        7858511.059817228,
        7945744.573365781
    ]
}