{
    "time_duration": 4019.895264,
    "total_photons": 55,
    "q1q3_com_distance": 113.64867979157235,
    "moments_of_inertia": [
        686544.2993151696,
        1143685.234014143,
        1340014.7704961416
    ]
}