{
    "time_duration": 2026.9160150000007,
    "total_photons": 7,
    "q1q3_com_distance": 513.4527756765951,
    "moments_of_inertia": [
        13450.00690868817,
        337561.48332341295,
        346935.61182504194
    ]
}