{
    "time_duration": 2930.761719,
    "total_photons": 32,
    "q1q3_com_distance": 341.528299497732,
    "moments_of_inertia": [
        38574.427038337104,
        876410.2711202839,
        888063.318410128
    ]
}