{
    "time_duration": 4535.94725,
    "total_photons": 115,
    "q1q3_com_distance": 817.4053586911476,
    "moments_of_inertia": [
        262109.41484788246,
        12426927.205137411,
        12339085.525266891
    ]
}