{
    "time_duration": 2940.364807,
    "total_photons": 40,
    "q1q3_com_distance": 144.35444976168887,
    "moments_of_inertia": [
        220815.52167125675,
        653475.6402626322,
        717095.9518611105
    ]
}