{
    "time_duration": 3927.3305659999996,
    "total_photons": 276,
    "q1q3_com_distance": 280.13181420567315,
    "moments_of_inertia": [
        690023.0322632343,
        8396614.540818846,
        8506590.838607047
    ]
}