{
    "time_duration": 4036.026764,
    "total_photons": 314,
    "q1q3_com_distance": 335.55437312321186,
    "moments_of_inertia": [
        1832686.1183573566,
        12441716.389828235,
        12136442.987708025
    ]
}