{
    "time_duration": 2594.061096,
    "total_photons": 51,
    "q1q3_com_distance": 91.58559779932844,
    "moments_of_inertia": [
        823250.4051403194,
        501635.0841495773,
        546193.8421924559
    ]
}