{
    "time_duration": 2383.595703,
    "total_photons": 4,
    "q1q3_com_distance": 671.4324112671355,
    "moments_of_inertia": [
        10058.649876851647,
        229156.21838896585,
        239214.86823418245
    ]
}