{
    "time_duration": 2595.118836,
    "total_photons": 20,
    "q1q3_com_distance": 383.5078907610637,
    "moments_of_inertia": [
        82928.17845929024,
        574517.6578509198,
        543074.0545497899
    ]
}