{
    "time_duration": 903.6479490000002,
    "total_photons": 12,
    "q1q3_com_distance": 171.9588235595953,
    "moments_of_inertia": [
        14946.879520326256,
        83689.12568065038,
        68742.43056569008
    ]
}