{
    "time_duration": 1893.2172849999997,
    "total_photons": 124,
    "q1q3_com_distance": 57.92584113840779,
    "moments_of_inertia": [
        191373.85578650568,
        437134.5162066464,
        396112.938377816
    ]
}