{
    "time_duration": 4315.713867,
    "total_photons": 430,
    "q1q3_com_distance": 122.1400781642656,
    "moments_of_inertia": [
        924218.0289431056,
        4399004.6530949,
        4154365.100063391
    ]
}