{
    "time_duration": 2055.539795,
    "total_photons": 10,
    "q1q3_com_distance": 72.16931619462665,
    "moments_of_inertia": [
        10931.698418555432,
        160765.00359899225,
        164279.9494024522
    ]
}