{
    "time_duration": 6425.610839000001,
    "total_photons": 516,
    "q1q3_com_distance": 468.0885673010682,
    "moments_of_inertia": [
        2577143.5442868993,
        26994640.948792465,
        27404803.848139614
    ]
}