{
    "time_duration": 4023.002686,
    "total_photons": 574,
    "q1q3_com_distance": 325.1909027227005,
    "moments_of_inertia": [
        1847108.3419873118,
        22380707.012694467,
        22645415.535071846
    ]
}