{
    "time_duration": 1433.5217290000005,
    "total_photons": 12,
    "q1q3_com_distance": 146.66186302739612,
    "moments_of_inertia": [
        17461.12144191531,
        58432.95063598602,
        72066.76877209872
    ]
}