{
    "time_duration": 4408.129395,
    "total_photons": 100,
    "q1q3_com_distance": 466.29494187623357,
    "moments_of_inertia": [
        365717.1482058652,
        4725517.558096429,
        4887078.824317706
    ]
}