{
    "time_duration": 2540.9165040000007,
    "total_photons": 43,
    "q1q3_com_distance": 284.03573635741526,
    "moments_of_inertia": [
        144545.52146318322,
        885327.6265108818,
        938551.8038677959
    ]
}