{
    "time_duration": 4097.700561,
    "total_photons": 58,
    "q1q3_com_distance": 241.3300408688854,
    "moments_of_inertia": [
        240442.94939866848,
        1065749.4560212037,
        910738.0610249519
    ]
}