{
    "time_duration": 6023.307617,
    "total_photons": 150,
    "q1q3_com_distance": 445.0900143853375,
    "moments_of_inertia": [
        943702.9608846335,
        8421082.614755379,
        8354495.585709322
    ]
}