{
    "time_duration": 1881.0500190000002,
    "total_photons": 382,
    "q1q3_com_distance": 37.29509601739388,
    "moments_of_inertia": [
        708165.4629272938,
        544323.3654401453,
        251131.28773989243
    ]
}