{
    "time_duration": 3632.5045769999997,
    "total_photons": 135,
    "q1q3_com_distance": 419.4079414612064,
    "moments_of_inertia": [
        232287.8368323436,
        5498193.04984792,
        5581524.4645967735
    ]
}