{
    "time_duration": 5608.774902000001,
    "total_photons": 184,
    "q1q3_com_distance": 669.5913411207077,
    "moments_of_inertia": [
        418582.9485981092,
        14840548.60580194,
        14979656.088216243
    ]
}