{
    "time_duration": 1539.3024910000001,
    "total_photons": 24,
    "q1q3_com_distance": 22.24112344784369,
    "moments_of_inertia": [
        13698.201717590564,
        61875.866624076145,
        75574.06834166673
    ]
}