{
    "time_duration": 6338.584473,
    "total_photons": 238,
    "q1q3_com_distance": 540.7520320509412,
    "moments_of_inertia": [
        1010688.0076474492,
        16254462.94521057,
        16446453.839008365
    ]
}