{
    "time_duration": 4271.84198,
    "total_photons": 59,
    "q1q3_com_distance": 120.83575761246283,
    "moments_of_inertia": [
        459845.18762393575,
        1127528.476537654,
        870106.0441909523
    ]
}