{
    "time_duration": 3756.1554109999997,
    "total_photons": 754,
    "q1q3_com_distance": 48.247082627112455,
    "moments_of_inertia": [
        2739855.967345328,
        6630535.324668304,
        5197807.5036041485
    ]
}