{
    "time_duration": 6085.517578000001,
    "total_photons": 331,
    "q1q3_com_distance": 332.99544587592175,
    "moments_of_inertia": [
        1778673.3379362375,
        10600834.805007268,
        10966596.529947117
    ]
}