{
    "time_duration": 2573.8183599999998,
    "total_photons": 157,
    "q1q3_com_distance": 67.77773655564536,
    "moments_of_inertia": [
        777840.5326279005,
        959071.9105628419,
        1217828.4842462
    ]
}