{
    "time_duration": 1713.628113,
    "total_photons": 25,
    "q1q3_com_distance": 18.342210998360855,
    "moments_of_inertia": [
        65999.61178448953,
        204708.25293445605,
        138708.68769705427
    ]
}