{
    "time_duration": 445.60546799999975,
    "total_photons": 4,
    "q1q3_com_distance": 115.32692183527658,
    "moments_of_inertia": [
        1504.31053060237,
        11034.12564439762,
        12538.436174999992
    ]
}