{
    "time_duration": 5245.76654,
    "total_photons": 273,
    "q1q3_com_distance": 71.73739344099917,
    "moments_of_inertia": [
        2823979.0201423713,
        3298677.642662683,
        4886938.379087985
    ]
}