{
    "time_duration": 1935.0972900000002,
    "total_photons": 17,
    "q1q3_com_distance": 314.3859583966815,
    "moments_of_inertia": [
        48317.77184818755,
        379170.94261164323,
        391263.4883166396
    ]
}