{
    "time_duration": 2549.6622620000003,
    "total_photons": 32,
    "q1q3_com_distance": 80.66009640189178,
    "moments_of_inertia": [
        74893.7174379382,
        109241.05078047226,
        184134.73025658954
    ]
}