{
    "time_duration": 1561.47229,
    "total_photons": 5,
    "q1q3_com_distance": 178.05405478393357,
    "moments_of_inertia": [
        7587.068385706421,
        40401.690959999985,
        32814.622574293506
    ]
}