{
    "time_duration": 1894.0371089999999,
    "total_photons": 32,
    "q1q3_com_distance": 134.1685131478787,
    "moments_of_inertia": [
        148375.63528097997,
        610411.469949574,
        562134.6545569454
    ]
}