{
    "time_duration": 2476.547424,
    "total_photons": 26,
    "q1q3_com_distance": 61.42020795225287,
    "moments_of_inertia": [
        110328.26226688357,
        303096.97616866673,
        215149.13336445
    ]
}