{
    "time_duration": 3882.1528319999998,
    "total_photons": 98,
    "q1q3_com_distance": 146.04852313392306,
    "moments_of_inertia": [
        224599.36159884417,
        1478595.11559786,
        1544236.8289461539
    ]
}