{
    "time_duration": 5203.794357000001,
    "total_photons": 933,
    "q1q3_com_distance": 209.26966666767842,
    "moments_of_inertia": [
        3841255.405427426,
        30975911.529427543,
        30125626.96059114
    ]
}