{
    "time_duration": 1095.849426,
    "total_photons": 36,
    "q1q3_com_distance": 55.29012585700955,
    "moments_of_inertia": [
        26409.959090427248,
        63013.80964937396,
        56708.246760198745
    ]
}