{
    "time_duration": 4787.072509,
    "total_photons": 32,
    "q1q3_com_distance": 605.3481358818455,
    "moments_of_inertia": [
        112053.80106260255,
        3037639.423989307,
        3074538.156879342
    ]
}