{
    "time_duration": 6316.1293940000005,
    "total_photons": 2279,
    "q1q3_com_distance": 97.38216675472756,
    "moments_of_inertia": [
        953497.8284947574,
        35129962.91513921,
        34694962.960116416
    ]
}