{
    "time_duration": 3516.009079,
    "total_photons": 780,
    "q1q3_com_distance": 22.964126972594194,
    "moments_of_inertia": [
        4842369.528942626,
        6184240.82186945,
        7144797.117458179
    ]
}