{
    "time_duration": 6402.427246,
    "total_photons": 135,
    "q1q3_com_distance": 814.8214841329799,
    "moments_of_inertia": [
        333753.80552639253,
        16668325.010163898,
        16782206.646185264
    ]
}