{
    "time_duration": 3699.675933,
    "total_photons": 751,
    "q1q3_com_distance": 25.00325434460176,
    "moments_of_inertia": [
        3110160.5529175033,
        6606678.570146259,
        7359475.506827583
    ]
}