{
    "time_duration": 3542.350708,
    "total_photons": 634,
    "q1q3_com_distance": 256.69568434369484,
    "moments_of_inertia": [
        999981.4374675713,
        15577242.751837173,
        15397648.122195251
    ]
}