{
    "time_duration": 5754.393555,
    "total_photons": 69,
    "q1q3_com_distance": 323.0216224457633,
    "moments_of_inertia": [
        209465.80082461517,
        2070231.3699365675,
        1967221.753024323
    ]
}