{
    "time_duration": 2356.53125,
    "total_photons": 13,
    "q1q3_com_distance": 140.5234839532562,
    "moments_of_inertia": [
        18145.97435679921,
        153105.2641896748,
        158370.11631506446
    ]
}