{
    "time_duration": 2753.6552730000003,
    "total_photons": 62,
    "q1q3_com_distance": 234.1375516431594,
    "moments_of_inertia": [
        92342.187828606,
        1542594.661151969,
        1472274.5553097478
    ]
}