{
    "time_duration": 4393.092774,
    "total_photons": 401,
    "q1q3_com_distance": 329.02996238626383,
    "moments_of_inertia": [
        1509283.127416674,
        19869449.451585066,
        20083626.85016934
    ]
}