{
    "time_duration": 4915.0012209999995,
    "total_photons": 17,
    "q1q3_com_distance": 161.27046713363256,
    "moments_of_inertia": [
        295724.4468369405,
        207308.25449390092,
        215267.6051868057
    ]
}