{
    "time_duration": 3965.3988040000004,
    "total_photons": 638,
    "q1q3_com_distance": 427.6276670726671,
    "moments_of_inertia": [
        1178552.758219835,
        26788280.744931594,
        26811101.464926664
    ]
}