{
    "time_duration": 1668.4033199999994,
    "total_photons": 4,
    "q1q3_com_distance": 502.5811196214995,
    "moments_of_inertia": [
        3926.1004529449274,
        162598.1064472478,
        166501.7897998073
    ]
}