{
    "time_duration": 3381.815185,
    "total_photons": 16,
    "q1q3_com_distance": 589.7005260564467,
    "moments_of_inertia": [
        40805.07717288565,
        1250529.2372150966,
        1261368.1705370168
    ]
}