{
    "time_duration": 4364.434082,
    "total_photons": 26,
    "q1q3_com_distance": 301.15587069333566,
    "moments_of_inertia": [
        119777.61500079848,
        741780.0933216955,
        784514.3841159677
    ]
}