{
    "time_duration": 6173.879334,
    "total_photons": 194,
    "q1q3_com_distance": 1144.6152366441454,
    "moments_of_inertia": [
        914503.8448616117,
        43215099.348242864,
        43367192.075153306
    ]
}