{
    "time_duration": 4504.031921999999,
    "total_photons": 103,
    "q1q3_com_distance": 136.39124562553172,
    "moments_of_inertia": [
        1109797.0714415985,
        1577004.2561048358,
        1362171.3016147313
    ]
}