{
    "time_duration": 4758.141838,
    "total_photons": 555,
    "q1q3_com_distance": 35.54881176084214,
    "moments_of_inertia": [
        493049.7637163091,
        2171769.90367925,
        2290252.343487325
    ]
}