{
    "time_duration": 2189.313843,
    "total_photons": 8,
    "q1q3_com_distance": 246.79999999999973,
    "moments_of_inertia": [
        111209.74394999995,
        0.0,
        111209.74395000002
    ]
}