{
    "time_duration": 2237.2099610000005,
    "total_photons": 28,
    "q1q3_com_distance": 272.4496318588079,
    "moments_of_inertia": [
        52325.44043945405,
        470714.78744157555,
        490905.2026832565
    ]
}