{
    "time_duration": 1549.3876950000013,
    "total_photons": 6,
    "q1q3_com_distance": 313.6562499377304,
    "moments_of_inertia": [
        9988.149350560678,
        151430.168126797,
        152660.53982264223
    ]
}