{
    "time_duration": 4294.308349,
    "total_photons": 20,
    "q1q3_com_distance": 776.9725127004173,
    "moments_of_inertia": [
        73658.96894158004,
        2694827.6761251693,
        2715008.870033249
    ]
}