{
    "time_duration": 1606.0996100000002,
    "total_photons": 5,
    "q1q3_com_distance": 369.56099246267866,
    "moments_of_inertia": [
        6569.8783960050205,
        164431.65288179705,
        170762.53448219804
    ]
}