{
    "time_duration": 2573.550827,
    "total_photons": 633,
    "q1q3_com_distance": 56.38826383362777,
    "moments_of_inertia": [
        958936.0068231347,
        1713030.1038743944,
        1760953.6317328035
    ]
}