{
    "time_duration": 1536.0053709999993,
    "total_photons": 24,
    "q1q3_com_distance": 69.99634174964679,
    "moments_of_inertia": [
        75847.02000872258,
        56666.68441491617,
        42999.46988469469
    ]
}