{
    "time_duration": 3656.3789070000003,
    "total_photons": 14,
    "q1q3_com_distance": 199.78828295535752,
    "moments_of_inertia": [
        142258.80275082728,
        607869.0015460056,
        703352.3737317385
    ]
}