{
    "time_duration": 4641.200194999999,
    "total_photons": 568,
    "q1q3_com_distance": 709.7560845660612,
    "moments_of_inertia": [
        1377241.8128561764,
        63639358.42998917,
        63505560.88812264
    ]
}