{
    "time_duration": 4098.7412110000005,
    "total_photons": 204,
    "q1q3_com_distance": 170.63073795487435,
    "moments_of_inertia": [
        1236405.342302925,
        3391762.816380843,
        3469759.9884593734
    ]
}