{
    "time_duration": 2464.619141,
    "total_photons": 10,
    "q1q3_com_distance": 258.5161364617517,
    "moments_of_inertia": [
        25360.584692841483,
        274527.4295351372,
        261568.75315202127
    ]
}