{
    "time_duration": 2552.9709470000003,
    "total_photons": 28,
    "q1q3_com_distance": 20.248479005614602,
    "moments_of_inertia": [
        102594.3783472405,
        284283.7605966266,
        248526.1002704187
    ]
}