{
    "time_duration": 6766.514893,
    "total_photons": 131,
    "q1q3_com_distance": 594.2839492627505,
    "moments_of_inertia": [
        541378.1163247712,
        8999492.304432815,
        8966106.114515701
    ]
}