{
    "time_duration": 2610.964188,
    "total_photons": 111,
    "q1q3_com_distance": 145.04478343879225,
    "moments_of_inertia": [
        75301.26806119992,
        798275.9003549047,
        744307.3008883998
    ]
}