{
    "time_duration": 4657.697266,
    "total_photons": 24,
    "q1q3_com_distance": 943.6189361251123,
    "moments_of_inertia": [
        235681.5870625563,
        4571300.082975965,
        4756299.739386478
    ]
}