{
    "time_duration": 5080.29126,
    "total_photons": 84,
    "q1q3_com_distance": 559.8592217932866,
    "moments_of_inertia": [
        400117.38307652995,
        5227864.4659808,
        5333590.518130766
    ]
}