{
    "time_duration": 1106.996536,
    "total_photons": 30,
    "q1q3_com_distance": 40.631301318995675,
    "moments_of_inertia": [
        21766.051937729368,
        70017.7648466668,
        48251.71290893742
    ]
}