{
    "time_duration": 4254.582581000001,
    "total_photons": 44,
    "q1q3_com_distance": 86.78209784633924,
    "moments_of_inertia": [
        192438.7779599086,
        555324.5723968921,
        584876.6397295627
    ]
}