{
    "time_duration": 1947.3264320000003,
    "total_photons": 80,
    "q1q3_com_distance": 72.20539171350025,
    "moments_of_inertia": [
        543852.9264848181,
        410235.72313639417,
        364552.36226878664
    ]
}