{
    "time_duration": 2942.515624999999,
    "total_photons": 39,
    "q1q3_com_distance": 533.8530399098613,
    "moments_of_inertia": [
        48483.38624427235,
        1937832.8376601408,
        1941218.485100718
    ]
}