{
    "time_duration": 2395.586273,
    "total_photons": 128,
    "q1q3_com_distance": 71.94724029953302,
    "moments_of_inertia": [
        850679.6494056657,
        488382.3471292324,
        605616.6310135393
    ]
}