{
    "time_duration": 2624.658692,
    "total_photons": 39,
    "q1q3_com_distance": 340.5776934827056,
    "moments_of_inertia": [
        87299.67423765629,
        899512.0027776117,
        870233.385774475
    ]
}