{
    "time_duration": 3187.131561,
    "total_photons": 136,
    "q1q3_com_distance": 95.6881268871045,
    "moments_of_inertia": [
        422986.9681026705,
        1061146.523457388,
        898759.265657588
    ]
}