{
    "time_duration": 3273.5984230000004,
    "total_photons": 560,
    "q1q3_com_distance": 194.80300192629207,
    "moments_of_inertia": [
        355126.83752575517,
        12225302.645466872,
        12290077.235579884
    ]
}