{
    "time_duration": 4922.003906,
    "total_photons": 93,
    "q1q3_com_distance": 516.702520261905,
    "moments_of_inertia": [
        703451.5422020722,
        5520472.299627034,
        5271441.3382870285
    ]
}