{
    "time_duration": 5142.516113000001,
    "total_photons": 78,
    "q1q3_com_distance": 200.28989322292335,
    "moments_of_inertia": [
        501459.3236723447,
        1424659.250765036,
        1630395.1713908236
    ]
}