{
    "time_duration": 1317.199219,
    "total_photons": 5,
    "q1q3_com_distance": 174.17740001217143,
    "moments_of_inertia": [
        8555.263617759912,
        53322.68327108941,
        48738.66943115066
    ]
}