{
    "time_duration": 2473.723632,
    "total_photons": 11,
    "q1q3_com_distance": 374.3526304910326,
    "moments_of_inertia": [
        40462.34268364677,
        465078.0598846239,
        478006.34994082095
    ]
}