{
    "time_duration": 2909.5690910000003,
    "total_photons": 19,
    "q1q3_com_distance": 311.14520395468094,
    "moments_of_inertia": [
        205149.65201726463,
        572330.2504333983,
        553795.0458019683
    ]
}