{
    "time_duration": 3741.377564,
    "total_photons": 2016,
    "q1q3_com_distance": 13.427988566146622,
    "moments_of_inertia": [
        3988568.341072798,
        4705372.523198574,
        4661389.671900265
    ]
}