{
    "time_duration": 1494.1396489999997,
    "total_photons": 13,
    "q1q3_com_distance": 114.40323299081163,
    "moments_of_inertia": [
        69072.55201746454,
        125889.92882716798,
        147087.16952459802
    ]
}