{
    "time_duration": 4121.396119,
    "total_photons": 316,
    "q1q3_com_distance": 339.44953021489806,
    "moments_of_inertia": [
        488518.8004508484,
        8039274.782810844,
        8137469.860960453
    ]
}