{
    "time_duration": 3413.739746,
    "total_photons": 10,
    "q1q3_com_distance": 521.5701673792321,
    "moments_of_inertia": [
        69445.37167833745,
        628740.7905297197,
        683807.657031943
    ]
}