{
    "time_duration": 2357.5625,
    "total_photons": 29,
    "q1q3_com_distance": 555.1449984595057,
    "moments_of_inertia": [
        67126.41993692052,
        1646430.3738390354,
        1663657.6545412869
    ]
}