{
    "time_duration": 6702.642089,
    "total_photons": 287,
    "q1q3_com_distance": 249.32537950094675,
    "moments_of_inertia": [
        1487330.1823919984,
        7819835.594347798,
        7738275.818315252
    ]
}