{
    "time_duration": 765.8620609999998,
    "total_photons": 8,
    "q1q3_com_distance": 17.02500000000009,
    "moments_of_inertia": [
        9850.835750000038,
        9850.835750000038,
        0.0
    ]
}