{
    "time_duration": 3952.0524899999996,
    "total_photons": 33,
    "q1q3_com_distance": 369.94672366439346,
    "moments_of_inertia": [
        90789.04086376308,
        2184414.8561622333,
        2143481.6988285496
    ]
}