{
    "time_duration": 2539.8994140000004,
    "total_photons": 24,
    "q1q3_com_distance": 461.80809048661,
    "moments_of_inertia": [
        106178.4979475612,
        1023948.3246651179,
        993797.1224206549
    ]
}