{
    "time_duration": 3842.785888,
    "total_photons": 59,
    "q1q3_com_distance": 404.8201794915311,
    "moments_of_inertia": [
        348277.72831883654,
        2353586.219576332,
        2434550.84398958
    ]
}