{
    "time_duration": 5088.28833,
    "total_photons": 51,
    "q1q3_com_distance": 101.40461115409666,
    "moments_of_inertia": [
        359842.10199575755,
        789684.9318603564,
        703195.4428262392
    ]
}