{
    "time_duration": 1186.9870760000001,
    "total_photons": 26,
    "q1q3_com_distance": 29.646421059424043,
    "moments_of_inertia": [
        23889.046496355062,
        105066.53636129844,
        95346.29017311569
    ]
}