{
    "time_duration": 1950.5245059999997,
    "total_photons": 8,
    "q1q3_com_distance": 365.94500000000016,
    "moments_of_inertia": [
        13103.155861659383,
        237288.69067499996,
        224185.53481334052
    ]
}