{
    "time_duration": 4401.883789,
    "total_photons": 27,
    "q1q3_com_distance": 405.43703352691165,
    "moments_of_inertia": [
        99519.32166737854,
        1525692.5021729642,
        1585953.22795225
    ]
}