{
    "time_duration": 3374.0566400000007,
    "total_photons": 22,
    "q1q3_com_distance": 591.8210859030326,
    "moments_of_inertia": [
        38855.36898405524,
        1620066.1321749333,
        1604091.0687501007
    ]
}