{
    "time_duration": 4386.184158,
    "total_photons": 693,
    "q1q3_com_distance": 378.54407265184165,
    "moments_of_inertia": [
        1136197.038460303,
        18160835.278805885,
        17958689.47764407
    ]
}