{
    "time_duration": 3135.162109,
    "total_photons": 47,
    "q1q3_com_distance": 290.10180451102946,
    "moments_of_inertia": [
        143847.4045236162,
        1387606.2485150932,
        1434060.085863417
    ]
}