{
    "time_duration": 756.7634280000002,
    "total_photons": 10,
    "q1q3_com_distance": 11.346666666666579,
    "moments_of_inertia": [
        5911.114290000032,
        5911.114290000032,
        4.547473508864641e-13
    ]
}