{
    "time_duration": 5692.252014,
    "total_photons": 233,
    "q1q3_com_distance": 651.1455350827725,
    "moments_of_inertia": [
        763654.3301396146,
        20528533.563610107,
        20807800.99939707
    ]
}