{
    "time_duration": 3296.204346,
    "total_photons": 217,
    "q1q3_com_distance": 130.24676374168396,
    "moments_of_inertia": [
        920859.6061747493,
        2432618.6141186524,
        2808684.6466135103
    ]
}