{
    "time_duration": 2474.2617180000016,
    "total_photons": 53,
    "q1q3_com_distance": 236.824680567509,
    "moments_of_inertia": [
        83513.2676048004,
        1189338.532423816,
        1161903.1039713826
    ]
}