{
    "time_duration": 3029.447998,
    "total_photons": 5,
    "q1q3_com_distance": 269.2070226145669,
    "moments_of_inertia": [
        11084.607072283674,
        82728.83294365821,
        93178.45014405814
    ]
}