{
    "time_duration": 2037.4997560000002,
    "total_photons": 45,
    "q1q3_com_distance": 255.54093935630752,
    "moments_of_inertia": [
        106715.16482683888,
        813458.2963852398,
        838247.1203879218
    ]
}