{
    "time_duration": 7019.3569339999995,
    "total_photons": 168,
    "q1q3_com_distance": 293.13649407225404,
    "moments_of_inertia": [
        516830.09713836806,
        4044352.8573058234,
        3957228.9748308007
    ]
}