{
    "time_duration": 1498.7844240000004,
    "total_photons": 5,
    "q1q3_com_distance": 310.1502283168594,
    "moments_of_inertia": [
        7556.082324612435,
        111631.8653704734,
        104078.81422491417
    ]
}