{
    "time_duration": 3780.4381099999996,
    "total_photons": 44,
    "q1q3_com_distance": 314.7921753270043,
    "moments_of_inertia": [
        62043.72276082402,
        2047117.0997909412,
        2026550.9620573248
    ]
}