{
    "time_duration": 4858.343885,
    "total_photons": 341,
    "q1q3_com_distance": 235.0768456502483,
    "moments_of_inertia": [
        588058.2688119095,
        7678504.053680483,
        7943515.6245257845
    ]
}