{
    "time_duration": 3720.514344,
    "total_photons": 48,
    "q1q3_com_distance": 307.9763992468506,
    "moments_of_inertia": [
        45971.17767914012,
        1612235.6463979185,
        1593268.578364609
    ]
}