{
    "time_duration": 3403.7323610000003,
    "total_photons": 25,
    "q1q3_com_distance": 20.135643210345457,
    "moments_of_inertia": [
        68366.73094622084,
        129315.68907728401,
        102635.09354449503
    ]
}