{
    "time_duration": 2514.291748,
    "total_photons": 23,
    "q1q3_com_distance": 95.77754117977999,
    "moments_of_inertia": [
        153464.3118579946,
        283873.8942079755,
        321017.4790296823
    ]
}