{
    "time_duration": 3920.029541,
    "total_photons": 91,
    "q1q3_com_distance": 416.08756932874803,
    "moments_of_inertia": [
        638827.089876621,
        4128932.7510035736,
        4377019.599387947
    ]
}