{
    "time_duration": 3209.9973139999997,
    "total_photons": 236,
    "q1q3_com_distance": 208.61473135349334,
    "moments_of_inertia": [
        778470.2213218417,
        4266776.760561805,
        4407750.668937543
    ]
}