{
    "time_duration": 1952.517577999999,
    "total_photons": 14,
    "q1q3_com_distance": 103.15834891078867,
    "moments_of_inertia": [
        80162.29794285713,
        23445.35520136333,
        56716.94274149384
    ]
}