{
    "time_duration": 1675.776245,
    "total_photons": 15,
    "q1q3_com_distance": 92.09936987433727,
    "moments_of_inertia": [
        17100.039845804014,
        90085.87259052212,
        95503.95111034052
    ]
}