{
    "time_duration": 1805.0510860000002,
    "total_photons": 24,
    "q1q3_com_distance": 118.45824000465325,
    "moments_of_inertia": [
        129937.39073514499,
        72614.43868219243,
        96743.76851599602
    ]
}