{
    "time_duration": 2390.4807130000004,
    "total_photons": 6,
    "q1q3_com_distance": 72.83713372998676,
    "moments_of_inertia": [
        12156.071868799627,
        111934.53958793936,
        121936.42507659437
    ]
}