{
    "time_duration": 3300.3632820000003,
    "total_photons": 64,
    "q1q3_com_distance": 441.70178160634447,
    "moments_of_inertia": [
        151236.7415319495,
        2483044.206222439,
        2416910.8427612344
    ]
}