{
    "time_duration": 7366.069092000002,
    "total_photons": 790,
    "q1q3_com_distance": 236.21940128421846,
    "moments_of_inertia": [
        8647194.759447142,
        39753847.652095065,
        37121933.43597173
    ]
}