{
    "time_duration": 3683.681579,
    "total_photons": 1592,
    "q1q3_com_distance": 92.17822366318566,
    "moments_of_inertia": [
        1461458.4124627262,
        21130434.6075341,
        20292271.01224513
    ]
}