{
    "time_duration": 4433.290588,
    "total_photons": 28,
    "q1q3_com_distance": 295.8335925234086,
    "moments_of_inertia": [
        379275.0163862795,
        1159094.8569375281,
        1358010.2714404776
    ]
}