{
    "time_duration": 5810.3818360000005,
    "total_photons": 138,
    "q1q3_com_distance": 564.7791778520024,
    "moments_of_inertia": [
        843847.7424725872,
        10459735.994690148,
        10744315.892127119
    ]
}