{
    "time_duration": 5061.893554999999,
    "total_photons": 251,
    "q1q3_com_distance": 470.94084476144747,
    "moments_of_inertia": [
        461058.201284606,
        12521858.58758727,
        12481549.387689073
    ]
}