{
    "time_duration": 1310.2073970000001,
    "total_photons": 5,
    "q1q3_com_distance": 17.019999999999982,
    "moments_of_inertia": [
        12024.436588066019,
        61061.653531934084,
        73086.09012000002
    ]
}