{
    "time_duration": 2265.4310299999997,
    "total_photons": 21,
    "q1q3_com_distance": 317.7409809273377,
    "moments_of_inertia": [
        25102.68691125163,
        489876.1976755647,
        514978.88438461174
    ]
}