{
    "time_duration": 2509.1215819999998,
    "total_photons": 71,
    "q1q3_com_distance": 288.6652031493566,
    "moments_of_inertia": [
        202910.31481618737,
        1282726.9007004434,
        1354218.8279763274
    ]
}