{
    "time_duration": 4656.817139000001,
    "total_photons": 187,
    "q1q3_com_distance": 383.7377131356404,
    "moments_of_inertia": [
        618107.1663997034,
        6261325.205922335,
        6379166.51815069
    ]
}