{
    "time_duration": 3748.7531280000003,
    "total_photons": 396,
    "q1q3_com_distance": 423.73079246665566,
    "moments_of_inertia": [
        2155617.0119574293,
        21407108.80438974,
        21015631.724563446
    ]
}