{
    "time_duration": 3177.1995850000003,
    "total_photons": 190,
    "q1q3_com_distance": 176.40889692680022,
    "moments_of_inertia": [
        1316176.7163276477,
        3732815.7742813765,
        3595753.703379397
    ]
}