{
    "time_duration": 6111.140625000001,
    "total_photons": 324,
    "q1q3_com_distance": 653.3089395871757,
    "moments_of_inertia": [
        1099371.445547022,
        23953120.24490825,
        24166382.626992263
    ]
}