{
    "time_duration": 4075.3470460000003,
    "total_photons": 52,
    "q1q3_com_distance": 73.58449028600327,
    "moments_of_inertia": [
        295085.0780667261,
        915957.5341978273,
        834160.3242392924
    ]
}