{
    "time_duration": 2311.780335,
    "total_photons": 7,
    "q1q3_com_distance": 116.78637645290645,
    "moments_of_inertia": [
        28590.28824247938,
        78223.61456098306,
        59933.39611082319
    ]
}