{
    "time_duration": 2963.84375,
    "total_photons": 46,
    "q1q3_com_distance": 433.495764058024,
    "moments_of_inertia": [
        117348.47265668679,
        1983026.2987152238,
        2008932.7099715678
    ]
}