{
    "time_duration": 7114.9937740000005,
    "total_photons": 230,
    "q1q3_com_distance": 957.7917721093463,
    "moments_of_inertia": [
        723593.064568527,
        33346660.81121468,
        33534310.383408103
    ]
}