{
    "time_duration": 6270.188537,
    "total_photons": 293,
    "q1q3_com_distance": 240.50697859205437,
    "moments_of_inertia": [
        2546777.695757103,
        7876171.1657864135,
        8933337.05470494
    ]
}