{
    "time_duration": 4141.940552,
    "total_photons": 74,
    "q1q3_com_distance": 182.29168243668053,
    "moments_of_inertia": [
        325222.49276821804,
        1844007.6560005927,
        1792430.8732365936
    ]
}