{
    "time_duration": 5628.898865,
    "total_photons": 456,
    "q1q3_com_distance": 541.3165152581794,
    "moments_of_inertia": [
        3279240.1286693215,
        31874172.76283968,
        32734221.62290983
    ]
}