{
    "time_duration": 5041.191406000001,
    "total_photons": 259,
    "q1q3_com_distance": 292.4792510136258,
    "moments_of_inertia": [
        1482833.968363759,
        7530822.686036548,
        7994610.272004329
    ]
}