{
    "time_duration": 3020.8203120000016,
    "total_photons": 68,
    "q1q3_com_distance": 591.415038765964,
    "moments_of_inertia": [
        153265.059834335,
        4698876.700134113,
        4759435.174746259
    ]
}