{
    "time_duration": 3806.238037,
    "total_photons": 38,
    "q1q3_com_distance": 199.28397341733222,
    "moments_of_inertia": [
        386731.75476480456,
        624030.1199762375,
        780879.6608694848
    ]
}