{
    "time_duration": 2491.398819,
    "total_photons": 493,
    "q1q3_com_distance": 89.67767061562918,
    "moments_of_inertia": [
        818786.8340626401,
        3859541.059886336,
        4076318.3406270863
    ]
}